#pragma once

inline static const unsigned char FSRDFloorSeed_cso[] = {
    0x44, 0x58, 0x42, 0x43, 0xf3, 0xdc, 0x81, 0xa8, 0x2d, 0x6e, 0xac, 0x16, 
    0x4e, 0x77, 0x4c, 0xc1, 0xd6, 0x20, 0x81, 0x5b, 0x01, 0x00, 0x00, 0x00, 
    0x98, 0x76, 0x00, 0x00, 0x06, 0x00, 0x00, 0x00, 0x38, 0x00, 0x00, 0x00, 
    0xa0, 0x03, 0x00, 0x00, 0xb0, 0x03, 0x00, 0x00, 0xc0, 0x03, 0x00, 0x00, 
    0x38, 0x75, 0x00, 0x00, 0xd4, 0x75, 0x00, 0x00, 0x52, 0x44, 0x45, 0x46, 
    0x60, 0x03, 0x00, 0x00, 0x01, 0x00, 0x00, 0x00, 0x40, 0x01, 0x00, 0x00, 
    0x06, 0x00, 0x00, 0x00, 0x3c, 0x00, 0x00, 0x00, 0x00, 0x05, 0x53, 0x43, 
    0x00, 0x01, 0x00, 0x00, 0x35, 0x03, 0x00, 0x00, 0x52, 0x44, 0x31, 0x31, 
    0x3c, 0x00, 0x00, 0x00, 0x18, 0x00, 0x00, 0x00, 0x20, 0x00, 0x00, 0x00, 
    0x28, 0x00, 0x00, 0x00, 0x24, 0x00, 0x00, 0x00, 0x0c, 0x00, 0x00, 0x00, 
    0x00, 0x00, 0x00, 0x00, 0xfc, 0x00, 0x00, 0x00, 0x02, 0x00, 0x00, 0x00, 
    0x05, 0x00, 0x00, 0x00, 0x04, 0x00, 0x00, 0x00, 0xff, 0xff, 0xff, 0xff, 
    0x00, 0x00, 0x00, 0x00, 0x01, 0x00, 0x00, 0x00, 0x0d, 0x00, 0x00, 0x00, 
    0x04, 0x01, 0x00, 0x00, 0x02, 0x00, 0x00, 0x00, 0x05, 0x00, 0x00, 0x00, 
    0x04, 0x00, 0x00, 0x00, 0xff, 0xff, 0xff, 0xff, 0x02, 0x00, 0x00, 0x00, 
    0x01, 0x00, 0x00, 0x00, 0x01, 0x00, 0x00, 0x00, 0x0c, 0x01, 0x00, 0x00, 
    0x04, 0x00, 0x00, 0x00, 0x05, 0x00, 0x00, 0x00, 0x04, 0x00, 0x00, 0x00, 
    0xff, 0xff, 0xff, 0xff, 0x00, 0x00, 0x00, 0x00, 0x01, 0x00, 0x00, 0x00, 
    0x0d, 0x00, 0x00, 0x00, 0x15, 0x01, 0x00, 0x00, 0x04, 0x00, 0x00, 0x00, 
    0x05, 0x00, 0x00, 0x00, 0x04, 0x00, 0x00, 0x00, 0xff, 0xff, 0xff, 0xff, 
    0x01, 0x00, 0x00, 0x00, 0x01, 0x00, 0x00, 0x00, 0x01, 0x00, 0x00, 0x00, 
    0x24, 0x01, 0x00, 0x00, 0x04, 0x00, 0x00, 0x00, 0x05, 0x00, 0x00, 0x00, 
    0x04, 0x00, 0x00, 0x00, 0xff, 0xff, 0xff, 0xff, 0x02, 0x00, 0x00, 0x00, 
    0x01, 0x00, 0x00, 0x00, 0x05, 0x00, 0x00, 0x00, 0x35, 0x01, 0x00, 0x00, 
    0x00, 0x00, 0x00, 0x00, 0x00, 0x00, 0x00, 0x00, 0x00, 0x00, 0x00, 0x00, 
    0x00, 0x00, 0x00, 0x00, 0x00, 0x00, 0x00, 0x00, 0x01, 0x00, 0x00, 0x00, 
    0x01, 0x00, 0x00, 0x00, 0x49, 0x6e, 0x43, 0x6f, 0x6c, 0x6f, 0x72, 0x00, 
    0x49, 0x6e, 0x44, 0x65, 0x70, 0x74, 0x68, 0x00, 0x4f, 0x75, 0x74, 0x43, 
    0x6f, 0x6c, 0x6f, 0x72, 0x00, 0x4f, 0x75, 0x74, 0x4c, 0x69, 0x6e, 0x65, 
    0x61, 0x72, 0x44, 0x65, 0x70, 0x74, 0x68, 0x00, 0x4f, 0x75, 0x74, 0x44, 
    0x65, 0x70, 0x74, 0x68, 0x47, 0x72, 0x61, 0x64, 0x69, 0x65, 0x6e, 0x74, 
    0x00, 0x43, 0x42, 0x5f, 0x4d, 0x65, 0x64, 0x69, 0x61, 0x6e, 0x00, 0xab, 
    0x35, 0x01, 0x00, 0x00, 0x06, 0x00, 0x00, 0x00, 0x58, 0x01, 0x00, 0x00, 
    0x60, 0x00, 0x00, 0x00, 0x00, 0x00, 0x00, 0x00, 0x00, 0x00, 0x00, 0x00, 
    0x48, 0x02, 0x00, 0x00, 0x00, 0x00, 0x00, 0x00, 0x40, 0x00, 0x00, 0x00, 
    0x02, 0x00, 0x00, 0x00, 0x60, 0x02, 0x00, 0x00, 0x00, 0x00, 0x00, 0x00, 
    0xff, 0xff, 0xff, 0xff, 0x00, 0x00, 0x00, 0x00, 0xff, 0xff, 0xff, 0xff, 
    0x00, 0x00, 0x00, 0x00, 0x84, 0x02, 0x00, 0x00, 0x40, 0x00, 0x00, 0x00, 
    0x10, 0x00, 0x00, 0x00, 0x02, 0x00, 0x00, 0x00, 0x98, 0x02, 0x00, 0x00, 
    0x00, 0x00, 0x00, 0x00, 0xff, 0xff, 0xff, 0xff, 0x00, 0x00, 0x00, 0x00, 
    0xff, 0xff, 0xff, 0xff, 0x00, 0x00, 0x00, 0x00, 0xbc, 0x02, 0x00, 0x00, 
    0x50, 0x00, 0x00, 0x00, 0x04, 0x00, 0x00, 0x00, 0x02, 0x00, 0x00, 0x00, 
    0xcc, 0x02, 0x00, 0x00, 0x00, 0x00, 0x00, 0x00, 0xff, 0xff, 0xff, 0xff, 
    0x00, 0x00, 0x00, 0x00, 0xff, 0xff, 0xff, 0xff, 0x00, 0x00, 0x00, 0x00, 
    0xf0, 0x02, 0x00, 0x00, 0x54, 0x00, 0x00, 0x00, 0x04, 0x00, 0x00, 0x00, 
    0x02, 0x00, 0x00, 0x00, 0xcc, 0x02, 0x00, 0x00, 0x00, 0x00, 0x00, 0x00, 
    0xff, 0xff, 0xff, 0xff, 0x00, 0x00, 0x00, 0x00, 0xff, 0xff, 0xff, 0xff, 
    0x00, 0x00, 0x00, 0x00, 0xf9, 0x02, 0x00, 0x00, 0x58, 0x00, 0x00, 0x00, 
    0x04, 0x00, 0x00, 0x00, 0x02, 0x00, 0x00, 0x00, 0x08, 0x03, 0x00, 0x00, 
    0x00, 0x00, 0x00, 0x00, 0xff, 0xff, 0xff, 0xff, 0x00, 0x00, 0x00, 0x00, 
    0xff, 0xff, 0xff, 0xff, 0x00, 0x00, 0x00, 0x00, 0x2c, 0x03, 0x00, 0x00, 
    0x5c, 0x00, 0x00, 0x00, 0x04, 0x00, 0x00, 0x00, 0x00, 0x00, 0x00, 0x00, 
    0xcc, 0x02, 0x00, 0x00, 0x00, 0x00, 0x00, 0x00, 0xff, 0xff, 0xff, 0xff, 
    0x00, 0x00, 0x00, 0x00, 0xff, 0xff, 0xff, 0xff, 0x00, 0x00, 0x00, 0x00, 
    0x49, 0x6e, 0x76, 0x50, 0x72, 0x6f, 0x6a, 0x4d, 0x61, 0x74, 0x72, 0x69, 
    0x78, 0x00, 0x66, 0x6c, 0x6f, 0x61, 0x74, 0x34, 0x78, 0x34, 0x00, 0xab, 
    0x03, 0x00, 0x03, 0x00, 0x04, 0x00, 0x04, 0x00, 0x00, 0x00, 0x00, 0x00, 
    0x00, 0x00, 0x00, 0x00, 0x00, 0x00, 0x00, 0x00, 0x00, 0x00, 0x00, 0x00, 
    0x00, 0x00, 0x00, 0x00, 0x00, 0x00, 0x00, 0x00, 0x56, 0x02, 0x00, 0x00, 
    0x52, 0x65, 0x6e, 0x64, 0x65, 0x72, 0x53, 0x69, 0x7a, 0x65, 0x00, 0x66, 
    0x6c, 0x6f, 0x61, 0x74, 0x34, 0x00, 0xab, 0xab, 0x01, 0x00, 0x03, 0x00, 
    0x01, 0x00, 0x04, 0x00, 0x00, 0x00, 0x00, 0x00, 0x00, 0x00, 0x00, 0x00, 
    0x00, 0x00, 0x00, 0x00, 0x00, 0x00, 0x00, 0x00, 0x00, 0x00, 0x00, 0x00, 
    0x00, 0x00, 0x00, 0x00, 0x8f, 0x02, 0x00, 0x00, 0x4e, 0x65, 0x61, 0x72, 
    0x50, 0x6c, 0x61, 0x6e, 0x65, 0x00, 0x66, 0x6c, 0x6f, 0x61, 0x74, 0x00, 
    0x00, 0x00, 0x03, 0x00, 0x01, 0x00, 0x01, 0x00, 0x00, 0x00, 0x00, 0x00, 
    0x00, 0x00, 0x00, 0x00, 0x00, 0x00, 0x00, 0x00, 0x00, 0x00, 0x00, 0x00, 
    0x00, 0x00, 0x00, 0x00, 0x00, 0x00, 0x00, 0x00, 0xc6, 0x02, 0x00, 0x00, 
    0x46, 0x61, 0x72, 0x50, 0x6c, 0x61, 0x6e, 0x65, 0x00, 0x46, 0x6c, 0x61, 
    0x67, 0x73, 0x00, 0x64, 0x77, 0x6f, 0x72, 0x64, 0x00, 0xab, 0xab, 0xab, 
    0x00, 0x00, 0x13, 0x00, 0x01, 0x00, 0x01, 0x00, 0x00, 0x00, 0x00, 0x00, 
    0x00, 0x00, 0x00, 0x00, 0x00, 0x00, 0x00, 0x00, 0x00, 0x00, 0x00, 0x00, 
    0x00, 0x00, 0x00, 0x00, 0x00, 0x00, 0x00, 0x00, 0xff, 0x02, 0x00, 0x00, 
    0x5f, 0x50, 0x61, 0x64, 0x64, 0x69, 0x6e, 0x67, 0x00, 0x4d, 0x69, 0x63, 
    0x72, 0x6f, 0x73, 0x6f, 0x66, 0x74, 0x20, 0x28, 0x52, 0x29, 0x20, 0x48, 
    0x4c, 0x53, 0x4c, 0x20, 0x53, 0x68, 0x61, 0x64, 0x65, 0x72, 0x20, 0x43, 
    0x6f, 0x6d, 0x70, 0x69, 0x6c, 0x65, 0x72, 0x20, 0x31, 0x30, 0x2e, 0x31, 
    0x00, 0xab, 0xab, 0xab, 0x49, 0x53, 0x47, 0x4e, 0x08, 0x00, 0x00, 0x00, 
    0x00, 0x00, 0x00, 0x00, 0x08, 0x00, 0x00, 0x00, 0x4f, 0x53, 0x47, 0x4e, 
    0x08, 0x00, 0x00, 0x00, 0x00, 0x00, 0x00, 0x00, 0x08, 0x00, 0x00, 0x00, 
    0x53, 0x48, 0x45, 0x58, 0x70, 0x71, 0x00, 0x00, 0x50, 0x00, 0x05, 0x00, 
    0x5c, 0x1c, 0x00, 0x00, 0x6a, 0x08, 0x00, 0x01, 0x59, 0x00, 0x00, 0x04, 
    0x46, 0x8e, 0x20, 0x00, 0x00, 0x00, 0x00, 0x00, 0x06, 0x00, 0x00, 0x00, 
    0x58, 0x18, 0x00, 0x04, 0x00, 0x70, 0x10, 0x00, 0x00, 0x00, 0x00, 0x00, 
    0x55, 0x55, 0x00, 0x00, 0x58, 0x18, 0x00, 0x04, 0x00, 0x70, 0x10, 0x00, 
    0x02, 0x00, 0x00, 0x00, 0x55, 0x55, 0x00, 0x00, 0x9c, 0x18, 0x00, 0x04, 
    0x00, 0xe0, 0x11, 0x00, 0x00, 0x00, 0x00, 0x00, 0x55, 0x55, 0x00, 0x00, 
    0x9c, 0x18, 0x00, 0x04, 0x00, 0xe0, 0x11, 0x00, 0x01, 0x00, 0x00, 0x00, 
    0x55, 0x55, 0x00, 0x00, 0x9c, 0x18, 0x00, 0x04, 0x00, 0xe0, 0x11, 0x00, 
    0x02, 0x00, 0x00, 0x00, 0x55, 0x55, 0x00, 0x00, 0x5f, 0x00, 0x00, 0x02, 
    0x32, 0x10, 0x02, 0x00, 0x5f, 0x00, 0x00, 0x02, 0x32, 0x20, 0x02, 0x00, 
    0x68, 0x00, 0x00, 0x02, 0x1f, 0x00, 0x00, 0x00, 0x69, 0x00, 0x00, 0x04, 
    0x00, 0x00, 0x00, 0x00, 0x19, 0x00, 0x00, 0x00, 0x04, 0x00, 0x00, 0x00, 
    0xa0, 0x00, 0x00, 0x05, 0x00, 0xf0, 0x11, 0x00, 0x00, 0x00, 0x00, 0x00, 
    0xc0, 0x00, 0x00, 0x00, 0x0c, 0x00, 0x00, 0x00, 0xa0, 0x00, 0x00, 0x05, 
    0x00, 0xf0, 0x11, 0x00, 0x01, 0x00, 0x00, 0x00, 0x28, 0x00, 0x00, 0x00, 
    0x0a, 0x00, 0x00, 0x00, 0x9b, 0x00, 0x00, 0x04, 0x08, 0x00, 0x00, 0x00, 
    0x08, 0x00, 0x00, 0x00, 0x01, 0x00, 0x00, 0x00, 0x29, 0x00, 0x00, 0x09, 
    0xf2, 0x00, 0x10, 0x00, 0x00, 0x00, 0x00, 0x00, 0x46, 0x14, 0x02, 0x00, 
    0x02, 0x40, 0x00, 0x00, 0x03, 0x00, 0x00, 0x00, 0x03, 0x00, 0x00, 0x00, 
    0x03, 0x00, 0x00, 0x00, 0x03, 0x00, 0x00, 0x00, 0x23, 0x00, 0x00, 0x0a, 
    0xf2, 0x00, 0x10, 0x00, 0x01, 0x00, 0x00, 0x00, 0x46, 0x15, 0x02, 0x00, 
    0x02, 0x40, 0x00, 0x00, 0x08, 0x00, 0x00, 0x00, 0x08, 0x00, 0x00, 0x00, 
    0x08, 0x00, 0x00, 0x00, 0x08, 0x00, 0x00, 0x00, 0x46, 0x25, 0x02, 0x00, 
    0x23, 0x00, 0x00, 0x07, 0x12, 0x00, 0x10, 0x00, 0x02, 0x00, 0x00, 0x00, 
    0x1a, 0x20, 0x02, 0x00, 0x01, 0x40, 0x00, 0x00, 0x08, 0x00, 0x00, 0x00, 
    0x0a, 0x20, 0x02, 0x00, 0x1b, 0x00, 0x00, 0x06, 0x62, 0x00, 0x10, 0x00, 
    0x02, 0x00, 0x00, 0x00, 0x06, 0x81, 0x20, 0x00, 0x00, 0x00, 0x00, 0x00, 
    0x04, 0x00, 0x00, 0x00, 0x1e, 0x00, 0x00, 0x0a, 0x62, 0x00, 0x10, 0x00, 
    0x02, 0x00, 0x00, 0x00, 0x56, 0x06, 0x10, 0x00, 0x02, 0x00, 0x00, 0x00, 
    0x02, 0x40, 0x00, 0x00, 0x00, 0x00, 0x00, 0x00, 0xff, 0xff, 0xff, 0xff, 
    0xff, 0xff, 0xff, 0xff, 0x00, 0x00, 0x00, 0x00, 0x1e, 0x00, 0x00, 0x0a, 
    0xf2, 0x00, 0x10, 0x00, 0x00, 0x00, 0x00, 0x00, 0x46, 0x0e, 0x10, 0x00, 
    0x00, 0x00, 0x00, 0x00, 0x02, 0x40, 0x00, 0x00, 0xfe, 0xff, 0xff, 0xff, 
    0xfe, 0xff, 0xff, 0xff, 0xff, 0xff, 0xff, 0xff, 0xff, 0xff, 0xff, 0xff, 
    0x4e, 0x00, 0x00, 0x09, 0x12, 0x00, 0x10, 0x00, 0x03, 0x00, 0x00, 0x00, 
    0x12, 0x00, 0x10, 0x00, 0x04, 0x00, 0x00, 0x00, 0x0a, 0x00, 0x10, 0x00, 
    0x02, 0x00, 0x00, 0x00, 0x01, 0x40, 0x00, 0x00, 0x0c, 0x00, 0x00, 0x00, 
    0x36, 0x00, 0x00, 0x05, 0x22, 0x00, 0x10, 0x00, 0x04, 0x00, 0x00, 0x00, 
    0x0a, 0x00, 0x10, 0x00, 0x03, 0x00, 0x00, 0x00, 0x1e, 0x00, 0x00, 0x07, 
    0x62, 0x00, 0x10, 0x00, 0x03, 0x00, 0x00, 0x00, 0x06, 0x01, 0x10, 0x00, 
    0x00, 0x00, 0x00, 0x00, 0x06, 0x01, 0x10, 0x00, 0x04, 0x00, 0x00, 0x00, 
    0x24, 0x00, 0x00, 0x0a, 0x62, 0x00, 0x10, 0x00, 0x03, 0x00, 0x00, 0x00, 
    0x56, 0x06, 0x10, 0x00, 0x03, 0x00, 0x00, 0x00, 0x02, 0x40, 0x00, 0x00, 
    0x00, 0x00, 0x00, 0x00, 0x00, 0x00, 0x00, 0x00, 0x00, 0x00, 0x00, 0x00, 
    0x00, 0x00, 0x00, 0x00, 0x25, 0x00, 0x00, 0x07, 0x32, 0x00, 0x10, 0x00, 
    0x05, 0x00, 0x00, 0x00, 0x96, 0x05, 0x10, 0x00, 0x02, 0x00, 0x00, 0x00, 
    0x96, 0x05, 0x10, 0x00, 0x03, 0x00, 0x00, 0x00, 0x36, 0x00, 0x00, 0x08, 
    0xc2, 0x00, 0x10, 0x00, 0x05, 0x00, 0x00, 0x00, 0x02, 0x40, 0x00, 0x00, 
    0x00, 0x00, 0x00, 0x00, 0x00, 0x00, 0x00, 0x00, 0x00, 0x00, 0x00, 0x00, 
    0x00, 0x00, 0x00, 0x00, 0x2d, 0x00, 0x00, 0x89, 0xc2, 0x00, 0x00, 0x80, 
    0x43, 0x55, 0x15, 0x00, 0xe2, 0x00, 0x10, 0x00, 0x03, 0x00, 0x00, 0x00, 
    0x46, 0x0e, 0x10, 0x00, 0x05, 0x00, 0x00, 0x00, 0x36, 0x79, 0x10, 0x00, 
    0x00, 0x00, 0x00, 0x00, 0x34, 0x00, 0x00, 0x0a, 0xe2, 0x00, 0x10, 0x00, 
    0x03, 0x00, 0x00, 0x00, 0x56, 0x0e, 0x10, 0x00, 0x03, 0x00, 0x00, 0x00, 
    0x02, 0x40, 0x00, 0x00, 0x00, 0x00, 0x00, 0x00, 0x00, 0x00, 0x00, 0x00, 
    0x00, 0x00, 0x00, 0x00, 0x00, 0x00, 0x00, 0x00, 0x33, 0x00, 0x00, 0x0a, 
    0x72, 0x00, 0x10, 0x00, 0x05, 0x00, 0x00, 0x00, 0x96, 0x07, 0x10, 0x00, 
    0x03, 0x00, 0x00, 0x00, 0x02, 0x40, 0x00, 0x00, 0x00, 0xdc, 0x7f, 0x47, 
    0x00, 0xdc, 0x7f, 0x47, 0x00, 0xdc, 0x7f, 0x47, 0x00, 0x00, 0x00, 0x00, 
    0x29, 0x00, 0x00, 0x07, 0x82, 0x00, 0x10, 0x00, 0x02, 0x00, 0x00, 0x00, 
    0x0a, 0x00, 0x10, 0x00, 0x03, 0x00, 0x00, 0x00, 0x01, 0x40, 0x00, 0x00, 
    0x04, 0x00, 0x00, 0x00, 0x10, 0x00, 0x00, 0x0a, 0x82, 0x00, 0x10, 0x00, 
    0x05, 0x00, 0x00, 0x00, 0x46, 0x02, 0x10, 0x00, 0x05, 0x00, 0x00, 0x00, 
    0x02, 0x40, 0x00, 0x00, 0xd0, 0xb3, 0x59, 0x3e, 0x59, 0x17, 0x37, 0x3f, 
    0x98, 0xdd, 0x93, 0x3d, 0x00, 0x00, 0x00, 0x00, 0xa8, 0x00, 0x00, 0x09, 
    0xf2, 0xf0, 0x11, 0x00, 0x00, 0x00, 0x00, 0x00, 0x0a, 0x00, 0x10, 0x00, 
    0x04, 0x00, 0x00, 0x00, 0x3a, 0x00, 0x10, 0x00, 0x02, 0x00, 0x00, 0x00, 
    0x46, 0x0e, 0x10, 0x00, 0x05, 0x00, 0x00, 0x00, 0x1e, 0x00, 0x00, 0x0a, 
    0x32, 0x00, 0x10, 0x00, 0x03, 0x00, 0x00, 0x00, 0x06, 0x00, 0x10, 0x00, 
    0x02, 0x00, 0x00, 0x00, 0x02, 0x40, 0x00, 0x00, 0x80, 0x00, 0x00, 0x00, 
    0x40, 0x00, 0x00, 0x00, 0x00, 0x00, 0x00, 0x00, 0x00, 0x00, 0x00, 0x00, 
    0x4e, 0x00, 0x00, 0x09, 0x12, 0x00, 0x10, 0x00, 0x04, 0x00, 0x00, 0x00, 
    0x12, 0x00, 0x10, 0x00, 0x05, 0x00, 0x00, 0x00, 0x1a, 0x00, 0x10, 0x00, 
    0x03, 0x00, 0x00, 0x00, 0x01, 0x40, 0x00, 0x00, 0x0c, 0x00, 0x00, 0x00, 
    0x36, 0x00, 0x00, 0x05, 0x22, 0x00, 0x10, 0x00, 0x04, 0x00, 0x00, 0x00, 
    0x0a, 0x00, 0x10, 0x00, 0x05, 0x00, 0x00, 0x00, 0x36, 0x00, 0x00, 0x05, 
    0x42, 0x00, 0x10, 0x00, 0x04, 0x00, 0x00, 0x00, 0x0a, 0x00, 0x10, 0x00, 
    0x04, 0x00, 0x00, 0x00, 0x1e, 0x00, 0x00, 0x07, 0x62, 0x00, 0x10, 0x00, 
    0x06, 0x00, 0x00, 0x00, 0x06, 0x01, 0x10, 0x00, 0x00, 0x00, 0x00, 0x00, 
    0x56, 0x06, 0x10, 0x00, 0x04, 0x00, 0x00, 0x00, 0x24, 0x00, 0x00, 0x07, 
    0x12, 0x00, 0x10, 0x00, 0x06, 0x00, 0x00, 0x00, 0x1a, 0x00, 0x10, 0x00, 
    0x06, 0x00, 0x00, 0x00, 0x01, 0x40, 0x00, 0x00, 0x00, 0x00, 0x00, 0x00, 
    0x25, 0x00, 0x00, 0x07, 0x32, 0x00, 0x10, 0x00, 0x06, 0x00, 0x00, 0x00, 
    0x96, 0x05, 0x10, 0x00, 0x02, 0x00, 0x00, 0x00, 0x86, 0x00, 0x10, 0x00, 
    0x06, 0x00, 0x00, 0x00, 0x36, 0x00, 0x00, 0x08, 0xc2, 0x00, 0x10, 0x00, 
    0x06, 0x00, 0x00, 0x00, 0x02, 0x40, 0x00, 0x00, 0x00, 0x00, 0x00, 0x00, 
    0x00, 0x00, 0x00, 0x00, 0x00, 0x00, 0x00, 0x00, 0x00, 0x00, 0x00, 0x00, 
    0x2d, 0x00, 0x00, 0x89, 0xc2, 0x00, 0x00, 0x80, 0x43, 0x55, 0x15, 0x00, 
    0xe2, 0x00, 0x10, 0x00, 0x04, 0x00, 0x00, 0x00, 0x46, 0x0e, 0x10, 0x00, 
    0x06, 0x00, 0x00, 0x00, 0x36, 0x79, 0x10, 0x00, 0x00, 0x00, 0x00, 0x00, 
    0x34, 0x00, 0x00, 0x0a, 0xe2, 0x00, 0x10, 0x00, 0x04, 0x00, 0x00, 0x00, 
    0x56, 0x0e, 0x10, 0x00, 0x04, 0x00, 0x00, 0x00, 0x02, 0x40, 0x00, 0x00, 
    0x00, 0x00, 0x00, 0x00, 0x00, 0x00, 0x00, 0x00, 0x00, 0x00, 0x00, 0x00, 
    0x00, 0x00, 0x00, 0x00, 0x33, 0x00, 0x00, 0x0a, 0x72, 0x00, 0x10, 0x00, 
    0x06, 0x00, 0x00, 0x00, 0x96, 0x07, 0x10, 0x00, 0x04, 0x00, 0x00, 0x00, 
    0x02, 0x40, 0x00, 0x00, 0x00, 0xdc, 0x7f, 0x47, 0x00, 0xdc, 0x7f, 0x47, 
    0x00, 0xdc, 0x7f, 0x47, 0x00, 0x00, 0x00, 0x00, 0x29, 0x00, 0x00, 0x07, 
    0x82, 0x00, 0x10, 0x00, 0x02, 0x00, 0x00, 0x00, 0x0a, 0x00, 0x10, 0x00, 
    0x04, 0x00, 0x00, 0x00, 0x01, 0x40, 0x00, 0x00, 0x04, 0x00, 0x00, 0x00, 
    0x10, 0x00, 0x00, 0x0a, 0x82, 0x00, 0x10, 0x00, 0x06, 0x00, 0x00, 0x00, 
    0x46, 0x02, 0x10, 0x00, 0x06, 0x00, 0x00, 0x00, 0x02, 0x40, 0x00, 0x00, 
    0xd0, 0xb3, 0x59, 0x3e, 0x59, 0x17, 0x37, 0x3f, 0x98, 0xdd, 0x93, 0x3d, 
    0x00, 0x00, 0x00, 0x00, 0xa8, 0x00, 0x00, 0x09, 0xf2, 0xf0, 0x11, 0x00, 
    0x00, 0x00, 0x00, 0x00, 0x0a, 0x00, 0x10, 0x00, 0x05, 0x00, 0x00, 0x00, 
    0x3a, 0x00, 0x10, 0x00, 0x02, 0x00, 0x00, 0x00, 0x46, 0x0e, 0x10, 0x00, 
    0x06, 0x00, 0x00, 0x00, 0x4f, 0x00, 0x00, 0x0a, 0xc2, 0x00, 0x10, 0x00, 
    0x03, 0x00, 0x00, 0x00, 0x06, 0x04, 0x10, 0x00, 0x03, 0x00, 0x00, 0x00, 
    0x02, 0x40, 0x00, 0x00, 0x00, 0x00, 0x00, 0x00, 0x00, 0x00, 0x00, 0x00, 
    0x90, 0x00, 0x00, 0x00, 0x64, 0x00, 0x00, 0x00, 0x1f, 0x00, 0x04, 0x03, 
    0x2a, 0x00, 0x10, 0x00, 0x03, 0x00, 0x00, 0x00, 0x4e, 0x00, 0x00, 0x09, 
    0x12, 0x00, 0x10, 0x00, 0x03, 0x00, 0x00, 0x00, 0x12, 0x00, 0x10, 0x00, 
    0x04, 0x00, 0x00, 0x00, 0x0a, 0x00, 0x10, 0x00, 0x03, 0x00, 0x00, 0x00, 
    0x01, 0x40, 0x00, 0x00, 0x0c, 0x00, 0x00, 0x00, 0x36, 0x00, 0x00, 0x05, 
    0x22, 0x00, 0x10, 0x00, 0x04, 0x00, 0x00, 0x00, 0x0a, 0x00, 0x10, 0x00, 
    0x04, 0x00, 0x00, 0x00, 0x36, 0x00, 0x00, 0x05, 0x42, 0x00, 0x10, 0x00, 
    0x04, 0x00, 0x00, 0x00, 0x0a, 0x00, 0x10, 0x00, 0x03, 0x00, 0x00, 0x00, 
    0x1e, 0x00, 0x00, 0x07, 0x62, 0x00, 0x10, 0x00, 0x05, 0x00, 0x00, 0x00, 
    0x06, 0x01, 0x10, 0x00, 0x00, 0x00, 0x00, 0x00, 0x56, 0x06, 0x10, 0x00, 
    0x04, 0x00, 0x00, 0x00, 0x24, 0x00, 0x00, 0x07, 0x12, 0x00, 0x10, 0x00, 
    0x05, 0x00, 0x00, 0x00, 0x1a, 0x00, 0x10, 0x00, 0x05, 0x00, 0x00, 0x00, 
    0x01, 0x40, 0x00, 0x00, 0x00, 0x00, 0x00, 0x00, 0x25, 0x00, 0x00, 0x07, 
    0x32, 0x00, 0x10, 0x00, 0x05, 0x00, 0x00, 0x00, 0x96, 0x05, 0x10, 0x00, 
    0x02, 0x00, 0x00, 0x00, 0x86, 0x00, 0x10, 0x00, 0x05, 0x00, 0x00, 0x00, 
    0x36, 0x00, 0x00, 0x08, 0xc2, 0x00, 0x10, 0x00, 0x05, 0x00, 0x00, 0x00, 
    0x02, 0x40, 0x00, 0x00, 0x00, 0x00, 0x00, 0x00, 0x00, 0x00, 0x00, 0x00, 
    0x00, 0x00, 0x00, 0x00, 0x00, 0x00, 0x00, 0x00, 0x2d, 0x00, 0x00, 0x89, 
    0xc2, 0x00, 0x00, 0x80, 0x43, 0x55, 0x15, 0x00, 0xe2, 0x00, 0x10, 0x00, 
    0x04, 0x00, 0x00, 0x00, 0x46, 0x0e, 0x10, 0x00, 0x05, 0x00, 0x00, 0x00, 
    0x36, 0x79, 0x10, 0x00, 0x00, 0x00, 0x00, 0x00, 0x34, 0x00, 0x00, 0x0a, 
    0xe2, 0x00, 0x10, 0x00, 0x04, 0x00, 0x00, 0x00, 0x56, 0x0e, 0x10, 0x00, 
    0x04, 0x00, 0x00, 0x00, 0x02, 0x40, 0x00, 0x00, 0x00, 0x00, 0x00, 0x00, 
    0x00, 0x00, 0x00, 0x00, 0x00, 0x00, 0x00, 0x00, 0x00, 0x00, 0x00, 0x00, 
    0x33, 0x00, 0x00, 0x0a, 0xe2, 0x00, 0x10, 0x00, 0x04, 0x00, 0x00, 0x00, 
    0x56, 0x0e, 0x10, 0x00, 0x04, 0x00, 0x00, 0x00, 0x02, 0x40, 0x00, 0x00, 
    0x00, 0x00, 0x00, 0x00, 0x00, 0xdc, 0x7f, 0x47, 0x00, 0xdc, 0x7f, 0x47, 
    0x00, 0xdc, 0x7f, 0x47, 0x29, 0x00, 0x00, 0x07, 0x12, 0x00, 0x10, 0x00, 
    0x00, 0x00, 0x00, 0x00, 0x0a, 0x00, 0x10, 0x00, 0x03, 0x00, 0x00, 0x00, 
    0x01, 0x40, 0x00, 0x00, 0x04, 0x00, 0x00, 0x00, 0x10, 0x00, 0x00, 0x0a, 
    0x22, 0x00, 0x10, 0x00, 0x00, 0x00, 0x00, 0x00, 0x96, 0x07, 0x10, 0x00, 
    0x04, 0x00, 0x00, 0x00, 0x02, 0x40, 0x00, 0x00, 0xd0, 0xb3, 0x59, 0x3e, 
    0x59, 0x17, 0x37, 0x3f, 0x98, 0xdd, 0x93, 0x3d, 0x00, 0x00, 0x00, 0x00, 
    0xa8, 0x00, 0x00, 0x09, 0x12, 0xf0, 0x11, 0x00, 0x00, 0x00, 0x00, 0x00, 
    0x0a, 0x00, 0x10, 0x00, 0x04, 0x00, 0x00, 0x00, 0x0a, 0x00, 0x10, 0x00, 
    0x00, 0x00, 0x00, 0x00, 0x1a, 0x00, 0x10, 0x00, 0x04, 0x00, 0x00, 0x00, 
    0x3c, 0x00, 0x00, 0x0a, 0x72, 0x00, 0x10, 0x00, 0x05, 0x00, 0x00, 0x00, 
    0x06, 0x00, 0x10, 0x00, 0x00, 0x00, 0x00, 0x00, 0x02, 0x40, 0x00, 0x00, 
    0x84, 0x00, 0x00, 0x00, 0x88, 0x00, 0x00, 0x00, 0x8c, 0x00, 0x00, 0x00, 
    0x00, 0x00, 0x00, 0x00, 0xa8, 0x00, 0x00, 0x09, 0x12, 0xf0, 0x11, 0x00, 
    0x00, 0x00, 0x00, 0x00, 0x0a, 0x00, 0x10, 0x00, 0x04, 0x00, 0x00, 0x00, 
    0x0a, 0x00, 0x10, 0x00, 0x05, 0x00, 0x00, 0x00, 0x2a, 0x00, 0x10, 0x00, 
    0x04, 0x00, 0x00, 0x00, 0xa8, 0x00, 0x00, 0x09, 0x12, 0xf0, 0x11, 0x00, 
    0x00, 0x00, 0x00, 0x00, 0x0a, 0x00, 0x10, 0x00, 0x04, 0x00, 0x00, 0x00, 
    0x1a, 0x00, 0x10, 0x00, 0x05, 0x00, 0x00, 0x00, 0x3a, 0x00, 0x10, 0x00, 
    0x04, 0x00, 0x00, 0x00, 0xa8, 0x00, 0x00, 0x09, 0x12, 0xf0, 0x11, 0x00, 
    0x00, 0x00, 0x00, 0x00, 0x0a, 0x00, 0x10, 0x00, 0x04, 0x00, 0x00, 0x00, 
    0x2a, 0x00, 0x10, 0x00, 0x05, 0x00, 0x00, 0x00, 0x1a, 0x00, 0x10, 0x00, 
    0x00, 0x00, 0x00, 0x00, 0x15, 0x00, 0x00, 0x01, 0x4e, 0x00, 0x00, 0x09, 
    0x12, 0x00, 0x10, 0x00, 0x00, 0x00, 0x00, 0x00, 0x12, 0x00, 0x10, 0x00, 
    0x04, 0x00, 0x00, 0x00, 0x0a, 0x00, 0x10, 0x00, 0x02, 0x00, 0x00, 0x00, 
    0x01, 0x40, 0x00, 0x00, 0x0a, 0x00, 0x00, 0x00, 0x36, 0x00, 0x00, 0x05, 
    0x22, 0x00, 0x10, 0x00, 0x04, 0x00, 0x00, 0x00, 0x0a, 0x00, 0x10, 0x00, 
    0x00, 0x00, 0x00, 0x00, 0x1e, 0x00, 0x00, 0x07, 0x92, 0x00, 0x10, 0x00, 
    0x02, 0x00, 0x00, 0x00, 0xa6, 0x0e, 0x10, 0x00, 0x00, 0x00, 0x00, 0x00, 
    0x06, 0x04, 0x10, 0x00, 0x04, 0x00, 0x00, 0x00, 0x24, 0x00, 0x00, 0x0a, 
    0x92, 0x00, 0x10, 0x00, 0x02, 0x00, 0x00, 0x00, 0x06, 0x0c, 0x10, 0x00, 
    0x02, 0x00, 0x00, 0x00, 0x02, 0x40, 0x00, 0x00, 0x00, 0x00, 0x00, 0x00, 
    0x00, 0x00, 0x00, 0x00, 0x00, 0x00, 0x00, 0x00, 0x00, 0x00, 0x00, 0x00, 
    0x25, 0x00, 0x00, 0x07, 0x32, 0x00, 0x10, 0x00, 0x05, 0x00, 0x00, 0x00, 
    0x96, 0x05, 0x10, 0x00, 0x02, 0x00, 0x00, 0x00, 0xc6, 0x00, 0x10, 0x00, 
    0x02, 0x00, 0x00, 0x00, 0x29, 0x00, 0x00, 0x07, 0x12, 0x00, 0x10, 0x00, 
    0x00, 0x00, 0x00, 0x00, 0x0a, 0x00, 0x10, 0x00, 0x00, 0x00, 0x00, 0x00, 
    0x01, 0x40, 0x00, 0x00, 0x02, 0x00, 0x00, 0x00, 0x36, 0x00, 0x00, 0x08, 
    0xc2, 0x00, 0x10, 0x00, 0x05, 0x00, 0x00, 0x00, 0x02, 0x40, 0x00, 0x00, 
    0x00, 0x00, 0x00, 0x00, 0x00, 0x00, 0x00, 0x00, 0x00, 0x00, 0x00, 0x00, 
    0x00, 0x00, 0x00, 0x00, 0x2d, 0x00, 0x00, 0x89, 0xc2, 0x00, 0x00, 0x80, 
    0x43, 0x55, 0x15, 0x00, 0x22, 0x00, 0x10, 0x00, 0x00, 0x00, 0x00, 0x00, 
    0x46, 0x0e, 0x10, 0x00, 0x05, 0x00, 0x00, 0x00, 0x16, 0x7e, 0x10, 0x00, 
    0x02, 0x00, 0x00, 0x00, 0x01, 0x00, 0x00, 0x08, 0x12, 0x00, 0x10, 0x00, 
    0x02, 0x00, 0x00, 0x00, 0x2a, 0x80, 0x20, 0x00, 0x00, 0x00, 0x00, 0x00, 
    0x05, 0x00, 0x00, 0x00, 0x01, 0x40, 0x00, 0x00, 0x01, 0x00, 0x00, 0x00, 
    0x20, 0x00, 0x00, 0x07, 0x12, 0x00, 0x10, 0x00, 0x02, 0x00, 0x00, 0x00, 
    0x0a, 0x00, 0x10, 0x00, 0x02, 0x00, 0x00, 0x00, 0x01, 0x40, 0x00, 0x00, 
    0x01, 0x00, 0x00, 0x00, 0x1f, 0x00, 0x04, 0x03, 0x0a, 0x00, 0x10, 0x00, 
    0x02, 0x00, 0x00, 0x00, 0x34, 0x00, 0x00, 0x08, 0x82, 0x00, 0x10, 0x00, 
    0x02, 0x00, 0x00, 0x00, 0x1a, 0x00, 0x10, 0x00, 0x00, 0x00, 0x00, 0x00, 
    0x0a, 0x80, 0x20, 0x00, 0x00, 0x00, 0x00, 0x00, 0x05, 0x00, 0x00, 0x00, 
    0x33, 0x00, 0x00, 0x08, 0x82, 0x00, 0x10, 0x00, 0x02, 0x00, 0x00, 0x00, 
    0x3a, 0x00, 0x10, 0x00, 0x02, 0x00, 0x00, 0x00, 0x1a, 0x80, 0x20, 0x00, 
    0x00, 0x00, 0x00, 0x00, 0x05, 0x00, 0x00, 0x00, 0x36, 0x00, 0x00, 0x06, 
    0x82, 0x00, 0x10, 0x00, 0x02, 0x00, 0x00, 0x00, 0x3a, 0x00, 0x10, 0x80, 
    0x81, 0x00, 0x00, 0x00, 0x02, 0x00, 0x00, 0x00, 0x12, 0x00, 0x00, 0x01, 
    0x2b, 0x00, 0x00, 0x05, 0x52, 0x00, 0x10, 0x00, 0x03, 0x00, 0x00, 0x00, 
    0x06, 0x01, 0x10, 0x00, 0x05, 0x00, 0x00, 0x00, 0x00, 0x00, 0x00, 0x0a, 
    0x52, 0x00, 0x10, 0x00, 0x03, 0x00, 0x00, 0x00, 0x06, 0x02, 0x10, 0x00, 
    0x03, 0x00, 0x00, 0x00, 0x02, 0x40, 0x00, 0x00, 0x00, 0x00, 0x00, 0x3f, 
    0x00, 0x00, 0x00, 0x00, 0x00, 0x00, 0x00, 0x3f, 0x00, 0x00, 0x00, 0x00, 
    0x38, 0x00, 0x00, 0x08, 0x12, 0x00, 0x10, 0x00, 0x05, 0x00, 0x00, 0x00, 
    0x0a, 0x00, 0x10, 0x00, 0x03, 0x00, 0x00, 0x00, 0x2a, 0x80, 0x20, 0x00, 
    0x00, 0x00, 0x00, 0x00, 0x04, 0x00, 0x00, 0x00, 0x32, 0x00, 0x00, 0x0b, 
    0x42, 0x00, 0x10, 0x00, 0x05, 0x00, 0x00, 0x00, 0x2a, 0x00, 0x10, 0x80, 
    0x41, 0x00, 0x00, 0x00, 0x03, 0x00, 0x00, 0x00, 0x3a, 0x80, 0x20, 0x00, 
    0x00, 0x00, 0x00, 0x00, 0x04, 0x00, 0x00, 0x00, 0x01, 0x40, 0x00, 0x00, 
    0x00, 0x00, 0x80, 0x3f, 0x32, 0x00, 0x00, 0x0f, 0x52, 0x00, 0x10, 0x00, 
    0x03, 0x00, 0x00, 0x00, 0x06, 0x02, 0x10, 0x00, 0x05, 0x00, 0x00, 0x00, 
    0x02, 0x40, 0x00, 0x00, 0x00, 0x00, 0x00, 0x40, 0x00, 0x00, 0x00, 0x00, 
    0x00, 0x00, 0x00, 0x40, 0x00, 0x00, 0x00, 0x00, 0x02, 0x40, 0x00, 0x00, 
    0x00, 0x00, 0x80, 0xbf, 0x00, 0x00, 0x00, 0x00, 0x00, 0x00, 0x80, 0xbf, 
    0x00, 0x00, 0x00, 0x00, 0x38, 0x00, 0x00, 0x08, 0x62, 0x00, 0x10, 0x00, 
    0x04, 0x00, 0x00, 0x00, 0xa6, 0x0a, 0x10, 0x00, 0x03, 0x00, 0x00, 0x00, 
    0xa6, 0x8b, 0x20, 0x00, 0x00, 0x00, 0x00, 0x00, 0x01, 0x00, 0x00, 0x00, 
    0x32, 0x00, 0x00, 0x0a, 0x52, 0x00, 0x10, 0x00, 0x03, 0x00, 0x00, 0x00, 
    0xa6, 0x8b, 0x20, 0x00, 0x00, 0x00, 0x00, 0x00, 0x00, 0x00, 0x00, 0x00, 
    0x06, 0x00, 0x10, 0x00, 0x03, 0x00, 0x00, 0x00, 0x56, 0x06, 0x10, 0x00, 
    0x04, 0x00, 0x00, 0x00, 0x32, 0x00, 0x00, 0x0a, 0x52, 0x00, 0x10, 0x00, 
    0x03, 0x00, 0x00, 0x00, 0xa6, 0x8b, 0x20, 0x00, 0x00, 0x00, 0x00, 0x00, 
    0x02, 0x00, 0x00, 0x00, 0x56, 0x05, 0x10, 0x00, 0x00, 0x00, 0x00, 0x00, 
    0x06, 0x02, 0x10, 0x00, 0x03, 0x00, 0x00, 0x00, 0x00, 0x00, 0x00, 0x08, 
    0x52, 0x00, 0x10, 0x00, 0x03, 0x00, 0x00, 0x00, 0x06, 0x02, 0x10, 0x00, 
    0x03, 0x00, 0x00, 0x00, 0xa6, 0x8b, 0x20, 0x00, 0x00, 0x00, 0x00, 0x00, 
    0x03, 0x00, 0x00, 0x00, 0x0e, 0x00, 0x00, 0x07, 0x22, 0x00, 0x10, 0x00, 
    0x00, 0x00, 0x00, 0x00, 0x0a, 0x00, 0x10, 0x00, 0x03, 0x00, 0x00, 0x00, 
    0x2a, 0x00, 0x10, 0x00, 0x03, 0x00, 0x00, 0x00, 0x34, 0x00, 0x00, 0x09, 
    0x22, 0x00, 0x10, 0x00, 0x00, 0x00, 0x00, 0x00, 0x1a, 0x00, 0x10, 0x80, 
    0x81, 0x00, 0x00, 0x00, 0x00, 0x00, 0x00, 0x00, 0x0a, 0x80, 0x20, 0x00, 
    0x00, 0x00, 0x00, 0x00, 0x05, 0x00, 0x00, 0x00, 0x33, 0x00, 0x00, 0x08, 
    0x82, 0x00, 0x10, 0x00, 0x02, 0x00, 0x00, 0x00, 0x1a, 0x00, 0x10, 0x00, 
    0x00, 0x00, 0x00, 0x00, 0x1a, 0x80, 0x20, 0x00, 0x00, 0x00, 0x00, 0x00, 
    0x05, 0x00, 0x00, 0x00, 0x15, 0x00, 0x00, 0x01, 0xa8, 0x00, 0x00, 0x09, 
    0x12, 0xf0, 0x11, 0x00, 0x01, 0x00, 0x00, 0x00, 0x0a, 0x00, 0x10, 0x00, 
    0x04, 0x00, 0x00, 0x00, 0x0a, 0x00, 0x10, 0x00, 0x00, 0x00, 0x00, 0x00, 
    0x3a, 0x00, 0x10, 0x00, 0x02, 0x00, 0x00, 0x00, 0x1f, 0x00, 0x04, 0x03, 
    0x3a, 0x00, 0x10, 0x00, 0x03, 0x00, 0x00, 0x00, 0x4e, 0x00, 0x00, 0x09, 
    0x12, 0x00, 0x10, 0x00, 0x00, 0x00, 0x00, 0x00, 0x12, 0x00, 0x10, 0x00, 
    0x03, 0x00, 0x00, 0x00, 0x1a, 0x00, 0x10, 0x00, 0x03, 0x00, 0x00, 0x00, 
    0x01, 0x40, 0x00, 0x00, 0x0a, 0x00, 0x00, 0x00, 0x36, 0x00, 0x00, 0x05, 
    0x22, 0x00, 0x10, 0x00, 0x03, 0x00, 0x00, 0x00, 0x0a, 0x00, 0x10, 0x00, 
    0x03, 0x00, 0x00, 0x00, 0x36, 0x00, 0x00, 0x05, 0x42, 0x00, 0x10, 0x00, 
    0x03, 0x00, 0x00, 0x00, 0x0a, 0x00, 0x10, 0x00, 0x00, 0x00, 0x00, 0x00, 
    0x1e, 0x00, 0x00, 0x07, 0x62, 0x00, 0x10, 0x00, 0x04, 0x00, 0x00, 0x00, 
    0xa6, 0x0b, 0x10, 0x00, 0x00, 0x00, 0x00, 0x00, 0x56, 0x06, 0x10, 0x00, 
    0x03, 0x00, 0x00, 0x00, 0x24, 0x00, 0x00, 0x07, 0x12, 0x00, 0x10, 0x00, 
    0x04, 0x00, 0x00, 0x00, 0x1a, 0x00, 0x10, 0x00, 0x04, 0x00, 0x00, 0x00, 
    0x01, 0x40, 0x00, 0x00, 0x00, 0x00, 0x00, 0x00, 0x25, 0x00, 0x00, 0x07, 
    0x32, 0x00, 0x10, 0x00, 0x04, 0x00, 0x00, 0x00, 0x96, 0x05, 0x10, 0x00, 
    0x02, 0x00, 0x00, 0x00, 0x86, 0x00, 0x10, 0x00, 0x04, 0x00, 0x00, 0x00, 
    0x29, 0x00, 0x00, 0x07, 0x12, 0x00, 0x10, 0x00, 0x00, 0x00, 0x00, 0x00, 
    0x0a, 0x00, 0x10, 0x00, 0x00, 0x00, 0x00, 0x00, 0x01, 0x40, 0x00, 0x00, 
    0x02, 0x00, 0x00, 0x00, 0x36, 0x00, 0x00, 0x08, 0xc2, 0x00, 0x10, 0x00, 
    0x04, 0x00, 0x00, 0x00, 0x02, 0x40, 0x00, 0x00, 0x00, 0x00, 0x00, 0x00, 
    0x00, 0x00, 0x00, 0x00, 0x00, 0x00, 0x00, 0x00, 0x00, 0x00, 0x00, 0x00, 
    0x2d, 0x00, 0x00, 0x89, 0xc2, 0x00, 0x00, 0x80, 0x43, 0x55, 0x15, 0x00, 
    0x22, 0x00, 0x10, 0x00, 0x00, 0x00, 0x00, 0x00, 0x46, 0x0e, 0x10, 0x00, 
    0x04, 0x00, 0x00, 0x00, 0x16, 0x7e, 0x10, 0x00, 0x02, 0x00, 0x00, 0x00, 
    0x1f, 0x00, 0x04, 0x03, 0x0a, 0x00, 0x10, 0x00, 0x02, 0x00, 0x00, 0x00, 
    0x34, 0x00, 0x00, 0x08, 0x42, 0x00, 0x10, 0x00, 0x00, 0x00, 0x00, 0x00, 
    0x1a, 0x00, 0x10, 0x00, 0x00, 0x00, 0x00, 0x00, 0x0a, 0x80, 0x20, 0x00, 
    0x00, 0x00, 0x00, 0x00, 0x05, 0x00, 0x00, 0x00, 0x33, 0x00, 0x00, 0x08, 
    0x42, 0x00, 0x10, 0x00, 0x00, 0x00, 0x00, 0x00, 0x2a, 0x00, 0x10, 0x00, 
    0x00, 0x00, 0x00, 0x00, 0x1a, 0x80, 0x20, 0x00, 0x00, 0x00, 0x00, 0x00, 
    0x05, 0x00, 0x00, 0x00, 0x36, 0x00, 0x00, 0x06, 0x42, 0x00, 0x10, 0x00, 
    0x00, 0x00, 0x00, 0x00, 0x2a, 0x00, 0x10, 0x80, 0x81, 0x00, 0x00, 0x00, 
    0x00, 0x00, 0x00, 0x00, 0x12, 0x00, 0x00, 0x01, 0x2b, 0x00, 0x00, 0x05, 
    0x32, 0x00, 0x10, 0x00, 0x02, 0x00, 0x00, 0x00, 0x46, 0x00, 0x10, 0x00, 
    0x04, 0x00, 0x00, 0x00, 0x00, 0x00, 0x00, 0x0a, 0x32, 0x00, 0x10, 0x00, 
    0x02, 0x00, 0x00, 0x00, 0x46, 0x00, 0x10, 0x00, 0x02, 0x00, 0x00, 0x00, 
    0x02, 0x40, 0x00, 0x00, 0x00, 0x00, 0x00, 0x3f, 0x00, 0x00, 0x00, 0x3f, 
    0x00, 0x00, 0x00, 0x00, 0x00, 0x00, 0x00, 0x00, 0x38, 0x00, 0x00, 0x08, 
    0x12, 0x00, 0x10, 0x00, 0x02, 0x00, 0x00, 0x00, 0x0a, 0x00, 0x10, 0x00, 
    0x02, 0x00, 0x00, 0x00, 0x2a, 0x80, 0x20, 0x00, 0x00, 0x00, 0x00, 0x00, 
    0x04, 0x00, 0x00, 0x00, 0x32, 0x00, 0x00, 0x0b, 0x42, 0x00, 0x10, 0x00, 
    0x02, 0x00, 0x00, 0x00, 0x1a, 0x00, 0x10, 0x80, 0x41, 0x00, 0x00, 0x00, 
    0x02, 0x00, 0x00, 0x00, 0x3a, 0x80, 0x20, 0x00, 0x00, 0x00, 0x00, 0x00, 
    0x04, 0x00, 0x00, 0x00, 0x01, 0x40, 0x00, 0x00, 0x00, 0x00, 0x80, 0x3f, 
    0x32, 0x00, 0x00, 0x0f, 0x32, 0x00, 0x10, 0x00, 0x02, 0x00, 0x00, 0x00, 
    0x86, 0x00, 0x10, 0x00, 0x02, 0x00, 0x00, 0x00, 0x02, 0x40, 0x00, 0x00, 
    0x00, 0x00, 0x00, 0x40, 0x00, 0x00, 0x00, 0x40, 0x00, 0x00, 0x00, 0x00, 
    0x00, 0x00, 0x00, 0x00, 0x02, 0x40, 0x00, 0x00, 0x00, 0x00, 0x80, 0xbf, 
    0x00, 0x00, 0x80, 0xbf, 0x00, 0x00, 0x00, 0x00, 0x00, 0x00, 0x00, 0x00, 
    0x38, 0x00, 0x00, 0x08, 0x62, 0x00, 0x10, 0x00, 0x02, 0x00, 0x00, 0x00, 
    0x56, 0x05, 0x10, 0x00, 0x02, 0x00, 0x00, 0x00, 0xa6, 0x8b, 0x20, 0x00, 
    0x00, 0x00, 0x00, 0x00, 0x01, 0x00, 0x00, 0x00, 0x32, 0x00, 0x00, 0x0a, 
    0x32, 0x00, 0x10, 0x00, 0x02, 0x00, 0x00, 0x00, 0xe6, 0x8a, 0x20, 0x00, 
    0x00, 0x00, 0x00, 0x00, 0x00, 0x00, 0x00, 0x00, 0x06, 0x00, 0x10, 0x00, 
    0x02, 0x00, 0x00, 0x00, 0x96, 0x05, 0x10, 0x00, 0x02, 0x00, 0x00, 0x00, 
    0x32, 0x00, 0x00, 0x0a, 0xa2, 0x00, 0x10, 0x00, 0x00, 0x00, 0x00, 0x00, 
    0xa6, 0x8e, 0x20, 0x00, 0x00, 0x00, 0x00, 0x00, 0x02, 0x00, 0x00, 0x00, 
    0x56, 0x05, 0x10, 0x00, 0x00, 0x00, 0x00, 0x00, 0x06, 0x04, 0x10, 0x00, 
    0x02, 0x00, 0x00, 0x00, 0x00, 0x00, 0x00, 0x08, 0xa2, 0x00, 0x10, 0x00, 
    0x00, 0x00, 0x00, 0x00, 0x56, 0x0d, 0x10, 0x00, 0x00, 0x00, 0x00, 0x00, 
    0xa6, 0x8e, 0x20, 0x00, 0x00, 0x00, 0x00, 0x00, 0x03, 0x00, 0x00, 0x00, 
    0x0e, 0x00, 0x00, 0x07, 0x22, 0x00, 0x10, 0x00, 0x00, 0x00, 0x00, 0x00, 
    0x1a, 0x00, 0x10, 0x00, 0x00, 0x00, 0x00, 0x00, 0x3a, 0x00, 0x10, 0x00, 
    0x00, 0x00, 0x00, 0x00, 0x34, 0x00, 0x00, 0x09, 0x22, 0x00, 0x10, 0x00, 
    0x00, 0x00, 0x00, 0x00, 0x1a, 0x00, 0x10, 0x80, 0x81, 0x00, 0x00, 0x00, 
    0x00, 0x00, 0x00, 0x00, 0x0a, 0x80, 0x20, 0x00, 0x00, 0x00, 0x00, 0x00, 
    0x05, 0x00, 0x00, 0x00, 0x33, 0x00, 0x00, 0x08, 0x42, 0x00, 0x10, 0x00, 
    0x00, 0x00, 0x00, 0x00, 0x1a, 0x00, 0x10, 0x00, 0x00, 0x00, 0x00, 0x00, 
    0x1a, 0x80, 0x20, 0x00, 0x00, 0x00, 0x00, 0x00, 0x05, 0x00, 0x00, 0x00, 
    0x15, 0x00, 0x00, 0x01, 0xa8, 0x00, 0x00, 0x09, 0x12, 0xf0, 0x11, 0x00, 
    0x01, 0x00, 0x00, 0x00, 0x0a, 0x00, 0x10, 0x00, 0x03, 0x00, 0x00, 0x00, 
    0x0a, 0x00, 0x10, 0x00, 0x00, 0x00, 0x00, 0x00, 0x2a, 0x00, 0x10, 0x00, 
    0x00, 0x00, 0x00, 0x00, 0x15, 0x00, 0x00, 0x01, 0xbe, 0x18, 0x00, 0x01, 
    0x2b, 0x00, 0x00, 0x05, 0x32, 0x00, 0x10, 0x00, 0x00, 0x00, 0x00, 0x00, 
    0xc6, 0x00, 0x10, 0x00, 0x01, 0x00, 0x00, 0x00, 0x1d, 0x00, 0x00, 0x08, 
    0x32, 0x00, 0x10, 0x00, 0x00, 0x00, 0x00, 0x00, 0x46, 0x00, 0x10, 0x00, 
    0x00, 0x00, 0x00, 0x00, 0x46, 0x80, 0x20, 0x00, 0x00, 0x00, 0x00, 0x00, 
    0x04, 0x00, 0x00, 0x00, 0x3c, 0x00, 0x00, 0x07, 0x12, 0x00, 0x10, 0x00, 
    0x00, 0x00, 0x00, 0x00, 0x1a, 0x00, 0x10, 0x00, 0x00, 0x00, 0x00, 0x00, 
    0x0a, 0x00, 0x10, 0x00, 0x00, 0x00, 0x00, 0x00, 0x1f, 0x00, 0x04, 0x03, 
    0x0a, 0x00, 0x10, 0x00, 0x00, 0x00, 0x00, 0x00, 0x3e, 0x00, 0x00, 0x01, 
    0x15, 0x00, 0x00, 0x01, 0x1e, 0x00, 0x00, 0x09, 0xf2, 0x00, 0x10, 0x00, 
    0x00, 0x00, 0x00, 0x00, 0x06, 0x20, 0x02, 0x00, 0x02, 0x40, 0x00, 0x00, 
    0x01, 0x00, 0x00, 0x00, 0x02, 0x00, 0x00, 0x00, 0x03, 0x00, 0x00, 0x00, 
    0x04, 0x00, 0x00, 0x00, 0x29, 0x00, 0x00, 0x09, 0x32, 0x00, 0x10, 0x00, 
    0x02, 0x00, 0x00, 0x00, 0x56, 0x25, 0x02, 0x00, 0x02, 0x40, 0x00, 0x00, 
    0x04, 0x00, 0x00, 0x00, 0x02, 0x00, 0x00, 0x00, 0x00, 0x00, 0x00, 0x00, 
    0x00, 0x00, 0x00, 0x00, 0x23, 0x00, 0x00, 0x08, 0x42, 0x00, 0x10, 0x00, 
    0x02, 0x00, 0x00, 0x00, 0x1a, 0x20, 0x02, 0x00, 0x01, 0x40, 0x00, 0x00, 
    0x10, 0x00, 0x00, 0x00, 0x01, 0x40, 0x00, 0x00, 0x0c, 0x00, 0x00, 0x00, 
    0xa7, 0x00, 0x00, 0x08, 0x82, 0x00, 0x10, 0x00, 0x02, 0x00, 0x00, 0x00, 
    0x0a, 0x20, 0x02, 0x00, 0x2a, 0x00, 0x10, 0x00, 0x02, 0x00, 0x00, 0x00, 
    0x06, 0xf0, 0x11, 0x00, 0x00, 0x00, 0x00, 0x00, 0x1e, 0x00, 0x00, 0x0a, 
    0xf2, 0x00, 0x10, 0x00, 0x03, 0x00, 0x00, 0x00, 0x06, 0x00, 0x10, 0x00, 
    0x02, 0x00, 0x00, 0x00, 0x02, 0x40, 0x00, 0x00, 0x10, 0x00, 0x00, 0x00, 
    0x20, 0x00, 0x00, 0x00, 0x30, 0x00, 0x00, 0x00, 0x40, 0x00, 0x00, 0x00, 
    0x1e, 0x00, 0x00, 0x0a, 0xf2, 0x00, 0x10, 0x00, 0x03, 0x00, 0x00, 0x00, 
    0x46, 0x0e, 0x10, 0x00, 0x03, 0x00, 0x00, 0x00, 0x02, 0x40, 0x00, 0x00, 
    0x0c, 0x00, 0x00, 0x00, 0x0c, 0x00, 0x00, 0x00, 0x0c, 0x00, 0x00, 0x00, 
    0x0c, 0x00, 0x00, 0x00, 0xa7, 0x00, 0x00, 0x08, 0x12, 0x00, 0x10, 0x00, 
    0x02, 0x00, 0x00, 0x00, 0x0a, 0x20, 0x02, 0x00, 0x0a, 0x00, 0x10, 0x00, 
    0x03, 0x00, 0x00, 0x00, 0x06, 0xf0, 0x11, 0x00, 0x00, 0x00, 0x00, 0x00, 
    0xa7, 0x00, 0x00, 0x08, 0x12, 0x00, 0x10, 0x00, 0x04, 0x00, 0x00, 0x00, 
    0x0a, 0x20, 0x02, 0x00, 0x1a, 0x00, 0x10, 0x00, 0x03, 0x00, 0x00, 0x00, 
    0x06, 0xf0, 0x11, 0x00, 0x00, 0x00, 0x00, 0x00, 0xa7, 0x00, 0x00, 0x08, 
    0x22, 0x00, 0x10, 0x00, 0x04, 0x00, 0x00, 0x00, 0x0a, 0x20, 0x02, 0x00, 
    0x2a, 0x00, 0x10, 0x00, 0x03, 0x00, 0x00, 0x00, 0x06, 0xf0, 0x11, 0x00, 
    0x00, 0x00, 0x00, 0x00, 0xa7, 0x00, 0x00, 0x08, 0x42, 0x00, 0x10, 0x00, 
    0x04, 0x00, 0x00, 0x00, 0x0a, 0x20, 0x02, 0x00, 0x3a, 0x00, 0x10, 0x00, 
    0x03, 0x00, 0x00, 0x00, 0x06, 0xf0, 0x11, 0x00, 0x00, 0x00, 0x00, 0x00, 
    0xa7, 0x00, 0x00, 0x09, 0x82, 0x00, 0x10, 0x00, 0x04, 0x00, 0x00, 0x00, 
    0x0a, 0x00, 0x10, 0x00, 0x00, 0x00, 0x00, 0x00, 0x2a, 0x00, 0x10, 0x00, 
    0x02, 0x00, 0x00, 0x00, 0x06, 0xf0, 0x11, 0x00, 0x00, 0x00, 0x00, 0x00, 
    0xa7, 0x00, 0x00, 0x09, 0x12, 0x00, 0x10, 0x00, 0x05, 0x00, 0x00, 0x00, 
    0x0a, 0x00, 0x10, 0x00, 0x00, 0x00, 0x00, 0x00, 0x0a, 0x00, 0x10, 0x00, 
    0x03, 0x00, 0x00, 0x00, 0x06, 0xf0, 0x11, 0x00, 0x00, 0x00, 0x00, 0x00, 
    0xa7, 0x00, 0x00, 0x09, 0x22, 0x00, 0x10, 0x00, 0x05, 0x00, 0x00, 0x00, 
    0x0a, 0x00, 0x10, 0x00, 0x00, 0x00, 0x00, 0x00, 0x1a, 0x00, 0x10, 0x00, 
    0x03, 0x00, 0x00, 0x00, 0x06, 0xf0, 0x11, 0x00, 0x00, 0x00, 0x00, 0x00, 
    0xa7, 0x00, 0x00, 0x09, 0x42, 0x00, 0x10, 0x00, 0x05, 0x00, 0x00, 0x00, 
    0x0a, 0x00, 0x10, 0x00, 0x00, 0x00, 0x00, 0x00, 0x2a, 0x00, 0x10, 0x00, 
    0x03, 0x00, 0x00, 0x00, 0x06, 0xf0, 0x11, 0x00, 0x00, 0x00, 0x00, 0x00, 
    0xa7, 0x00, 0x00, 0x09, 0x82, 0x00, 0x10, 0x00, 0x05, 0x00, 0x00, 0x00, 
    0x0a, 0x00, 0x10, 0x00, 0x00, 0x00, 0x00, 0x00, 0x3a, 0x00, 0x10, 0x00, 
    0x03, 0x00, 0x00, 0x00, 0x06, 0xf0, 0x11, 0x00, 0x00, 0x00, 0x00, 0x00, 
    0xa7, 0x00, 0x00, 0x09, 0x12, 0x00, 0x10, 0x00, 0x06, 0x00, 0x00, 0x00, 
    0x1a, 0x00, 0x10, 0x00, 0x00, 0x00, 0x00, 0x00, 0x2a, 0x00, 0x10, 0x00, 
    0x02, 0x00, 0x00, 0x00, 0x06, 0xf0, 0x11, 0x00, 0x00, 0x00, 0x00, 0x00, 
    0xa7, 0x00, 0x00, 0x09, 0xf2, 0x00, 0x10, 0x00, 0x07, 0x00, 0x00, 0x00, 
    0x1a, 0x00, 0x10, 0x00, 0x00, 0x00, 0x00, 0x00, 0x0a, 0x00, 0x10, 0x00, 
    0x03, 0x00, 0x00, 0x00, 0x46, 0xfe, 0x11, 0x00, 0x00, 0x00, 0x00, 0x00, 
    0xa7, 0x00, 0x00, 0x09, 0x22, 0x00, 0x10, 0x00, 0x06, 0x00, 0x00, 0x00, 
    0x1a, 0x00, 0x10, 0x00, 0x00, 0x00, 0x00, 0x00, 0x1a, 0x00, 0x10, 0x00, 
    0x03, 0x00, 0x00, 0x00, 0x06, 0xf0, 0x11, 0x00, 0x00, 0x00, 0x00, 0x00, 
    0xa7, 0x00, 0x00, 0x09, 0x42, 0x00, 0x10, 0x00, 0x06, 0x00, 0x00, 0x00, 
    0x1a, 0x00, 0x10, 0x00, 0x00, 0x00, 0x00, 0x00, 0x2a, 0x00, 0x10, 0x00, 
    0x03, 0x00, 0x00, 0x00, 0x06, 0xf0, 0x11, 0x00, 0x00, 0x00, 0x00, 0x00, 
    0xa7, 0x00, 0x00, 0x09, 0x82, 0x00, 0x10, 0x00, 0x06, 0x00, 0x00, 0x00, 
    0x1a, 0x00, 0x10, 0x00, 0x00, 0x00, 0x00, 0x00, 0x3a, 0x00, 0x10, 0x00, 
    0x03, 0x00, 0x00, 0x00, 0x06, 0xf0, 0x11, 0x00, 0x00, 0x00, 0x00, 0x00, 
    0xa7, 0x00, 0x00, 0x09, 0x12, 0x00, 0x10, 0x00, 0x08, 0x00, 0x00, 0x00, 
    0x2a, 0x00, 0x10, 0x00, 0x00, 0x00, 0x00, 0x00, 0x2a, 0x00, 0x10, 0x00, 
    0x02, 0x00, 0x00, 0x00, 0x06, 0xf0, 0x11, 0x00, 0x00, 0x00, 0x00, 0x00, 
    0xa7, 0x00, 0x00, 0x09, 0x22, 0x00, 0x10, 0x00, 0x08, 0x00, 0x00, 0x00, 
    0x2a, 0x00, 0x10, 0x00, 0x00, 0x00, 0x00, 0x00, 0x0a, 0x00, 0x10, 0x00, 
    0x03, 0x00, 0x00, 0x00, 0x06, 0xf0, 0x11, 0x00, 0x00, 0x00, 0x00, 0x00, 
    0xa7, 0x00, 0x00, 0x09, 0x42, 0x00, 0x10, 0x00, 0x08, 0x00, 0x00, 0x00, 
    0x2a, 0x00, 0x10, 0x00, 0x00, 0x00, 0x00, 0x00, 0x1a, 0x00, 0x10, 0x00, 
    0x03, 0x00, 0x00, 0x00, 0x06, 0xf0, 0x11, 0x00, 0x00, 0x00, 0x00, 0x00, 
    0xa7, 0x00, 0x00, 0x09, 0x82, 0x00, 0x10, 0x00, 0x08, 0x00, 0x00, 0x00, 
    0x2a, 0x00, 0x10, 0x00, 0x00, 0x00, 0x00, 0x00, 0x2a, 0x00, 0x10, 0x00, 
    0x03, 0x00, 0x00, 0x00, 0x06, 0xf0, 0x11, 0x00, 0x00, 0x00, 0x00, 0x00, 
    0xa7, 0x00, 0x00, 0x09, 0x42, 0x00, 0x10, 0x00, 0x00, 0x00, 0x00, 0x00, 
    0x2a, 0x00, 0x10, 0x00, 0x00, 0x00, 0x00, 0x00, 0x3a, 0x00, 0x10, 0x00, 
    0x03, 0x00, 0x00, 0x00, 0x06, 0xf0, 0x11, 0x00, 0x00, 0x00, 0x00, 0x00, 
    0xa7, 0x00, 0x00, 0x09, 0x42, 0x00, 0x10, 0x00, 0x02, 0x00, 0x00, 0x00, 
    0x3a, 0x00, 0x10, 0x00, 0x00, 0x00, 0x00, 0x00, 0x2a, 0x00, 0x10, 0x00, 
    0x02, 0x00, 0x00, 0x00, 0x06, 0xf0, 0x11, 0x00, 0x00, 0x00, 0x00, 0x00, 
    0xa7, 0x00, 0x00, 0x09, 0x12, 0x00, 0x10, 0x00, 0x03, 0x00, 0x00, 0x00, 
    0x3a, 0x00, 0x10, 0x00, 0x00, 0x00, 0x00, 0x00, 0x0a, 0x00, 0x10, 0x00, 
    0x03, 0x00, 0x00, 0x00, 0x06, 0xf0, 0x11, 0x00, 0x00, 0x00, 0x00, 0x00, 
    0xa7, 0x00, 0x00, 0x09, 0x22, 0x00, 0x10, 0x00, 0x03, 0x00, 0x00, 0x00, 
    0x3a, 0x00, 0x10, 0x00, 0x00, 0x00, 0x00, 0x00, 0x1a, 0x00, 0x10, 0x00, 
    0x03, 0x00, 0x00, 0x00, 0x06, 0xf0, 0x11, 0x00, 0x00, 0x00, 0x00, 0x00, 
    0xa7, 0x00, 0x00, 0x09, 0x42, 0x00, 0x10, 0x00, 0x03, 0x00, 0x00, 0x00, 
    0x3a, 0x00, 0x10, 0x00, 0x00, 0x00, 0x00, 0x00, 0x2a, 0x00, 0x10, 0x00, 
    0x03, 0x00, 0x00, 0x00, 0x06, 0xf0, 0x11, 0x00, 0x00, 0x00, 0x00, 0x00, 
    0xa7, 0x00, 0x00, 0x09, 0x82, 0x00, 0x10, 0x00, 0x00, 0x00, 0x00, 0x00, 
    0x3a, 0x00, 0x10, 0x00, 0x00, 0x00, 0x00, 0x00, 0x3a, 0x00, 0x10, 0x00, 
    0x03, 0x00, 0x00, 0x00, 0x06, 0xf0, 0x11, 0x00, 0x00, 0x00, 0x00, 0x00, 
    0x31, 0x00, 0x00, 0x07, 0x82, 0x00, 0x10, 0x00, 0x03, 0x00, 0x00, 0x00, 
    0x0a, 0x00, 0x10, 0x00, 0x02, 0x00, 0x00, 0x00, 0x3a, 0x00, 0x10, 0x00, 
    0x02, 0x00, 0x00, 0x00, 0x33, 0x00, 0x00, 0x07, 0x12, 0x00, 0x10, 0x00, 
    0x09, 0x00, 0x00, 0x00, 0x0a, 0x00, 0x10, 0x00, 0x02, 0x00, 0x00, 0x00, 
    0x3a, 0x00, 0x10, 0x00, 0x02, 0x00, 0x00, 0x00, 0x01, 0x00, 0x00, 0x07, 
    0x22, 0x00, 0x10, 0x00, 0x09, 0x00, 0x00, 0x00, 0x3a, 0x00, 0x10, 0x00, 
    0x03, 0x00, 0x00, 0x00, 0x01, 0x40, 0x00, 0x00, 0x01, 0x00, 0x00, 0x00, 
    0x34, 0x00, 0x00, 0x07, 0x12, 0x00, 0x10, 0x00, 0x02, 0x00, 0x00, 0x00, 
    0x3a, 0x00, 0x10, 0x00, 0x02, 0x00, 0x00, 0x00, 0x0a, 0x00, 0x10, 0x00, 
    0x02, 0x00, 0x00, 0x00, 0x37, 0x00, 0x00, 0x09, 0x82, 0x00, 0x10, 0x00, 
    0x02, 0x00, 0x00, 0x00, 0x3a, 0x00, 0x10, 0x00, 0x03, 0x00, 0x00, 0x00, 
    0x01, 0x40, 0x00, 0x00, 0x00, 0x00, 0x00, 0x00, 0x01, 0x40, 0x00, 0x00, 
    0x01, 0x00, 0x00, 0x00, 0x31, 0x00, 0x00, 0x07, 0x82, 0x00, 0x10, 0x00, 
    0x03, 0x00, 0x00, 0x00, 0x1a, 0x00, 0x10, 0x00, 0x04, 0x00, 0x00, 0x00, 
    0x0a, 0x00, 0x10, 0x00, 0x04, 0x00, 0x00, 0x00, 0x33, 0x00, 0x00, 0x07, 
    0x42, 0x00, 0x10, 0x00, 0x09, 0x00, 0x00, 0x00, 0x1a, 0x00, 0x10, 0x00, 
    0x04, 0x00, 0x00, 0x00, 0x0a, 0x00, 0x10, 0x00, 0x04, 0x00, 0x00, 0x00, 
    0x34, 0x00, 0x00, 0x07, 0x12, 0x00, 0x10, 0x00, 0x04, 0x00, 0x00, 0x00, 
    0x0a, 0x00, 0x10, 0x00, 0x04, 0x00, 0x00, 0x00, 0x1a, 0x00, 0x10, 0x00, 
    0x04, 0x00, 0x00, 0x00, 0x37, 0x00, 0x00, 0x0f, 0x32, 0x00, 0x10, 0x00, 
    0x0a, 0x00, 0x00, 0x00, 0xf6, 0x0f, 0x10, 0x00, 0x03, 0x00, 0x00, 0x00, 
    0x02, 0x40, 0x00, 0x00, 0x03, 0x00, 0x00, 0x00, 0x02, 0x00, 0x00, 0x00, 
    0x00, 0x00, 0x00, 0x00, 0x00, 0x00, 0x00, 0x00, 0x02, 0x40, 0x00, 0x00, 
    0x02, 0x00, 0x00, 0x00, 0x03, 0x00, 0x00, 0x00, 0x00, 0x00, 0x00, 0x00, 
    0x00, 0x00, 0x00, 0x00, 0x31, 0x00, 0x00, 0x07, 0x82, 0x00, 0x10, 0x00, 
    0x03, 0x00, 0x00, 0x00, 0x3a, 0x00, 0x10, 0x00, 0x04, 0x00, 0x00, 0x00, 
    0x2a, 0x00, 0x10, 0x00, 0x04, 0x00, 0x00, 0x00, 0x33, 0x00, 0x00, 0x07, 
    0x22, 0x00, 0x10, 0x00, 0x04, 0x00, 0x00, 0x00, 0x3a, 0x00, 0x10, 0x00, 
    0x04, 0x00, 0x00, 0x00, 0x2a, 0x00, 0x10, 0x00, 0x04, 0x00, 0x00, 0x00, 
    0x34, 0x00, 0x00, 0x07, 0x42, 0x00, 0x10, 0x00, 0x04, 0x00, 0x00, 0x00, 
    0x2a, 0x00, 0x10, 0x00, 0x04, 0x00, 0x00, 0x00, 0x3a, 0x00, 0x10, 0x00, 
    0x04, 0x00, 0x00, 0x00, 0x37, 0x00, 0x00, 0x0f, 0xc2, 0x00, 0x10, 0x00, 
    0x0a, 0x00, 0x00, 0x00, 0xf6, 0x0f, 0x10, 0x00, 0x03, 0x00, 0x00, 0x00, 
    0x02, 0x40, 0x00, 0x00, 0x00, 0x00, 0x00, 0x00, 0x00, 0x00, 0x00, 0x00, 
    0x05, 0x00, 0x00, 0x00, 0x04, 0x00, 0x00, 0x00, 0x02, 0x40, 0x00, 0x00, 
    0x00, 0x00, 0x00, 0x00, 0x00, 0x00, 0x00, 0x00, 0x04, 0x00, 0x00, 0x00, 
    0x05, 0x00, 0x00, 0x00, 0x31, 0x00, 0x00, 0x07, 0x82, 0x00, 0x10, 0x00, 
    0x03, 0x00, 0x00, 0x00, 0x1a, 0x00, 0x10, 0x00, 0x05, 0x00, 0x00, 0x00, 
    0x0a, 0x00, 0x10, 0x00, 0x05, 0x00, 0x00, 0x00, 0x33, 0x00, 0x00, 0x07, 
    0x82, 0x00, 0x10, 0x00, 0x04, 0x00, 0x00, 0x00, 0x1a, 0x00, 0x10, 0x00, 
    0x05, 0x00, 0x00, 0x00, 0x0a, 0x00, 0x10, 0x00, 0x05, 0x00, 0x00, 0x00, 
    0x34, 0x00, 0x00, 0x07, 0x12, 0x00, 0x10, 0x00, 0x05, 0x00, 0x00, 0x00, 
    0x0a, 0x00, 0x10, 0x00, 0x05, 0x00, 0x00, 0x00, 0x1a, 0x00, 0x10, 0x00, 
    0x05, 0x00, 0x00, 0x00, 0x37, 0x00, 0x00, 0x0f, 0x32, 0x00, 0x10, 0x00, 
    0x0b, 0x00, 0x00, 0x00, 0xf6, 0x0f, 0x10, 0x00, 0x03, 0x00, 0x00, 0x00, 
    0x02, 0x40, 0x00, 0x00, 0x07, 0x00, 0x00, 0x00, 0x06, 0x00, 0x00, 0x00, 
    0x00, 0x00, 0x00, 0x00, 0x00, 0x00, 0x00, 0x00, 0x02, 0x40, 0x00, 0x00, 
    0x06, 0x00, 0x00, 0x00, 0x07, 0x00, 0x00, 0x00, 0x00, 0x00, 0x00, 0x00, 
    0x00, 0x00, 0x00, 0x00, 0x31, 0x00, 0x00, 0x07, 0x82, 0x00, 0x10, 0x00, 
    0x03, 0x00, 0x00, 0x00, 0x3a, 0x00, 0x10, 0x00, 0x05, 0x00, 0x00, 0x00, 
    0x2a, 0x00, 0x10, 0x00, 0x05, 0x00, 0x00, 0x00, 0x33, 0x00, 0x00, 0x07, 
    0x22, 0x00, 0x10, 0x00, 0x05, 0x00, 0x00, 0x00, 0x3a, 0x00, 0x10, 0x00, 
    0x05, 0x00, 0x00, 0x00, 0x2a, 0x00, 0x10, 0x00, 0x05, 0x00, 0x00, 0x00, 
    0x34, 0x00, 0x00, 0x07, 0x42, 0x00, 0x10, 0x00, 0x05, 0x00, 0x00, 0x00, 
    0x2a, 0x00, 0x10, 0x00, 0x05, 0x00, 0x00, 0x00, 0x3a, 0x00, 0x10, 0x00, 
    0x05, 0x00, 0x00, 0x00, 0x37, 0x00, 0x00, 0x0f, 0xc2, 0x00, 0x10, 0x00, 
    0x0b, 0x00, 0x00, 0x00, 0xf6, 0x0f, 0x10, 0x00, 0x03, 0x00, 0x00, 0x00, 
    0x02, 0x40, 0x00, 0x00, 0x00, 0x00, 0x00, 0x00, 0x00, 0x00, 0x00, 0x00, 
    0x09, 0x00, 0x00, 0x00, 0x08, 0x00, 0x00, 0x00, 0x02, 0x40, 0x00, 0x00, 
    0x00, 0x00, 0x00, 0x00, 0x00, 0x00, 0x00, 0x00, 0x08, 0x00, 0x00, 0x00, 
    0x09, 0x00, 0x00, 0x00, 0x31, 0x00, 0x00, 0x07, 0x82, 0x00, 0x10, 0x00, 
    0x03, 0x00, 0x00, 0x00, 0x0a, 0x00, 0x10, 0x00, 0x07, 0x00, 0x00, 0x00, 
    0x0a, 0x00, 0x10, 0x00, 0x06, 0x00, 0x00, 0x00, 0x33, 0x00, 0x00, 0x07, 
    0x82, 0x00, 0x10, 0x00, 0x05, 0x00, 0x00, 0x00, 0x0a, 0x00, 0x10, 0x00, 
    0x06, 0x00, 0x00, 0x00, 0x0a, 0x00, 0x10, 0x00, 0x07, 0x00, 0x00, 0x00, 
    0x34, 0x00, 0x00, 0x07, 0x12, 0x00, 0x10, 0x00, 0x06, 0x00, 0x00, 0x00, 
    0x0a, 0x00, 0x10, 0x00, 0x06, 0x00, 0x00, 0x00, 0x0a, 0x00, 0x10, 0x00, 
    0x07, 0x00, 0x00, 0x00, 0x37, 0x00, 0x00, 0x0f, 0x32, 0x00, 0x10, 0x00, 
    0x0c, 0x00, 0x00, 0x00, 0xf6, 0x0f, 0x10, 0x00, 0x03, 0x00, 0x00, 0x00, 
    0x02, 0x40, 0x00, 0x00, 0x0b, 0x00, 0x00, 0x00, 0x0a, 0x00, 0x00, 0x00, 
    0x00, 0x00, 0x00, 0x00, 0x00, 0x00, 0x00, 0x00, 0x02, 0x40, 0x00, 0x00, 
    0x0a, 0x00, 0x00, 0x00, 0x0b, 0x00, 0x00, 0x00, 0x00, 0x00, 0x00, 0x00, 
    0x00, 0x00, 0x00, 0x00, 0x31, 0x00, 0x00, 0x07, 0x82, 0x00, 0x10, 0x00, 
    0x03, 0x00, 0x00, 0x00, 0x2a, 0x00, 0x10, 0x00, 0x06, 0x00, 0x00, 0x00, 
    0x1a, 0x00, 0x10, 0x00, 0x06, 0x00, 0x00, 0x00, 0x33, 0x00, 0x00, 0x07, 
    0x12, 0x00, 0x10, 0x00, 0x07, 0x00, 0x00, 0x00, 0x2a, 0x00, 0x10, 0x00, 
    0x06, 0x00, 0x00, 0x00, 0x1a, 0x00, 0x10, 0x00, 0x06, 0x00, 0x00, 0x00, 
    0x34, 0x00, 0x00, 0x07, 0x22, 0x00, 0x10, 0x00, 0x06, 0x00, 0x00, 0x00, 
    0x1a, 0x00, 0x10, 0x00, 0x06, 0x00, 0x00, 0x00, 0x2a, 0x00, 0x10, 0x00, 
    0x06, 0x00, 0x00, 0x00, 0x37, 0x00, 0x00, 0x0f, 0xc2, 0x00, 0x10, 0x00, 
    0x0c, 0x00, 0x00, 0x00, 0xf6, 0x0f, 0x10, 0x00, 0x03, 0x00, 0x00, 0x00, 
    0x02, 0x40, 0x00, 0x00, 0x00, 0x00, 0x00, 0x00, 0x00, 0x00, 0x00, 0x00, 
    0x0d, 0x00, 0x00, 0x00, 0x0c, 0x00, 0x00, 0x00, 0x02, 0x40, 0x00, 0x00, 
    0x00, 0x00, 0x00, 0x00, 0x00, 0x00, 0x00, 0x00, 0x0c, 0x00, 0x00, 0x00, 
    0x0d, 0x00, 0x00, 0x00, 0x31, 0x00, 0x00, 0x07, 0x82, 0x00, 0x10, 0x00, 
    0x03, 0x00, 0x00, 0x00, 0x0a, 0x00, 0x10, 0x00, 0x08, 0x00, 0x00, 0x00, 
    0x3a, 0x00, 0x10, 0x00, 0x06, 0x00, 0x00, 0x00, 0x33, 0x00, 0x00, 0x07, 
    0x42, 0x00, 0x10, 0x00, 0x06, 0x00, 0x00, 0x00, 0x3a, 0x00, 0x10, 0x00, 
    0x06, 0x00, 0x00, 0x00, 0x0a, 0x00, 0x10, 0x00, 0x08, 0x00, 0x00, 0x00, 
    0x34, 0x00, 0x00, 0x07, 0x82, 0x00, 0x10, 0x00, 0x06, 0x00, 0x00, 0x00, 
    0x3a, 0x00, 0x10, 0x00, 0x06, 0x00, 0x00, 0x00, 0x0a, 0x00, 0x10, 0x00, 
    0x08, 0x00, 0x00, 0x00, 0x37, 0x00, 0x00, 0x0f, 0x32, 0x00, 0x10, 0x00, 
    0x0d, 0x00, 0x00, 0x00, 0xf6, 0x0f, 0x10, 0x00, 0x03, 0x00, 0x00, 0x00, 
    0x02, 0x40, 0x00, 0x00, 0x0f, 0x00, 0x00, 0x00, 0x0e, 0x00, 0x00, 0x00, 
    0x00, 0x00, 0x00, 0x00, 0x00, 0x00, 0x00, 0x00, 0x02, 0x40, 0x00, 0x00, 
    0x0e, 0x00, 0x00, 0x00, 0x0f, 0x00, 0x00, 0x00, 0x00, 0x00, 0x00, 0x00, 
    0x00, 0x00, 0x00, 0x00, 0x31, 0x00, 0x00, 0x07, 0x82, 0x00, 0x10, 0x00, 
    0x03, 0x00, 0x00, 0x00, 0x2a, 0x00, 0x10, 0x00, 0x08, 0x00, 0x00, 0x00, 
    0x1a, 0x00, 0x10, 0x00, 0x08, 0x00, 0x00, 0x00, 0x33, 0x00, 0x00, 0x07, 
    0x12, 0x00, 0x10, 0x00, 0x08, 0x00, 0x00, 0x00, 0x2a, 0x00, 0x10, 0x00, 
    0x08, 0x00, 0x00, 0x00, 0x1a, 0x00, 0x10, 0x00, 0x08, 0x00, 0x00, 0x00, 
    0x34, 0x00, 0x00, 0x07, 0x22, 0x00, 0x10, 0x00, 0x08, 0x00, 0x00, 0x00, 
    0x1a, 0x00, 0x10, 0x00, 0x08, 0x00, 0x00, 0x00, 0x2a, 0x00, 0x10, 0x00, 
    0x08, 0x00, 0x00, 0x00, 0x37, 0x00, 0x00, 0x0f, 0xc2, 0x00, 0x10, 0x00, 
    0x0d, 0x00, 0x00, 0x00, 0xf6, 0x0f, 0x10, 0x00, 0x03, 0x00, 0x00, 0x00, 
    0x02, 0x40, 0x00, 0x00, 0x00, 0x00, 0x00, 0x00, 0x00, 0x00, 0x00, 0x00, 
    0x11, 0x00, 0x00, 0x00, 0x10, 0x00, 0x00, 0x00, 0x02, 0x40, 0x00, 0x00, 
    0x00, 0x00, 0x00, 0x00, 0x00, 0x00, 0x00, 0x00, 0x10, 0x00, 0x00, 0x00, 
    0x11, 0x00, 0x00, 0x00, 0x31, 0x00, 0x00, 0x07, 0x82, 0x00, 0x10, 0x00, 
    0x03, 0x00, 0x00, 0x00, 0x2a, 0x00, 0x10, 0x00, 0x00, 0x00, 0x00, 0x00, 
    0x3a, 0x00, 0x10, 0x00, 0x08, 0x00, 0x00, 0x00, 0x33, 0x00, 0x00, 0x07, 
    0x42, 0x00, 0x10, 0x00, 0x08, 0x00, 0x00, 0x00, 0x2a, 0x00, 0x10, 0x00, 
    0x00, 0x00, 0x00, 0x00, 0x3a, 0x00, 0x10, 0x00, 0x08, 0x00, 0x00, 0x00, 
    0x34, 0x00, 0x00, 0x07, 0x42, 0x00, 0x10, 0x00, 0x00, 0x00, 0x00, 0x00, 
    0x3a, 0x00, 0x10, 0x00, 0x08, 0x00, 0x00, 0x00, 0x2a, 0x00, 0x10, 0x00, 
    0x00, 0x00, 0x00, 0x00, 0x37, 0x00, 0x00, 0x0f, 0x32, 0x00, 0x10, 0x00, 
    0x0e, 0x00, 0x00, 0x00, 0xf6, 0x0f, 0x10, 0x00, 0x03, 0x00, 0x00, 0x00, 
    0x02, 0x40, 0x00, 0x00, 0x13, 0x00, 0x00, 0x00, 0x12, 0x00, 0x00, 0x00, 
    0x00, 0x00, 0x00, 0x00, 0x00, 0x00, 0x00, 0x00, 0x02, 0x40, 0x00, 0x00, 
    0x12, 0x00, 0x00, 0x00, 0x13, 0x00, 0x00, 0x00, 0x00, 0x00, 0x00, 0x00, 
    0x00, 0x00, 0x00, 0x00, 0x31, 0x00, 0x00, 0x07, 0x82, 0x00, 0x10, 0x00, 
    0x03, 0x00, 0x00, 0x00, 0x0a, 0x00, 0x10, 0x00, 0x03, 0x00, 0x00, 0x00, 
    0x2a, 0x00, 0x10, 0x00, 0x02, 0x00, 0x00, 0x00, 0x33, 0x00, 0x00, 0x07, 
    0x82, 0x00, 0x10, 0x00, 0x08, 0x00, 0x00, 0x00, 0x2a, 0x00, 0x10, 0x00, 
    0x02, 0x00, 0x00, 0x00, 0x0a, 0x00, 0x10, 0x00, 0x03, 0x00, 0x00, 0x00, 
    0x34, 0x00, 0x00, 0x07, 0x42, 0x00, 0x10, 0x00, 0x02, 0x00, 0x00, 0x00, 
    0x2a, 0x00, 0x10, 0x00, 0x02, 0x00, 0x00, 0x00, 0x0a, 0x00, 0x10, 0x00, 
    0x03, 0x00, 0x00, 0x00, 0x37, 0x00, 0x00, 0x0f, 0x92, 0x00, 0x10, 0x00, 
    0x03, 0x00, 0x00, 0x00, 0xf6, 0x0f, 0x10, 0x00, 0x03, 0x00, 0x00, 0x00, 
    0x02, 0x40, 0x00, 0x00, 0x15, 0x00, 0x00, 0x00, 0x00, 0x00, 0x00, 0x00, 
    0x00, 0x00, 0x00, 0x00, 0x14, 0x00, 0x00, 0x00, 0x02, 0x40, 0x00, 0x00, 
    0x14, 0x00, 0x00, 0x00, 0x00, 0x00, 0x00, 0x00, 0x00, 0x00, 0x00, 0x00, 
    0x15, 0x00, 0x00, 0x00, 0x31, 0x00, 0x00, 0x07, 0x82, 0x00, 0x10, 0x00, 
    0x09, 0x00, 0x00, 0x00, 0x2a, 0x00, 0x10, 0x00, 0x03, 0x00, 0x00, 0x00, 
    0x1a, 0x00, 0x10, 0x00, 0x03, 0x00, 0x00, 0x00, 0x33, 0x00, 0x00, 0x07, 
    0x42, 0x00, 0x10, 0x00, 0x0e, 0x00, 0x00, 0x00, 0x2a, 0x00, 0x10, 0x00, 
    0x03, 0x00, 0x00, 0x00, 0x1a, 0x00, 0x10, 0x00, 0x03, 0x00, 0x00, 0x00, 
    0x34, 0x00, 0x00, 0x07, 0x22, 0x00, 0x10, 0x00, 0x03, 0x00, 0x00, 0x00, 
    0x1a, 0x00, 0x10, 0x00, 0x03, 0x00, 0x00, 0x00, 0x2a, 0x00, 0x10, 0x00, 
    0x03, 0x00, 0x00, 0x00, 0x37, 0x00, 0x00, 0x0f, 0x32, 0x00, 0x10, 0x00, 
    0x0f, 0x00, 0x00, 0x00, 0xf6, 0x0f, 0x10, 0x00, 0x09, 0x00, 0x00, 0x00, 
    0x02, 0x40, 0x00, 0x00, 0x17, 0x00, 0x00, 0x00, 0x16, 0x00, 0x00, 0x00, 
    0x00, 0x00, 0x00, 0x00, 0x00, 0x00, 0x00, 0x00, 0x02, 0x40, 0x00, 0x00, 
    0x16, 0x00, 0x00, 0x00, 0x17, 0x00, 0x00, 0x00, 0x00, 0x00, 0x00, 0x00, 
    0x00, 0x00, 0x00, 0x00, 0x31, 0x00, 0x00, 0x07, 0x42, 0x00, 0x10, 0x00, 
    0x03, 0x00, 0x00, 0x00, 0x2a, 0x00, 0x10, 0x00, 0x09, 0x00, 0x00, 0x00, 
    0x0a, 0x00, 0x10, 0x00, 0x09, 0x00, 0x00, 0x00, 0x33, 0x00, 0x00, 0x07, 
    0x82, 0x00, 0x10, 0x00, 0x09, 0x00, 0x00, 0x00, 0x2a, 0x00, 0x10, 0x00, 
    0x09, 0x00, 0x00, 0x00, 0x0a, 0x00, 0x10, 0x00, 0x09, 0x00, 0x00, 0x00, 
    0x8e, 0x00, 0x00, 0x0b, 0x12, 0x00, 0x10, 0x00, 0x0a, 0x00, 0x00, 0x00, 
    0x12, 0x00, 0x10, 0x00, 0x10, 0x00, 0x00, 0x00, 0x2a, 0x00, 0x10, 0x00, 
    0x03, 0x00, 0x00, 0x00, 0x0a, 0x00, 0x10, 0x00, 0x0a, 0x00, 0x00, 0x00, 
    0x1a, 0x00, 0x10, 0x00, 0x09, 0x00, 0x00, 0x00, 0x34, 0x00, 0x00, 0x07, 
    0x42, 0x00, 0x10, 0x00, 0x03, 0x00, 0x00, 0x00, 0x0a, 0x00, 0x10, 0x00, 
    0x09, 0x00, 0x00, 0x00, 0x2a, 0x00, 0x10, 0x00, 0x09, 0x00, 0x00, 0x00, 
    0x31, 0x00, 0x00, 0x07, 0x12, 0x00, 0x10, 0x00, 0x09, 0x00, 0x00, 0x00, 
    0x0a, 0x00, 0x10, 0x00, 0x04, 0x00, 0x00, 0x00, 0x0a, 0x00, 0x10, 0x00, 
    0x02, 0x00, 0x00, 0x00, 0x33, 0x00, 0x00, 0x07, 0x22, 0x00, 0x10, 0x00, 
    0x09, 0x00, 0x00, 0x00, 0x0a, 0x00, 0x10, 0x00, 0x02, 0x00, 0x00, 0x00, 
    0x0a, 0x00, 0x10, 0x00, 0x04, 0x00, 0x00, 0x00, 0x8e, 0x00, 0x00, 0x0b, 
    0x12, 0x00, 0x10, 0x00, 0x09, 0x00, 0x00, 0x00, 0x12, 0x00, 0x10, 0x00, 
    0x11, 0x00, 0x00, 0x00, 0x0a, 0x00, 0x10, 0x00, 0x09, 0x00, 0x00, 0x00, 
    0x1a, 0x00, 0x10, 0x00, 0x0a, 0x00, 0x00, 0x00, 0x3a, 0x00, 0x10, 0x00, 
    0x02, 0x00, 0x00, 0x00, 0x34, 0x00, 0x00, 0x07, 0x12, 0x00, 0x10, 0x00, 
    0x02, 0x00, 0x00, 0x00, 0x0a, 0x00, 0x10, 0x00, 0x02, 0x00, 0x00, 0x00, 
    0x0a, 0x00, 0x10, 0x00, 0x04, 0x00, 0x00, 0x00, 0x31, 0x00, 0x00, 0x07, 
    0x82, 0x00, 0x10, 0x00, 0x02, 0x00, 0x00, 0x00, 0x3a, 0x00, 0x10, 0x00, 
    0x04, 0x00, 0x00, 0x00, 0x1a, 0x00, 0x10, 0x00, 0x04, 0x00, 0x00, 0x00, 
    0x33, 0x00, 0x00, 0x07, 0x12, 0x00, 0x10, 0x00, 0x04, 0x00, 0x00, 0x00, 
    0x3a, 0x00, 0x10, 0x00, 0x04, 0x00, 0x00, 0x00, 0x1a, 0x00, 0x10, 0x00, 
    0x04, 0x00, 0x00, 0x00, 0x8e, 0x00, 0x00, 0x0b, 0x12, 0x00, 0x10, 0x00, 
    0x0b, 0x00, 0x00, 0x00, 0x12, 0x00, 0x10, 0x00, 0x12, 0x00, 0x00, 0x00, 
    0x3a, 0x00, 0x10, 0x00, 0x02, 0x00, 0x00, 0x00, 0x0a, 0x00, 0x10, 0x00, 
    0x0b, 0x00, 0x00, 0x00, 0x2a, 0x00, 0x10, 0x00, 0x0a, 0x00, 0x00, 0x00, 
    0x34, 0x00, 0x00, 0x07, 0x82, 0x00, 0x10, 0x00, 0x02, 0x00, 0x00, 0x00, 
    0x1a, 0x00, 0x10, 0x00, 0x04, 0x00, 0x00, 0x00, 0x3a, 0x00, 0x10, 0x00, 
    0x04, 0x00, 0x00, 0x00, 0x31, 0x00, 0x00, 0x07, 0x22, 0x00, 0x10, 0x00, 
    0x04, 0x00, 0x00, 0x00, 0x0a, 0x00, 0x10, 0x00, 0x05, 0x00, 0x00, 0x00, 
    0x2a, 0x00, 0x10, 0x00, 0x04, 0x00, 0x00, 0x00, 0x33, 0x00, 0x00, 0x07, 
    0x82, 0x00, 0x10, 0x00, 0x04, 0x00, 0x00, 0x00, 0x2a, 0x00, 0x10, 0x00, 
    0x04, 0x00, 0x00, 0x00, 0x0a, 0x00, 0x10, 0x00, 0x05, 0x00, 0x00, 0x00, 
    0x8e, 0x00, 0x00, 0x0b, 0x12, 0x00, 0x10, 0x00, 0x13, 0x00, 0x00, 0x00, 
    0x12, 0x00, 0x10, 0x00, 0x14, 0x00, 0x00, 0x00, 0x1a, 0x00, 0x10, 0x00, 
    0x04, 0x00, 0x00, 0x00, 0x1a, 0x00, 0x10, 0x00, 0x0b, 0x00, 0x00, 0x00, 
    0x3a, 0x00, 0x10, 0x00, 0x0a, 0x00, 0x00, 0x00, 0x34, 0x00, 0x00, 0x07, 
    0x22, 0x00, 0x10, 0x00, 0x04, 0x00, 0x00, 0x00, 0x2a, 0x00, 0x10, 0x00, 
    0x04, 0x00, 0x00, 0x00, 0x0a, 0x00, 0x10, 0x00, 0x05, 0x00, 0x00, 0x00, 
    0x31, 0x00, 0x00, 0x07, 0x42, 0x00, 0x10, 0x00, 0x04, 0x00, 0x00, 0x00, 
    0x3a, 0x00, 0x10, 0x00, 0x05, 0x00, 0x00, 0x00, 0x1a, 0x00, 0x10, 0x00, 
    0x05, 0x00, 0x00, 0x00, 0x33, 0x00, 0x00, 0x07, 0x12, 0x00, 0x10, 0x00, 
    0x05, 0x00, 0x00, 0x00, 0x3a, 0x00, 0x10, 0x00, 0x05, 0x00, 0x00, 0x00, 
    0x1a, 0x00, 0x10, 0x00, 0x05, 0x00, 0x00, 0x00, 0x8e, 0x00, 0x00, 0x0b, 
    0x12, 0x00, 0x10, 0x00, 0x0c, 0x00, 0x00, 0x00, 0x12, 0x00, 0x10, 0x00, 
    0x15, 0x00, 0x00, 0x00, 0x2a, 0x00, 0x10, 0x00, 0x04, 0x00, 0x00, 0x00, 
    0x0a, 0x00, 0x10, 0x00, 0x0c, 0x00, 0x00, 0x00, 0x2a, 0x00, 0x10, 0x00, 
    0x0b, 0x00, 0x00, 0x00, 0x34, 0x00, 0x00, 0x07, 0x42, 0x00, 0x10, 0x00, 
    0x04, 0x00, 0x00, 0x00, 0x1a, 0x00, 0x10, 0x00, 0x05, 0x00, 0x00, 0x00, 
    0x3a, 0x00, 0x10, 0x00, 0x05, 0x00, 0x00, 0x00, 0x31, 0x00, 0x00, 0x07, 
    0x22, 0x00, 0x10, 0x00, 0x05, 0x00, 0x00, 0x00, 0x0a, 0x00, 0x10, 0x00, 
    0x06, 0x00, 0x00, 0x00, 0x2a, 0x00, 0x10, 0x00, 0x05, 0x00, 0x00, 0x00, 
    0x33, 0x00, 0x00, 0x07, 0x82, 0x00, 0x10, 0x00, 0x05, 0x00, 0x00, 0x00, 
    0x2a, 0x00, 0x10, 0x00, 0x05, 0x00, 0x00, 0x00, 0x0a, 0x00, 0x10, 0x00, 
    0x06, 0x00, 0x00, 0x00, 0x8e, 0x00, 0x00, 0x0b, 0x12, 0x00, 0x10, 0x00, 
    0x16, 0x00, 0x00, 0x00, 0x12, 0x00, 0x10, 0x00, 0x17, 0x00, 0x00, 0x00, 
    0x1a, 0x00, 0x10, 0x00, 0x05, 0x00, 0x00, 0x00, 0x1a, 0x00, 0x10, 0x00, 
    0x0c, 0x00, 0x00, 0x00, 0x3a, 0x00, 0x10, 0x00, 0x0b, 0x00, 0x00, 0x00, 
    0x34, 0x00, 0x00, 0x07, 0x22, 0x00, 0x10, 0x00, 0x05, 0x00, 0x00, 0x00, 
    0x2a, 0x00, 0x10, 0x00, 0x05, 0x00, 0x00, 0x00, 0x0a, 0x00, 0x10, 0x00, 
    0x06, 0x00, 0x00, 0x00, 0x31, 0x00, 0x00, 0x07, 0x42, 0x00, 0x10, 0x00, 
    0x05, 0x00, 0x00, 0x00, 0x2a, 0x00, 0x10, 0x00, 0x06, 0x00, 0x00, 0x00, 
    0x0a, 0x00, 0x10, 0x00, 0x07, 0x00, 0x00, 0x00, 0x33, 0x00, 0x00, 0x07, 
    0x12, 0x00, 0x10, 0x00, 0x06, 0x00, 0x00, 0x00, 0x2a, 0x00, 0x10, 0x00, 
    0x06, 0x00, 0x00, 0x00, 0x0a, 0x00, 0x10, 0x00, 0x07, 0x00, 0x00, 0x00, 
    0x8e, 0x00, 0x00, 0x0b, 0x12, 0x00, 0x10, 0x00, 0x0d, 0x00, 0x00, 0x00, 
    0x12, 0x00, 0x10, 0x00, 0x18, 0x00, 0x00, 0x00, 0x2a, 0x00, 0x10, 0x00, 
    0x05, 0x00, 0x00, 0x00, 0x0a, 0x00, 0x10, 0x00, 0x0d, 0x00, 0x00, 0x00, 
    0x2a, 0x00, 0x10, 0x00, 0x0c, 0x00, 0x00, 0x00, 0x34, 0x00, 0x00, 0x07, 
    0x42, 0x00, 0x10, 0x00, 0x05, 0x00, 0x00, 0x00, 0x0a, 0x00, 0x10, 0x00, 
    0x07, 0x00, 0x00, 0x00, 0x2a, 0x00, 0x10, 0x00, 0x06, 0x00, 0x00, 0x00, 
    0x31, 0x00, 0x00, 0x07, 0x42, 0x00, 0x10, 0x00, 0x06, 0x00, 0x00, 0x00, 
    0x3a, 0x00, 0x10, 0x00, 0x06, 0x00, 0x00, 0x00, 0x1a, 0x00, 0x10, 0x00, 
    0x06, 0x00, 0x00, 0x00, 0x33, 0x00, 0x00, 0x07, 0x12, 0x00, 0x10, 0x00, 
    0x07, 0x00, 0x00, 0x00, 0x3a, 0x00, 0x10, 0x00, 0x06, 0x00, 0x00, 0x00, 
    0x1a, 0x00, 0x10, 0x00, 0x06, 0x00, 0x00, 0x00, 0x8e, 0x00, 0x00, 0x0b, 
    0x12, 0x00, 0x10, 0x00, 0x19, 0x00, 0x00, 0x00, 0x12, 0x00, 0x10, 0x00, 
    0x1a, 0x00, 0x00, 0x00, 0x2a, 0x00, 0x10, 0x00, 0x06, 0x00, 0x00, 0x00, 
    0x1a, 0x00, 0x10, 0x00, 0x0d, 0x00, 0x00, 0x00, 0x3a, 0x00, 0x10, 0x00, 
    0x0c, 0x00, 0x00, 0x00, 0x34, 0x00, 0x00, 0x07, 0x22, 0x00, 0x10, 0x00, 
    0x06, 0x00, 0x00, 0x00, 0x1a, 0x00, 0x10, 0x00, 0x06, 0x00, 0x00, 0x00, 
    0x3a, 0x00, 0x10, 0x00, 0x06, 0x00, 0x00, 0x00, 0x31, 0x00, 0x00, 0x07, 
    0x42, 0x00, 0x10, 0x00, 0x06, 0x00, 0x00, 0x00, 0x2a, 0x00, 0x10, 0x00, 
    0x08, 0x00, 0x00, 0x00, 0x0a, 0x00, 0x10, 0x00, 0x08, 0x00, 0x00, 0x00, 
    0x33, 0x00, 0x00, 0x07, 0x82, 0x00, 0x10, 0x00, 0x06, 0x00, 0x00, 0x00, 
    0x2a, 0x00, 0x10, 0x00, 0x08, 0x00, 0x00, 0x00, 0x0a, 0x00, 0x10, 0x00, 
    0x08, 0x00, 0x00, 0x00, 0x8e, 0x00, 0x00, 0x0b, 0x12, 0x00, 0x10, 0x00, 
    0x0e, 0x00, 0x00, 0x00, 0x12, 0x00, 0x10, 0x00, 0x1b, 0x00, 0x00, 0x00, 
    0x2a, 0x00, 0x10, 0x00, 0x06, 0x00, 0x00, 0x00, 0x0a, 0x00, 0x10, 0x00, 
    0x0e, 0x00, 0x00, 0x00, 0x2a, 0x00, 0x10, 0x00, 0x0d, 0x00, 0x00, 0x00, 
    0x34, 0x00, 0x00, 0x07, 0x42, 0x00, 0x10, 0x00, 0x06, 0x00, 0x00, 0x00, 
    0x0a, 0x00, 0x10, 0x00, 0x08, 0x00, 0x00, 0x00, 0x2a, 0x00, 0x10, 0x00, 
    0x08, 0x00, 0x00, 0x00, 0x31, 0x00, 0x00, 0x07, 0x12, 0x00, 0x10, 0x00, 
    0x08, 0x00, 0x00, 0x00, 0x2a, 0x00, 0x10, 0x00, 0x00, 0x00, 0x00, 0x00, 
    0x1a, 0x00, 0x10, 0x00, 0x08, 0x00, 0x00, 0x00, 0x33, 0x00, 0x00, 0x07, 
    0x42, 0x00, 0x10, 0x00, 0x08, 0x00, 0x00, 0x00, 0x2a, 0x00, 0x10, 0x00, 
    0x00, 0x00, 0x00, 0x00, 0x1a, 0x00, 0x10, 0x00, 0x08, 0x00, 0x00, 0x00, 
    0x8e, 0x00, 0x00, 0x0b, 0x12, 0x00, 0x10, 0x00, 0x08, 0x00, 0x00, 0x00, 
    0x12, 0x00, 0x10, 0x00, 0x1c, 0x00, 0x00, 0x00, 0x0a, 0x00, 0x10, 0x00, 
    0x08, 0x00, 0x00, 0x00, 0x1a, 0x00, 0x10, 0x00, 0x0e, 0x00, 0x00, 0x00, 
    0x3a, 0x00, 0x10, 0x00, 0x0d, 0x00, 0x00, 0x00, 0x34, 0x00, 0x00, 0x07, 
    0x42, 0x00, 0x10, 0x00, 0x00, 0x00, 0x00, 0x00, 0x1a, 0x00, 0x10, 0x00, 
    0x08, 0x00, 0x00, 0x00, 0x2a, 0x00, 0x10, 0x00, 0x00, 0x00, 0x00, 0x00, 
    0x31, 0x00, 0x00, 0x07, 0x22, 0x00, 0x10, 0x00, 0x08, 0x00, 0x00, 0x00, 
    0x2a, 0x00, 0x10, 0x00, 0x0e, 0x00, 0x00, 0x00, 0x3a, 0x00, 0x10, 0x00, 
    0x08, 0x00, 0x00, 0x00, 0x33, 0x00, 0x00, 0x07, 0x42, 0x00, 0x10, 0x00, 
    0x09, 0x00, 0x00, 0x00, 0x3a, 0x00, 0x10, 0x00, 0x08, 0x00, 0x00, 0x00, 
    0x2a, 0x00, 0x10, 0x00, 0x0e, 0x00, 0x00, 0x00, 0x8e, 0x00, 0x00, 0x0b, 
    0x12, 0x00, 0x10, 0x00, 0x03, 0x00, 0x00, 0x00, 0x12, 0x00, 0x10, 0x00, 
    0x0f, 0x00, 0x00, 0x00, 0x1a, 0x00, 0x10, 0x00, 0x08, 0x00, 0x00, 0x00, 
    0x0a, 0x00, 0x10, 0x00, 0x0f, 0x00, 0x00, 0x00, 0x0a, 0x00, 0x10, 0x00, 
    0x03, 0x00, 0x00, 0x00, 0x34, 0x00, 0x00, 0x07, 0x22, 0x00, 0x10, 0x00, 
    0x08, 0x00, 0x00, 0x00, 0x3a, 0x00, 0x10, 0x00, 0x08, 0x00, 0x00, 0x00, 
    0x2a, 0x00, 0x10, 0x00, 0x0e, 0x00, 0x00, 0x00, 0x31, 0x00, 0x00, 0x07, 
    0x82, 0x00, 0x10, 0x00, 0x08, 0x00, 0x00, 0x00, 0x3a, 0x00, 0x10, 0x00, 
    0x00, 0x00, 0x00, 0x00, 0x2a, 0x00, 0x10, 0x00, 0x02, 0x00, 0x00, 0x00, 
    0x33, 0x00, 0x00, 0x07, 0x22, 0x00, 0x10, 0x00, 0x0a, 0x00, 0x00, 0x00, 
    0x3a, 0x00, 0x10, 0x00, 0x00, 0x00, 0x00, 0x00, 0x2a, 0x00, 0x10, 0x00, 
    0x02, 0x00, 0x00, 0x00, 0x8e, 0x00, 0x00, 0x0b, 0x12, 0x00, 0x10, 0x00, 
    0x1d, 0x00, 0x00, 0x00, 0x12, 0x00, 0x10, 0x00, 0x1e, 0x00, 0x00, 0x00, 
    0x3a, 0x00, 0x10, 0x00, 0x08, 0x00, 0x00, 0x00, 0x01, 0x40, 0x00, 0x00, 
    0x18, 0x00, 0x00, 0x00, 0x3a, 0x00, 0x10, 0x00, 0x03, 0x00, 0x00, 0x00, 
    0x34, 0x00, 0x00, 0x07, 0x82, 0x00, 0x10, 0x00, 0x00, 0x00, 0x00, 0x00, 
    0x3a, 0x00, 0x10, 0x00, 0x00, 0x00, 0x00, 0x00, 0x2a, 0x00, 0x10, 0x00, 
    0x02, 0x00, 0x00, 0x00, 0x31, 0x00, 0x00, 0x07, 0x42, 0x00, 0x10, 0x00, 
    0x02, 0x00, 0x00, 0x00, 0x0a, 0x00, 0x10, 0x00, 0x04, 0x00, 0x00, 0x00, 
    0x3a, 0x00, 0x10, 0x00, 0x09, 0x00, 0x00, 0x00, 0x33, 0x00, 0x00, 0x07, 
    0x82, 0x00, 0x10, 0x00, 0x03, 0x00, 0x00, 0x00, 0x0a, 0x00, 0x10, 0x00, 
    0x04, 0x00, 0x00, 0x00, 0x3a, 0x00, 0x10, 0x00, 0x09, 0x00, 0x00, 0x00, 
    0x8e, 0x00, 0x00, 0x0b, 0x12, 0x00, 0x10, 0x00, 0x10, 0x00, 0x00, 0x00, 
    0x12, 0x00, 0x10, 0x00, 0x12, 0x00, 0x00, 0x00, 0x2a, 0x00, 0x10, 0x00, 
    0x02, 0x00, 0x00, 0x00, 0x0a, 0x00, 0x10, 0x00, 0x12, 0x00, 0x00, 0x00, 
    0x0a, 0x00, 0x10, 0x00, 0x10, 0x00, 0x00, 0x00, 0x34, 0x00, 0x00, 0x07, 
    0x42, 0x00, 0x10, 0x00, 0x02, 0x00, 0x00, 0x00, 0x3a, 0x00, 0x10, 0x00, 
    0x09, 0x00, 0x00, 0x00, 0x0a, 0x00, 0x10, 0x00, 0x04, 0x00, 0x00, 0x00, 
    0x31, 0x00, 0x00, 0x07, 0x12, 0x00, 0x10, 0x00, 0x04, 0x00, 0x00, 0x00, 
    0x3a, 0x00, 0x10, 0x00, 0x04, 0x00, 0x00, 0x00, 0x1a, 0x00, 0x10, 0x00, 
    0x09, 0x00, 0x00, 0x00, 0x33, 0x00, 0x00, 0x07, 0x82, 0x00, 0x10, 0x00, 
    0x08, 0x00, 0x00, 0x00, 0x3a, 0x00, 0x10, 0x00, 0x04, 0x00, 0x00, 0x00, 
    0x1a, 0x00, 0x10, 0x00, 0x09, 0x00, 0x00, 0x00, 0x8e, 0x00, 0x00, 0x0b, 
    0x12, 0x00, 0x10, 0x00, 0x04, 0x00, 0x00, 0x00, 0x12, 0x00, 0x10, 0x00, 
    0x11, 0x00, 0x00, 0x00, 0x0a, 0x00, 0x10, 0x00, 0x04, 0x00, 0x00, 0x00, 
    0x0a, 0x00, 0x10, 0x00, 0x14, 0x00, 0x00, 0x00, 0x0a, 0x00, 0x10, 0x00, 
    0x11, 0x00, 0x00, 0x00, 0x34, 0x00, 0x00, 0x07, 0x82, 0x00, 0x10, 0x00, 
    0x04, 0x00, 0x00, 0x00, 0x1a, 0x00, 0x10, 0x00, 0x09, 0x00, 0x00, 0x00, 
    0x3a, 0x00, 0x10, 0x00, 0x04, 0x00, 0x00, 0x00, 0x31, 0x00, 0x00, 0x07, 
    0x22, 0x00, 0x10, 0x00, 0x09, 0x00, 0x00, 0x00, 0x3a, 0x00, 0x10, 0x00, 
    0x02, 0x00, 0x00, 0x00, 0x2a, 0x00, 0x10, 0x00, 0x03, 0x00, 0x00, 0x00, 
    0x33, 0x00, 0x00, 0x07, 0x82, 0x00, 0x10, 0x00, 0x09, 0x00, 0x00, 0x00, 
    0x3a, 0x00, 0x10, 0x00, 0x02, 0x00, 0x00, 0x00, 0x2a, 0x00, 0x10, 0x00, 
    0x03, 0x00, 0x00, 0x00, 0x8e, 0x00, 0x00, 0x0b, 0x12, 0x00, 0x10, 0x00, 
    0x0a, 0x00, 0x00, 0x00, 0x12, 0x00, 0x10, 0x00, 0x0b, 0x00, 0x00, 0x00, 
    0x1a, 0x00, 0x10, 0x00, 0x09, 0x00, 0x00, 0x00, 0x0a, 0x00, 0x10, 0x00, 
    0x0b, 0x00, 0x00, 0x00, 0x0a, 0x00, 0x10, 0x00, 0x0a, 0x00, 0x00, 0x00, 
    0x34, 0x00, 0x00, 0x07, 0x82, 0x00, 0x10, 0x00, 0x02, 0x00, 0x00, 0x00, 
    0x2a, 0x00, 0x10, 0x00, 0x03, 0x00, 0x00, 0x00, 0x3a, 0x00, 0x10, 0x00, 
    0x02, 0x00, 0x00, 0x00, 0x31, 0x00, 0x00, 0x07, 0x42, 0x00, 0x10, 0x00, 
    0x03, 0x00, 0x00, 0x00, 0x1a, 0x00, 0x10, 0x00, 0x04, 0x00, 0x00, 0x00, 
    0x0a, 0x00, 0x10, 0x00, 0x02, 0x00, 0x00, 0x00, 0x33, 0x00, 0x00, 0x07, 
    0x22, 0x00, 0x10, 0x00, 0x09, 0x00, 0x00, 0x00, 0x0a, 0x00, 0x10, 0x00, 
    0x02, 0x00, 0x00, 0x00, 0x1a, 0x00, 0x10, 0x00, 0x04, 0x00, 0x00, 0x00, 
    0x8e, 0x00, 0x00, 0x0b, 0x12, 0x00, 0x10, 0x00, 0x09, 0x00, 0x00, 0x00, 
    0x12, 0x00, 0x10, 0x00, 0x13, 0x00, 0x00, 0x00, 0x2a, 0x00, 0x10, 0x00, 
    0x03, 0x00, 0x00, 0x00, 0x0a, 0x00, 0x10, 0x00, 0x13, 0x00, 0x00, 0x00, 
    0x0a, 0x00, 0x10, 0x00, 0x09, 0x00, 0x00, 0x00, 0x34, 0x00, 0x00, 0x07, 
    0x12, 0x00, 0x10, 0x00, 0x02, 0x00, 0x00, 0x00, 0x0a, 0x00, 0x10, 0x00, 
    0x02, 0x00, 0x00, 0x00, 0x1a, 0x00, 0x10, 0x00, 0x04, 0x00, 0x00, 0x00, 
    0x31, 0x00, 0x00, 0x07, 0x42, 0x00, 0x10, 0x00, 0x03, 0x00, 0x00, 0x00, 
    0x0a, 0x00, 0x10, 0x00, 0x06, 0x00, 0x00, 0x00, 0x0a, 0x00, 0x10, 0x00, 
    0x05, 0x00, 0x00, 0x00, 0x33, 0x00, 0x00, 0x07, 0x22, 0x00, 0x10, 0x00, 
    0x04, 0x00, 0x00, 0x00, 0x0a, 0x00, 0x10, 0x00, 0x05, 0x00, 0x00, 0x00, 
    0x0a, 0x00, 0x10, 0x00, 0x06, 0x00, 0x00, 0x00, 0x8e, 0x00, 0x00, 0x0b, 
    0x12, 0x00, 0x10, 0x00, 0x14, 0x00, 0x00, 0x00, 0x12, 0x00, 0x10, 0x00, 
    0x15, 0x00, 0x00, 0x00, 0x2a, 0x00, 0x10, 0x00, 0x03, 0x00, 0x00, 0x00, 
    0x0a, 0x00, 0x10, 0x00, 0x18, 0x00, 0x00, 0x00, 0x0a, 0x00, 0x10, 0x00, 
    0x15, 0x00, 0x00, 0x00, 0x34, 0x00, 0x00, 0x07, 0x42, 0x00, 0x10, 0x00, 
    0x03, 0x00, 0x00, 0x00, 0x0a, 0x00, 0x10, 0x00, 0x05, 0x00, 0x00, 0x00, 
    0x0a, 0x00, 0x10, 0x00, 0x06, 0x00, 0x00, 0x00, 0x31, 0x00, 0x00, 0x07, 
    0x12, 0x00, 0x10, 0x00, 0x05, 0x00, 0x00, 0x00, 0x0a, 0x00, 0x10, 0x00, 
    0x07, 0x00, 0x00, 0x00, 0x3a, 0x00, 0x10, 0x00, 0x05, 0x00, 0x00, 0x00, 
    0x33, 0x00, 0x00, 0x07, 0x12, 0x00, 0x10, 0x00, 0x06, 0x00, 0x00, 0x00, 
    0x3a, 0x00, 0x10, 0x00, 0x05, 0x00, 0x00, 0x00, 0x0a, 0x00, 0x10, 0x00, 
    0x07, 0x00, 0x00, 0x00, 0x8e, 0x00, 0x00, 0x0b, 0x12, 0x00, 0x10, 0x00, 
    0x05, 0x00, 0x00, 0x00, 0x12, 0x00, 0x10, 0x00, 0x17, 0x00, 0x00, 0x00, 
    0x0a, 0x00, 0x10, 0x00, 0x05, 0x00, 0x00, 0x00, 0x0a, 0x00, 0x10, 0x00, 
    0x1a, 0x00, 0x00, 0x00, 0x0a, 0x00, 0x10, 0x00, 0x17, 0x00, 0x00, 0x00, 
    0x34, 0x00, 0x00, 0x07, 0x82, 0x00, 0x10, 0x00, 0x05, 0x00, 0x00, 0x00, 
    0x3a, 0x00, 0x10, 0x00, 0x05, 0x00, 0x00, 0x00, 0x0a, 0x00, 0x10, 0x00, 
    0x07, 0x00, 0x00, 0x00, 0x31, 0x00, 0x00, 0x07, 0x12, 0x00, 0x10, 0x00, 
    0x07, 0x00, 0x00, 0x00, 0x2a, 0x00, 0x10, 0x00, 0x05, 0x00, 0x00, 0x00, 
    0x2a, 0x00, 0x10, 0x00, 0x04, 0x00, 0x00, 0x00, 0x33, 0x00, 0x00, 0x07, 
    0x42, 0x00, 0x10, 0x00, 0x0a, 0x00, 0x00, 0x00, 0x2a, 0x00, 0x10, 0x00, 
    0x04, 0x00, 0x00, 0x00, 0x2a, 0x00, 0x10, 0x00, 0x05, 0x00, 0x00, 0x00, 
    0x8e, 0x00, 0x00, 0x0b, 0x12, 0x00, 0x10, 0x00, 0x07, 0x00, 0x00, 0x00, 
    0x12, 0x00, 0x10, 0x00, 0x0c, 0x00, 0x00, 0x00, 0x0a, 0x00, 0x10, 0x00, 
    0x07, 0x00, 0x00, 0x00, 0x0a, 0x00, 0x10, 0x00, 0x0d, 0x00, 0x00, 0x00, 
    0x0a, 0x00, 0x10, 0x00, 0x0c, 0x00, 0x00, 0x00, 0x34, 0x00, 0x00, 0x07, 
    0x42, 0x00, 0x10, 0x00, 0x04, 0x00, 0x00, 0x00, 0x2a, 0x00, 0x10, 0x00, 
    0x04, 0x00, 0x00, 0x00, 0x2a, 0x00, 0x10, 0x00, 0x05, 0x00, 0x00, 0x00, 
    0x31, 0x00, 0x00, 0x07, 0x42, 0x00, 0x10, 0x00, 0x05, 0x00, 0x00, 0x00, 
    0x1a, 0x00, 0x10, 0x00, 0x06, 0x00, 0x00, 0x00, 0x1a, 0x00, 0x10, 0x00, 
    0x05, 0x00, 0x00, 0x00, 0x33, 0x00, 0x00, 0x07, 0x82, 0x00, 0x10, 0x00, 
    0x0a, 0x00, 0x00, 0x00, 0x1a, 0x00, 0x10, 0x00, 0x05, 0x00, 0x00, 0x00, 
    0x1a, 0x00, 0x10, 0x00, 0x06, 0x00, 0x00, 0x00, 0x8e, 0x00, 0x00, 0x0b, 
    0x12, 0x00, 0x10, 0x00, 0x0d, 0x00, 0x00, 0x00, 0x12, 0x00, 0x10, 0x00, 
    0x16, 0x00, 0x00, 0x00, 0x2a, 0x00, 0x10, 0x00, 0x05, 0x00, 0x00, 0x00, 
    0x0a, 0x00, 0x10, 0x00, 0x19, 0x00, 0x00, 0x00, 0x0a, 0x00, 0x10, 0x00, 
    0x16, 0x00, 0x00, 0x00, 0x34, 0x00, 0x00, 0x07, 0x22, 0x00, 0x10, 0x00, 
    0x05, 0x00, 0x00, 0x00, 0x1a, 0x00, 0x10, 0x00, 0x05, 0x00, 0x00, 0x00, 
    0x1a, 0x00, 0x10, 0x00, 0x06, 0x00, 0x00, 0x00, 0x31, 0x00, 0x00, 0x07, 
    0x42, 0x00, 0x10, 0x00, 0x05, 0x00, 0x00, 0x00, 0x2a, 0x00, 0x10, 0x00, 
    0x09, 0x00, 0x00, 0x00, 0x3a, 0x00, 0x10, 0x00, 0x06, 0x00, 0x00, 0x00, 
    0x33, 0x00, 0x00, 0x07, 0x22, 0x00, 0x10, 0x00, 0x06, 0x00, 0x00, 0x00, 
    0x3a, 0x00, 0x10, 0x00, 0x06, 0x00, 0x00, 0x00, 0x2a, 0x00, 0x10, 0x00, 
    0x09, 0x00, 0x00, 0x00, 0x8e, 0x00, 0x00, 0x0b, 0x12, 0x00, 0x10, 0x00, 
    0x0f, 0x00, 0x00, 0x00, 0x12, 0x00, 0x10, 0x00, 0x18, 0x00, 0x00, 0x00, 
    0x2a, 0x00, 0x10, 0x00, 0x05, 0x00, 0x00, 0x00, 0x0a, 0x00, 0x10, 0x00, 
    0x0f, 0x00, 0x00, 0x00, 0x0a, 0x00, 0x10, 0x00, 0x1b, 0x00, 0x00, 0x00, 
    0x34, 0x00, 0x00, 0x07, 0x42, 0x00, 0x10, 0x00, 0x05, 0x00, 0x00, 0x00, 
    0x3a, 0x00, 0x10, 0x00, 0x06, 0x00, 0x00, 0x00, 0x2a, 0x00, 0x10, 0x00, 
    0x09, 0x00, 0x00, 0x00, 0x31, 0x00, 0x00, 0x07, 0x82, 0x00, 0x10, 0x00, 
    0x06, 0x00, 0x00, 0x00, 0x1a, 0x00, 0x10, 0x00, 0x08, 0x00, 0x00, 0x00, 
    0x1a, 0x00, 0x10, 0x00, 0x0a, 0x00, 0x00, 0x00, 0x33, 0x00, 0x00, 0x07, 
    0x42, 0x00, 0x10, 0x00, 0x09, 0x00, 0x00, 0x00, 0x1a, 0x00, 0x10, 0x00, 
    0x08, 0x00, 0x00, 0x00, 0x1a, 0x00, 0x10, 0x00, 0x0a, 0x00, 0x00, 0x00, 
    0x8e, 0x00, 0x00, 0x0b, 0x12, 0x00, 0x10, 0x00, 0x03, 0x00, 0x00, 0x00, 
    0x12, 0x00, 0x10, 0x00, 0x19, 0x00, 0x00, 0x00, 0x3a, 0x00, 0x10, 0x00, 
    0x06, 0x00, 0x00, 0x00, 0x0a, 0x00, 0x10, 0x00, 0x03, 0x00, 0x00, 0x00, 
    0x0a, 0x00, 0x10, 0x00, 0x1e, 0x00, 0x00, 0x00, 0x34, 0x00, 0x00, 0x07, 
    0x82, 0x00, 0x10, 0x00, 0x06, 0x00, 0x00, 0x00, 0x1a, 0x00, 0x10, 0x00, 
    0x08, 0x00, 0x00, 0x00, 0x1a, 0x00, 0x10, 0x00, 0x0a, 0x00, 0x00, 0x00, 
    0x31, 0x00, 0x00, 0x07, 0x22, 0x00, 0x10, 0x00, 0x08, 0x00, 0x00, 0x00, 
    0x3a, 0x00, 0x10, 0x00, 0x00, 0x00, 0x00, 0x00, 0x1a, 0x00, 0x10, 0x00, 
    0x03, 0x00, 0x00, 0x00, 0x33, 0x00, 0x00, 0x07, 0x22, 0x00, 0x10, 0x00, 
    0x0a, 0x00, 0x00, 0x00, 0x3a, 0x00, 0x10, 0x00, 0x00, 0x00, 0x00, 0x00, 
    0x1a, 0x00, 0x10, 0x00, 0x03, 0x00, 0x00, 0x00, 0x8e, 0x00, 0x00, 0x0b, 
    0x12, 0x00, 0x10, 0x00, 0x1a, 0x00, 0x00, 0x00, 0x12, 0x00, 0x10, 0x00, 
    0x1b, 0x00, 0x00, 0x00, 0x1a, 0x00, 0x10, 0x00, 0x08, 0x00, 0x00, 0x00, 
    0x0a, 0x00, 0x10, 0x00, 0x1d, 0x00, 0x00, 0x00, 0x1a, 0x00, 0x10, 0x00, 
    0x0f, 0x00, 0x00, 0x00, 0x34, 0x00, 0x00, 0x07, 0x82, 0x00, 0x10, 0x00, 
    0x00, 0x00, 0x00, 0x00, 0x1a, 0x00, 0x10, 0x00, 0x03, 0x00, 0x00, 0x00, 
    0x3a, 0x00, 0x10, 0x00, 0x00, 0x00, 0x00, 0x00, 0x31, 0x00, 0x00, 0x07, 
    0x22, 0x00, 0x10, 0x00, 0x03, 0x00, 0x00, 0x00, 0x1a, 0x00, 0x10, 0x00, 
    0x04, 0x00, 0x00, 0x00, 0x3a, 0x00, 0x10, 0x00, 0x03, 0x00, 0x00, 0x00, 
    0x33, 0x00, 0x00, 0x07, 0x22, 0x00, 0x10, 0x00, 0x08, 0x00, 0x00, 0x00, 
    0x3a, 0x00, 0x10, 0x00, 0x03, 0x00, 0x00, 0x00, 0x1a, 0x00, 0x10, 0x00, 
    0x04, 0x00, 0x00, 0x00, 0x8e, 0x00, 0x00, 0x0b, 0x12, 0x00, 0x10, 0x00, 
    0x12, 0x00, 0x00, 0x00, 0x12, 0x00, 0x10, 0x00, 0x15, 0x00, 0x00, 0x00, 
    0x1a, 0x00, 0x10, 0x00, 0x03, 0x00, 0x00, 0x00, 0x0a, 0x00, 0x10, 0x00, 
    0x15, 0x00, 0x00, 0x00, 0x0a, 0x00, 0x10, 0x00, 0x12, 0x00, 0x00, 0x00, 
    0x34, 0x00, 0x00, 0x07, 0x22, 0x00, 0x10, 0x00, 0x03, 0x00, 0x00, 0x00, 
    0x3a, 0x00, 0x10, 0x00, 0x03, 0x00, 0x00, 0x00, 0x1a, 0x00, 0x10, 0x00, 
    0x04, 0x00, 0x00, 0x00, 0x31, 0x00, 0x00, 0x07, 0x82, 0x00, 0x10, 0x00, 
    0x03, 0x00, 0x00, 0x00, 0x2a, 0x00, 0x10, 0x00, 0x03, 0x00, 0x00, 0x00, 
    0x3a, 0x00, 0x10, 0x00, 0x08, 0x00, 0x00, 0x00, 0x33, 0x00, 0x00, 0x07, 
    0x22, 0x00, 0x10, 0x00, 0x04, 0x00, 0x00, 0x00, 0x2a, 0x00, 0x10, 0x00, 
    0x03, 0x00, 0x00, 0x00, 0x3a, 0x00, 0x10, 0x00, 0x08, 0x00, 0x00, 0x00, 
    0x8e, 0x00, 0x00, 0x0b, 0x12, 0x00, 0x10, 0x00, 0x11, 0x00, 0x00, 0x00, 
    0x12, 0x00, 0x10, 0x00, 0x14, 0x00, 0x00, 0x00, 0x3a, 0x00, 0x10, 0x00, 
    0x03, 0x00, 0x00, 0x00, 0x0a, 0x00, 0x10, 0x00, 0x14, 0x00, 0x00, 0x00, 
    0x0a, 0x00, 0x10, 0x00, 0x11, 0x00, 0x00, 0x00, 0x34, 0x00, 0x00, 0x07, 
    0x42, 0x00, 0x10, 0x00, 0x03, 0x00, 0x00, 0x00, 0x3a, 0x00, 0x10, 0x00, 
    0x08, 0x00, 0x00, 0x00, 0x2a, 0x00, 0x10, 0x00, 0x03, 0x00, 0x00, 0x00, 
    0x31, 0x00, 0x00, 0x07, 0x82, 0x00, 0x10, 0x00, 0x03, 0x00, 0x00, 0x00, 
    0x2a, 0x00, 0x10, 0x00, 0x0a, 0x00, 0x00, 0x00, 0x3a, 0x00, 0x10, 0x00, 
    0x09, 0x00, 0x00, 0x00, 0x33, 0x00, 0x00, 0x07, 0x82, 0x00, 0x10, 0x00, 
    0x08, 0x00, 0x00, 0x00, 0x3a, 0x00, 0x10, 0x00, 0x09, 0x00, 0x00, 0x00, 
    0x2a, 0x00, 0x10, 0x00, 0x0a, 0x00, 0x00, 0x00, 0x8e, 0x00, 0x00, 0x0b, 
    0x12, 0x00, 0x10, 0x00, 0x0b, 0x00, 0x00, 0x00, 0x12, 0x00, 0x10, 0x00, 
    0x0c, 0x00, 0x00, 0x00, 0x3a, 0x00, 0x10, 0x00, 0x03, 0x00, 0x00, 0x00, 
    0x0a, 0x00, 0x10, 0x00, 0x0c, 0x00, 0x00, 0x00, 0x0a, 0x00, 0x10, 0x00, 
    0x0b, 0x00, 0x00, 0x00, 0x34, 0x00, 0x00, 0x07, 0x82, 0x00, 0x10, 0x00, 
    0x03, 0x00, 0x00, 0x00, 0x3a, 0x00, 0x10, 0x00, 0x09, 0x00, 0x00, 0x00, 
    0x2a, 0x00, 0x10, 0x00, 0x0a, 0x00, 0x00, 0x00, 0x31, 0x00, 0x00, 0x07, 
    0x82, 0x00, 0x10, 0x00, 0x09, 0x00, 0x00, 0x00, 0x2a, 0x00, 0x10, 0x00, 
    0x04, 0x00, 0x00, 0x00, 0x1a, 0x00, 0x10, 0x00, 0x09, 0x00, 0x00, 0x00, 
    0x33, 0x00, 0x00, 0x07, 0x42, 0x00, 0x10, 0x00, 0x0a, 0x00, 0x00, 0x00, 
    0x2a, 0x00, 0x10, 0x00, 0x04, 0x00, 0x00, 0x00, 0x1a, 0x00, 0x10, 0x00, 
    0x09, 0x00, 0x00, 0x00, 0x8e, 0x00, 0x00, 0x0b, 0x12, 0x00, 0x10, 0x00, 
    0x07, 0x00, 0x00, 0x00, 0x12, 0x00, 0x10, 0x00, 0x13, 0x00, 0x00, 0x00, 
    0x3a, 0x00, 0x10, 0x00, 0x09, 0x00, 0x00, 0x00, 0x0a, 0x00, 0x10, 0x00, 
    0x07, 0x00, 0x00, 0x00, 0x0a, 0x00, 0x10, 0x00, 0x13, 0x00, 0x00, 0x00, 
    0x34, 0x00, 0x00, 0x07, 0x42, 0x00, 0x10, 0x00, 0x04, 0x00, 0x00, 0x00, 
    0x1a, 0x00, 0x10, 0x00, 0x09, 0x00, 0x00, 0x00, 0x2a, 0x00, 0x10, 0x00, 
    0x04, 0x00, 0x00, 0x00, 0x31, 0x00, 0x00, 0x07, 0x22, 0x00, 0x10, 0x00, 
    0x09, 0x00, 0x00, 0x00, 0x0a, 0x00, 0x10, 0x00, 0x06, 0x00, 0x00, 0x00, 
    0x2a, 0x00, 0x10, 0x00, 0x02, 0x00, 0x00, 0x00, 0x33, 0x00, 0x00, 0x07, 
    0x82, 0x00, 0x10, 0x00, 0x09, 0x00, 0x00, 0x00, 0x2a, 0x00, 0x10, 0x00, 
    0x02, 0x00, 0x00, 0x00, 0x0a, 0x00, 0x10, 0x00, 0x06, 0x00, 0x00, 0x00, 
    0x8e, 0x00, 0x00, 0x0b, 0x12, 0x00, 0x10, 0x00, 0x10, 0x00, 0x00, 0x00, 
    0x12, 0x00, 0x10, 0x00, 0x17, 0x00, 0x00, 0x00, 0x1a, 0x00, 0x10, 0x00, 
    0x09, 0x00, 0x00, 0x00, 0x0a, 0x00, 0x10, 0x00, 0x17, 0x00, 0x00, 0x00, 
    0x0a, 0x00, 0x10, 0x00, 0x10, 0x00, 0x00, 0x00, 0x34, 0x00, 0x00, 0x07, 
    0x42, 0x00, 0x10, 0x00, 0x02, 0x00, 0x00, 0x00, 0x2a, 0x00, 0x10, 0x00, 
    0x02, 0x00, 0x00, 0x00, 0x0a, 0x00, 0x10, 0x00, 0x06, 0x00, 0x00, 0x00, 
    0x31, 0x00, 0x00, 0x07, 0x12, 0x00, 0x10, 0x00, 0x06, 0x00, 0x00, 0x00, 
    0x3a, 0x00, 0x10, 0x00, 0x05, 0x00, 0x00, 0x00, 0x3a, 0x00, 0x10, 0x00, 
    0x04, 0x00, 0x00, 0x00, 0x33, 0x00, 0x00, 0x07, 0x22, 0x00, 0x10, 0x00, 
    0x09, 0x00, 0x00, 0x00, 0x3a, 0x00, 0x10, 0x00, 0x04, 0x00, 0x00, 0x00, 
    0x3a, 0x00, 0x10, 0x00, 0x05, 0x00, 0x00, 0x00, 0x8e, 0x00, 0x00, 0x0b, 
    0x12, 0x00, 0x10, 0x00, 0x04, 0x00, 0x00, 0x00, 0x12, 0x00, 0x10, 0x00, 
    0x05, 0x00, 0x00, 0x00, 0x0a, 0x00, 0x10, 0x00, 0x06, 0x00, 0x00, 0x00, 
    0x0a, 0x00, 0x10, 0x00, 0x05, 0x00, 0x00, 0x00, 0x0a, 0x00, 0x10, 0x00, 
    0x04, 0x00, 0x00, 0x00, 0x34, 0x00, 0x00, 0x07, 0x82, 0x00, 0x10, 0x00, 
    0x04, 0x00, 0x00, 0x00, 0x3a, 0x00, 0x10, 0x00, 0x04, 0x00, 0x00, 0x00, 
    0x3a, 0x00, 0x10, 0x00, 0x05, 0x00, 0x00, 0x00, 0x31, 0x00, 0x00, 0x07, 
    0x82, 0x00, 0x10, 0x00, 0x05, 0x00, 0x00, 0x00, 0x3a, 0x00, 0x10, 0x00, 
    0x0a, 0x00, 0x00, 0x00, 0x3a, 0x00, 0x10, 0x00, 0x02, 0x00, 0x00, 0x00, 
    0x33, 0x00, 0x00, 0x07, 0x12, 0x00, 0x10, 0x00, 0x06, 0x00, 0x00, 0x00, 
    0x3a, 0x00, 0x10, 0x00, 0x02, 0x00, 0x00, 0x00, 0x3a, 0x00, 0x10, 0x00, 
    0x0a, 0x00, 0x00, 0x00, 0x8e, 0x00, 0x00, 0x0b, 0x12, 0x00, 0x10, 0x00, 
    0x0a, 0x00, 0x00, 0x00, 0x12, 0x00, 0x10, 0x00, 0x16, 0x00, 0x00, 0x00, 
    0x3a, 0x00, 0x10, 0x00, 0x05, 0x00, 0x00, 0x00, 0x0a, 0x00, 0x10, 0x00, 
    0x16, 0x00, 0x00, 0x00, 0x0a, 0x00, 0x10, 0x00, 0x0a, 0x00, 0x00, 0x00, 
    0x34, 0x00, 0x00, 0x07, 0x82, 0x00, 0x10, 0x00, 0x02, 0x00, 0x00, 0x00, 
    0x3a, 0x00, 0x10, 0x00, 0x02, 0x00, 0x00, 0x00, 0x3a, 0x00, 0x10, 0x00, 
    0x0a, 0x00, 0x00, 0x00, 0x31, 0x00, 0x00, 0x07, 0x82, 0x00, 0x10, 0x00, 
    0x05, 0x00, 0x00, 0x00, 0x1a, 0x00, 0x10, 0x00, 0x05, 0x00, 0x00, 0x00, 
    0x0a, 0x00, 0x10, 0x00, 0x02, 0x00, 0x00, 0x00, 0x33, 0x00, 0x00, 0x07, 
    0x82, 0x00, 0x10, 0x00, 0x0a, 0x00, 0x00, 0x00, 0x0a, 0x00, 0x10, 0x00, 
    0x02, 0x00, 0x00, 0x00, 0x1a, 0x00, 0x10, 0x00, 0x05, 0x00, 0x00, 0x00, 
    0x8e, 0x00, 0x00, 0x0b, 0x12, 0x00, 0x10, 0x00, 0x09, 0x00, 0x00, 0x00, 
    0x12, 0x00, 0x10, 0x00, 0x0d, 0x00, 0x00, 0x00, 0x3a, 0x00, 0x10, 0x00, 
    0x05, 0x00, 0x00, 0x00, 0x0a, 0x00, 0x10, 0x00, 0x0d, 0x00, 0x00, 0x00, 
    0x0a, 0x00, 0x10, 0x00, 0x09, 0x00, 0x00, 0x00, 0x34, 0x00, 0x00, 0x07, 
    0x12, 0x00, 0x10, 0x00, 0x02, 0x00, 0x00, 0x00, 0x0a, 0x00, 0x10, 0x00, 
    0x02, 0x00, 0x00, 0x00, 0x1a, 0x00, 0x10, 0x00, 0x05, 0x00, 0x00, 0x00, 
    0x31, 0x00, 0x00, 0x07, 0x22, 0x00, 0x10, 0x00, 0x05, 0x00, 0x00, 0x00, 
    0x3a, 0x00, 0x10, 0x00, 0x06, 0x00, 0x00, 0x00, 0x2a, 0x00, 0x10, 0x00, 
    0x08, 0x00, 0x00, 0x00, 0x33, 0x00, 0x00, 0x07, 0x82, 0x00, 0x10, 0x00, 
    0x05, 0x00, 0x00, 0x00, 0x3a, 0x00, 0x10, 0x00, 0x06, 0x00, 0x00, 0x00, 
    0x2a, 0x00, 0x10, 0x00, 0x08, 0x00, 0x00, 0x00, 0x8e, 0x00, 0x00, 0x0b, 
    0x12, 0x00, 0x10, 0x00, 0x03, 0x00, 0x00, 0x00, 0x12, 0x00, 0x10, 0x00, 
    0x1c, 0x00, 0x00, 0x00, 0x1a, 0x00, 0x10, 0x00, 0x05, 0x00, 0x00, 0x00, 
    0x0a, 0x00, 0x10, 0x00, 0x03, 0x00, 0x00, 0x00, 0x0a, 0x00, 0x10, 0x00, 
    0x1c, 0x00, 0x00, 0x00, 0x34, 0x00, 0x00, 0x07, 0x22, 0x00, 0x10, 0x00, 
    0x05, 0x00, 0x00, 0x00, 0x2a, 0x00, 0x10, 0x00, 0x08, 0x00, 0x00, 0x00, 
    0x3a, 0x00, 0x10, 0x00, 0x06, 0x00, 0x00, 0x00, 0x31, 0x00, 0x00, 0x07, 
    0x82, 0x00, 0x10, 0x00, 0x06, 0x00, 0x00, 0x00, 0x2a, 0x00, 0x10, 0x00, 
    0x09, 0x00, 0x00, 0x00, 0x2a, 0x00, 0x10, 0x00, 0x06, 0x00, 0x00, 0x00, 
    0x33, 0x00, 0x00, 0x07, 0x42, 0x00, 0x10, 0x00, 0x08, 0x00, 0x00, 0x00, 
    0x2a, 0x00, 0x10, 0x00, 0x06, 0x00, 0x00, 0x00, 0x2a, 0x00, 0x10, 0x00, 
    0x09, 0x00, 0x00, 0x00, 0x8e, 0x00, 0x00, 0x0b, 0x12, 0x00, 0x10, 0x00, 
    0x0e, 0x00, 0x00, 0x00, 0x12, 0x00, 0x10, 0x00, 0x19, 0x00, 0x00, 0x00, 
    0x3a, 0x00, 0x10, 0x00, 0x06, 0x00, 0x00, 0x00, 0x0a, 0x00, 0x10, 0x00, 
    0x19, 0x00, 0x00, 0x00, 0x0a, 0x00, 0x10, 0x00, 0x0e, 0x00, 0x00, 0x00, 
    0x34, 0x00, 0x00, 0x07, 0x42, 0x00, 0x10, 0x00, 0x06, 0x00, 0x00, 0x00, 
    0x2a, 0x00, 0x10, 0x00, 0x06, 0x00, 0x00, 0x00, 0x2a, 0x00, 0x10, 0x00, 
    0x09, 0x00, 0x00, 0x00, 0x31, 0x00, 0x00, 0x07, 0x82, 0x00, 0x10, 0x00, 
    0x06, 0x00, 0x00, 0x00, 0x3a, 0x00, 0x10, 0x00, 0x00, 0x00, 0x00, 0x00, 
    0x2a, 0x00, 0x10, 0x00, 0x00, 0x00, 0x00, 0x00, 0x33, 0x00, 0x00, 0x07, 
    0x42, 0x00, 0x10, 0x00, 0x09, 0x00, 0x00, 0x00, 0x3a, 0x00, 0x10, 0x00, 
    0x00, 0x00, 0x00, 0x00, 0x2a, 0x00, 0x10, 0x00, 0x00, 0x00, 0x00, 0x00, 
    0x8e, 0x00, 0x00, 0x0b, 0x12, 0x00, 0x10, 0x00, 0x08, 0x00, 0x00, 0x00, 
    0x12, 0x00, 0x10, 0x00, 0x1a, 0x00, 0x00, 0x00, 0x3a, 0x00, 0x10, 0x00, 
    0x06, 0x00, 0x00, 0x00, 0x0a, 0x00, 0x10, 0x00, 0x1a, 0x00, 0x00, 0x00, 
    0x0a, 0x00, 0x10, 0x00, 0x08, 0x00, 0x00, 0x00, 0x34, 0x00, 0x00, 0x07, 
    0x42, 0x00, 0x10, 0x00, 0x00, 0x00, 0x00, 0x00, 0x2a, 0x00, 0x10, 0x00, 
    0x00, 0x00, 0x00, 0x00, 0x3a, 0x00, 0x10, 0x00, 0x00, 0x00, 0x00, 0x00, 
    0x31, 0x00, 0x00, 0x07, 0x82, 0x00, 0x10, 0x00, 0x00, 0x00, 0x00, 0x00, 
    0x2a, 0x00, 0x10, 0x00, 0x08, 0x00, 0x00, 0x00, 0x1a, 0x00, 0x10, 0x00, 
    0x04, 0x00, 0x00, 0x00, 0x33, 0x00, 0x00, 0x07, 0x82, 0x00, 0x10, 0x00, 
    0x06, 0x00, 0x00, 0x00, 0x1a, 0x00, 0x10, 0x00, 0x04, 0x00, 0x00, 0x00, 
    0x2a, 0x00, 0x10, 0x00, 0x08, 0x00, 0x00, 0x00, 0x8e, 0x00, 0x00, 0x0b, 
    0x12, 0x00, 0x10, 0x00, 0x14, 0x00, 0x00, 0x00, 0x12, 0x00, 0x10, 0x00, 
    0x19, 0x00, 0x00, 0x00, 0x3a, 0x00, 0x10, 0x00, 0x00, 0x00, 0x00, 0x00, 
    0x0a, 0x00, 0x10, 0x00, 0x19, 0x00, 0x00, 0x00, 0x0a, 0x00, 0x10, 0x00, 
    0x14, 0x00, 0x00, 0x00, 0x34, 0x00, 0x00, 0x07, 0x82, 0x00, 0x10, 0x00, 
    0x00, 0x00, 0x00, 0x00, 0x1a, 0x00, 0x10, 0x00, 0x04, 0x00, 0x00, 0x00, 
    0x2a, 0x00, 0x10, 0x00, 0x08, 0x00, 0x00, 0x00, 0x31, 0x00, 0x00, 0x07, 
    0x22, 0x00, 0x10, 0x00, 0x04, 0x00, 0x00, 0x00, 0x2a, 0x00, 0x10, 0x00, 
    0x02, 0x00, 0x00, 0x00, 0x2a, 0x00, 0x10, 0x00, 0x0a, 0x00, 0x00, 0x00, 
    0x33, 0x00, 0x00, 0x07, 0x42, 0x00, 0x10, 0x00, 0x08, 0x00, 0x00, 0x00, 
    0x2a, 0x00, 0x10, 0x00, 0x02, 0x00, 0x00, 0x00, 0x2a, 0x00, 0x10, 0x00, 
    0x0a, 0x00, 0x00, 0x00, 0x8e, 0x00, 0x00, 0x0b, 0x12, 0x00, 0x10, 0x00, 
    0x10, 0x00, 0x00, 0x00, 0x12, 0x00, 0x10, 0x00, 0x13, 0x00, 0x00, 0x00, 
    0x1a, 0x00, 0x10, 0x00, 0x04, 0x00, 0x00, 0x00, 0x0a, 0x00, 0x10, 0x00, 
    0x10, 0x00, 0x00, 0x00, 0x0a, 0x00, 0x10, 0x00, 0x13, 0x00, 0x00, 0x00, 
    0x34, 0x00, 0x00, 0x07, 0x42, 0x00, 0x10, 0x00, 0x02, 0x00, 0x00, 0x00, 
    0x2a, 0x00, 0x10, 0x00, 0x0a, 0x00, 0x00, 0x00, 0x2a, 0x00, 0x10, 0x00, 
    0x02, 0x00, 0x00, 0x00, 0x31, 0x00, 0x00, 0x07, 0x22, 0x00, 0x10, 0x00, 
    0x04, 0x00, 0x00, 0x00, 0x3a, 0x00, 0x10, 0x00, 0x05, 0x00, 0x00, 0x00, 
    0x1a, 0x00, 0x10, 0x00, 0x09, 0x00, 0x00, 0x00, 0x33, 0x00, 0x00, 0x07, 
    0x42, 0x00, 0x10, 0x00, 0x0a, 0x00, 0x00, 0x00, 0x3a, 0x00, 0x10, 0x00, 
    0x05, 0x00, 0x00, 0x00, 0x1a, 0x00, 0x10, 0x00, 0x09, 0x00, 0x00, 0x00, 
    0x8e, 0x00, 0x00, 0x0b, 0x12, 0x00, 0x10, 0x00, 0x05, 0x00, 0x00, 0x00, 
    0x12, 0x00, 0x10, 0x00, 0x1c, 0x00, 0x00, 0x00, 0x1a, 0x00, 0x10, 0x00, 
    0x04, 0x00, 0x00, 0x00, 0x0a, 0x00, 0x10, 0x00, 0x1c, 0x00, 0x00, 0x00, 
    0x0a, 0x00, 0x10, 0x00, 0x05, 0x00, 0x00, 0x00, 0x34, 0x00, 0x00, 0x07, 
    0x22, 0x00, 0x10, 0x00, 0x04, 0x00, 0x00, 0x00, 0x1a, 0x00, 0x10, 0x00, 
    0x09, 0x00, 0x00, 0x00, 0x3a, 0x00, 0x10, 0x00, 0x05, 0x00, 0x00, 0x00, 
    0x31, 0x00, 0x00, 0x07, 0x82, 0x00, 0x10, 0x00, 0x05, 0x00, 0x00, 0x00, 
    0x2a, 0x00, 0x10, 0x00, 0x05, 0x00, 0x00, 0x00, 0x0a, 0x00, 0x10, 0x00, 
    0x06, 0x00, 0x00, 0x00, 0x33, 0x00, 0x00, 0x07, 0x22, 0x00, 0x10, 0x00, 
    0x09, 0x00, 0x00, 0x00, 0x2a, 0x00, 0x10, 0x00, 0x05, 0x00, 0x00, 0x00, 
    0x0a, 0x00, 0x10, 0x00, 0x06, 0x00, 0x00, 0x00, 0x8e, 0x00, 0x00, 0x0b, 
    0x12, 0x00, 0x10, 0x00, 0x0f, 0x00, 0x00, 0x00, 0x12, 0x00, 0x10, 0x00, 
    0x16, 0x00, 0x00, 0x00, 0x3a, 0x00, 0x10, 0x00, 0x05, 0x00, 0x00, 0x00, 
    0x0a, 0x00, 0x10, 0x00, 0x0f, 0x00, 0x00, 0x00, 0x0a, 0x00, 0x10, 0x00, 
    0x16, 0x00, 0x00, 0x00, 0x34, 0x00, 0x00, 0x07, 0x42, 0x00, 0x10, 0x00, 
    0x05, 0x00, 0x00, 0x00, 0x2a, 0x00, 0x10, 0x00, 0x05, 0x00, 0x00, 0x00, 
    0x0a, 0x00, 0x10, 0x00, 0x06, 0x00, 0x00, 0x00, 0x31, 0x00, 0x00, 0x07, 
    0x82, 0x00, 0x10, 0x00, 0x05, 0x00, 0x00, 0x00, 0x3a, 0x00, 0x10, 0x00, 
    0x04, 0x00, 0x00, 0x00, 0x3a, 0x00, 0x10, 0x00, 0x0a, 0x00, 0x00, 0x00, 
    0x33, 0x00, 0x00, 0x07, 0x12, 0x00, 0x10, 0x00, 0x06, 0x00, 0x00, 0x00, 
    0x3a, 0x00, 0x10, 0x00, 0x04, 0x00, 0x00, 0x00, 0x3a, 0x00, 0x10, 0x00, 
    0x0a, 0x00, 0x00, 0x00, 0x8e, 0x00, 0x00, 0x0b, 0x12, 0x00, 0x10, 0x00, 
    0x04, 0x00, 0x00, 0x00, 0x12, 0x00, 0x10, 0x00, 0x0d, 0x00, 0x00, 0x00, 
    0x3a, 0x00, 0x10, 0x00, 0x05, 0x00, 0x00, 0x00, 0x0a, 0x00, 0x10, 0x00, 
    0x04, 0x00, 0x00, 0x00, 0x0a, 0x00, 0x10, 0x00, 0x0d, 0x00, 0x00, 0x00, 
    0x34, 0x00, 0x00, 0x07, 0x82, 0x00, 0x10, 0x00, 0x04, 0x00, 0x00, 0x00, 
    0x3a, 0x00, 0x10, 0x00, 0x04, 0x00, 0x00, 0x00, 0x3a, 0x00, 0x10, 0x00, 
    0x0a, 0x00, 0x00, 0x00, 0x31, 0x00, 0x00, 0x07, 0x82, 0x00, 0x10, 0x00, 
    0x05, 0x00, 0x00, 0x00, 0x2a, 0x00, 0x10, 0x00, 0x04, 0x00, 0x00, 0x00, 
    0x3a, 0x00, 0x10, 0x00, 0x02, 0x00, 0x00, 0x00, 0x33, 0x00, 0x00, 0x07, 
    0x82, 0x00, 0x10, 0x00, 0x0a, 0x00, 0x00, 0x00, 0x2a, 0x00, 0x10, 0x00, 
    0x04, 0x00, 0x00, 0x00, 0x3a, 0x00, 0x10, 0x00, 0x02, 0x00, 0x00, 0x00, 
    0x8e, 0x00, 0x00, 0x0b, 0x12, 0x00, 0x10, 0x00, 0x07, 0x00, 0x00, 0x00, 
    0x12, 0x00, 0x10, 0x00, 0x0a, 0x00, 0x00, 0x00, 0x3a, 0x00, 0x10, 0x00, 
    0x05, 0x00, 0x00, 0x00, 0x0a, 0x00, 0x10, 0x00, 0x07, 0x00, 0x00, 0x00, 
    0x0a, 0x00, 0x10, 0x00, 0x0a, 0x00, 0x00, 0x00, 0x34, 0x00, 0x00, 0x07, 
    0x82, 0x00, 0x10, 0x00, 0x02, 0x00, 0x00, 0x00, 0x3a, 0x00, 0x10, 0x00, 
    0x02, 0x00, 0x00, 0x00, 0x2a, 0x00, 0x10, 0x00, 0x04, 0x00, 0x00, 0x00, 
    0x31, 0x00, 0x00, 0x07, 0x42, 0x00, 0x10, 0x00, 0x04, 0x00, 0x00, 0x00, 
    0x1a, 0x00, 0x10, 0x00, 0x05, 0x00, 0x00, 0x00, 0x2a, 0x00, 0x10, 0x00, 
    0x03, 0x00, 0x00, 0x00, 0x33, 0x00, 0x00, 0x07, 0x82, 0x00, 0x10, 0x00, 
    0x05, 0x00, 0x00, 0x00, 0x2a, 0x00, 0x10, 0x00, 0x03, 0x00, 0x00, 0x00, 
    0x1a, 0x00, 0x10, 0x00, 0x05, 0x00, 0x00, 0x00, 0x8e, 0x00, 0x00, 0x0b, 
    0x12, 0x00, 0x10, 0x00, 0x03, 0x00, 0x00, 0x00, 0x12, 0x00, 0x10, 0x00, 
    0x11, 0x00, 0x00, 0x00, 0x2a, 0x00, 0x10, 0x00, 0x04, 0x00, 0x00, 0x00, 
    0x0a, 0x00, 0x10, 0x00, 0x03, 0x00, 0x00, 0x00, 0x0a, 0x00, 0x10, 0x00, 
    0x11, 0x00, 0x00, 0x00, 0x34, 0x00, 0x00, 0x07, 0x42, 0x00, 0x10, 0x00, 
    0x03, 0x00, 0x00, 0x00, 0x2a, 0x00, 0x10, 0x00, 0x03, 0x00, 0x00, 0x00, 
    0x1a, 0x00, 0x10, 0x00, 0x05, 0x00, 0x00, 0x00, 0x31, 0x00, 0x00, 0x07, 
    0x42, 0x00, 0x10, 0x00, 0x04, 0x00, 0x00, 0x00, 0x2a, 0x00, 0x10, 0x00, 
    0x00, 0x00, 0x00, 0x00, 0x0a, 0x00, 0x10, 0x00, 0x02, 0x00, 0x00, 0x00, 
    0x33, 0x00, 0x00, 0x07, 0x22, 0x00, 0x10, 0x00, 0x05, 0x00, 0x00, 0x00, 
    0x2a, 0x00, 0x10, 0x00, 0x00, 0x00, 0x00, 0x00, 0x0a, 0x00, 0x10, 0x00, 
    0x02, 0x00, 0x00, 0x00, 0x37, 0x00, 0x00, 0x09, 0x42, 0x00, 0x10, 0x00, 
    0x04, 0x00, 0x00, 0x00, 0x2a, 0x00, 0x10, 0x00, 0x04, 0x00, 0x00, 0x00, 
    0x0a, 0x00, 0x10, 0x00, 0x08, 0x00, 0x00, 0x00, 0x0a, 0x00, 0x10, 0x00, 
    0x09, 0x00, 0x00, 0x00, 0x34, 0x00, 0x00, 0x07, 0x42, 0x00, 0x10, 0x00, 
    0x00, 0x00, 0x00, 0x00, 0x0a, 0x00, 0x10, 0x00, 0x02, 0x00, 0x00, 0x00, 
    0x2a, 0x00, 0x10, 0x00, 0x00, 0x00, 0x00, 0x00, 0x31, 0x00, 0x00, 0x07, 
    0x12, 0x00, 0x10, 0x00, 0x02, 0x00, 0x00, 0x00, 0x1a, 0x00, 0x10, 0x00, 
    0x0a, 0x00, 0x00, 0x00, 0x2a, 0x00, 0x10, 0x00, 0x06, 0x00, 0x00, 0x00, 
    0x33, 0x00, 0x00, 0x07, 0x12, 0x00, 0x10, 0x00, 0x08, 0x00, 0x00, 0x00, 
    0x1a, 0x00, 0x10, 0x00, 0x0a, 0x00, 0x00, 0x00, 0x2a, 0x00, 0x10, 0x00, 
    0x06, 0x00, 0x00, 0x00, 0x8e, 0x00, 0x00, 0x0b, 0x12, 0x00, 0x10, 0x00, 
    0x02, 0x00, 0x00, 0x00, 0x12, 0x00, 0x10, 0x00, 0x09, 0x00, 0x00, 0x00, 
    0x0a, 0x00, 0x10, 0x00, 0x02, 0x00, 0x00, 0x00, 0x0a, 0x00, 0x10, 0x00, 
    0x1b, 0x00, 0x00, 0x00, 0x0a, 0x00, 0x10, 0x00, 0x0e, 0x00, 0x00, 0x00, 
    0x34, 0x00, 0x00, 0x07, 0x42, 0x00, 0x10, 0x00, 0x06, 0x00, 0x00, 0x00, 
    0x2a, 0x00, 0x10, 0x00, 0x06, 0x00, 0x00, 0x00, 0x1a, 0x00, 0x10, 0x00, 
    0x0a, 0x00, 0x00, 0x00, 0x31, 0x00, 0x00, 0x07, 0x22, 0x00, 0x10, 0x00, 
    0x0a, 0x00, 0x00, 0x00, 0x1a, 0x00, 0x10, 0x00, 0x06, 0x00, 0x00, 0x00, 
    0x3a, 0x00, 0x10, 0x00, 0x06, 0x00, 0x00, 0x00, 0x33, 0x00, 0x00, 0x07, 
    0x22, 0x00, 0x10, 0x00, 0x0b, 0x00, 0x00, 0x00, 0x1a, 0x00, 0x10, 0x00, 
    0x06, 0x00, 0x00, 0x00, 0x3a, 0x00, 0x10, 0x00, 0x06, 0x00, 0x00, 0x00, 
    0x8e, 0x00, 0x00, 0x0b, 0x12, 0x00, 0x10, 0x00, 0x0e, 0x00, 0x00, 0x00, 
    0x12, 0x00, 0x10, 0x00, 0x18, 0x00, 0x00, 0x00, 0x1a, 0x00, 0x10, 0x00, 
    0x0a, 0x00, 0x00, 0x00, 0x0a, 0x00, 0x10, 0x00, 0x18, 0x00, 0x00, 0x00, 
    0x0a, 0x00, 0x10, 0x00, 0x19, 0x00, 0x00, 0x00, 0x34, 0x00, 0x00, 0x07, 
    0x22, 0x00, 0x10, 0x00, 0x06, 0x00, 0x00, 0x00, 0x3a, 0x00, 0x10, 0x00, 
    0x06, 0x00, 0x00, 0x00, 0x1a, 0x00, 0x10, 0x00, 0x06, 0x00, 0x00, 0x00, 
    0x31, 0x00, 0x00, 0x07, 0x82, 0x00, 0x10, 0x00, 0x06, 0x00, 0x00, 0x00, 
    0x3a, 0x00, 0x10, 0x00, 0x05, 0x00, 0x00, 0x00, 0x2a, 0x00, 0x10, 0x00, 
    0x08, 0x00, 0x00, 0x00, 0x33, 0x00, 0x00, 0x07, 0x22, 0x00, 0x10, 0x00, 
    0x0a, 0x00, 0x00, 0x00, 0x3a, 0x00, 0x10, 0x00, 0x05, 0x00, 0x00, 0x00, 
    0x2a, 0x00, 0x10, 0x00, 0x08, 0x00, 0x00, 0x00, 0x8e, 0x00, 0x00, 0x0b, 
    0x12, 0x00, 0x10, 0x00, 0x11, 0x00, 0x00, 0x00, 0x12, 0x00, 0x10, 0x00, 
    0x13, 0x00, 0x00, 0x00, 0x3a, 0x00, 0x10, 0x00, 0x06, 0x00, 0x00, 0x00, 
    0x0a, 0x00, 0x10, 0x00, 0x11, 0x00, 0x00, 0x00, 0x0a, 0x00, 0x10, 0x00, 
    0x13, 0x00, 0x00, 0x00, 0x34, 0x00, 0x00, 0x07, 0x82, 0x00, 0x10, 0x00, 
    0x05, 0x00, 0x00, 0x00, 0x2a, 0x00, 0x10, 0x00, 0x08, 0x00, 0x00, 0x00, 
    0x3a, 0x00, 0x10, 0x00, 0x05, 0x00, 0x00, 0x00, 0x31, 0x00, 0x00, 0x07, 
    0x82, 0x00, 0x10, 0x00, 0x06, 0x00, 0x00, 0x00, 0x0a, 0x00, 0x10, 0x00, 
    0x08, 0x00, 0x00, 0x00, 0x2a, 0x00, 0x10, 0x00, 0x0a, 0x00, 0x00, 0x00, 
    0x33, 0x00, 0x00, 0x07, 0x42, 0x00, 0x10, 0x00, 0x08, 0x00, 0x00, 0x00, 
    0x0a, 0x00, 0x10, 0x00, 0x08, 0x00, 0x00, 0x00, 0x2a, 0x00, 0x10, 0x00, 
    0x0a, 0x00, 0x00, 0x00, 0x8e, 0x00, 0x00, 0x0b, 0x12, 0x00, 0x10, 0x00, 
    0x09, 0x00, 0x00, 0x00, 0x12, 0x00, 0x10, 0x00, 0x19, 0x00, 0x00, 0x00, 
    0x3a, 0x00, 0x10, 0x00, 0x06, 0x00, 0x00, 0x00, 0x0a, 0x00, 0x10, 0x00, 
    0x09, 0x00, 0x00, 0x00, 0x0a, 0x00, 0x10, 0x00, 0x1c, 0x00, 0x00, 0x00, 
    0x34, 0x00, 0x00, 0x07, 0x82, 0x00, 0x10, 0x00, 0x06, 0x00, 0x00, 0x00, 
    0x2a, 0x00, 0x10, 0x00, 0x0a, 0x00, 0x00, 0x00, 0x0a, 0x00, 0x10, 0x00, 
    0x08, 0x00, 0x00, 0x00, 0x31, 0x00, 0x00, 0x07, 0x12, 0x00, 0x10, 0x00, 
    0x08, 0x00, 0x00, 0x00, 0x3a, 0x00, 0x10, 0x00, 0x00, 0x00, 0x00, 0x00, 
    0x1a, 0x00, 0x10, 0x00, 0x09, 0x00, 0x00, 0x00, 0x33, 0x00, 0x00, 0x07, 
    0x42, 0x00, 0x10, 0x00, 0x0a, 0x00, 0x00, 0x00, 0x3a, 0x00, 0x10, 0x00, 
    0x00, 0x00, 0x00, 0x00, 0x1a, 0x00, 0x10, 0x00, 0x09, 0x00, 0x00, 0x00, 
    0x8e, 0x00, 0x00, 0x0b, 0x12, 0x00, 0x10, 0x00, 0x08, 0x00, 0x00, 0x00, 
    0x12, 0x00, 0x10, 0x00, 0x14, 0x00, 0x00, 0x00, 0x0a, 0x00, 0x10, 0x00, 
    0x08, 0x00, 0x00, 0x00, 0x0a, 0x00, 0x10, 0x00, 0x14, 0x00, 0x00, 0x00, 
    0x0a, 0x00, 0x10, 0x00, 0x16, 0x00, 0x00, 0x00, 0x34, 0x00, 0x00, 0x07, 
    0x82, 0x00, 0x10, 0x00, 0x00, 0x00, 0x00, 0x00, 0x3a, 0x00, 0x10, 0x00, 
    0x00, 0x00, 0x00, 0x00, 0x1a, 0x00, 0x10, 0x00, 0x09, 0x00, 0x00, 0x00, 
    0x31, 0x00, 0x00, 0x07, 0x22, 0x00, 0x10, 0x00, 0x09, 0x00, 0x00, 0x00, 
    0x3a, 0x00, 0x10, 0x00, 0x0a, 0x00, 0x00, 0x00, 0x0a, 0x00, 0x10, 0x00, 
    0x06, 0x00, 0x00, 0x00, 0x33, 0x00, 0x00, 0x07, 0x42, 0x00, 0x10, 0x00, 
    0x0b, 0x00, 0x00, 0x00, 0x0a, 0x00, 0x10, 0x00, 0x06, 0x00, 0x00, 0x00, 
    0x3a, 0x00, 0x10, 0x00, 0x0a, 0x00, 0x00, 0x00, 0x8e, 0x00, 0x00, 0x0b, 
    0x12, 0x00, 0x10, 0x00, 0x0a, 0x00, 0x00, 0x00, 0x12, 0x00, 0x10, 0x00, 
    0x0d, 0x00, 0x00, 0x00, 0x1a, 0x00, 0x10, 0x00, 0x09, 0x00, 0x00, 0x00, 
    0x0a, 0x00, 0x10, 0x00, 0x0a, 0x00, 0x00, 0x00, 0x0a, 0x00, 0x10, 0x00, 
    0x0d, 0x00, 0x00, 0x00, 0x34, 0x00, 0x00, 0x07, 0x12, 0x00, 0x10, 0x00, 
    0x06, 0x00, 0x00, 0x00, 0x0a, 0x00, 0x10, 0x00, 0x06, 0x00, 0x00, 0x00, 
    0x3a, 0x00, 0x10, 0x00, 0x0a, 0x00, 0x00, 0x00, 0x31, 0x00, 0x00, 0x07, 
    0x22, 0x00, 0x10, 0x00, 0x09, 0x00, 0x00, 0x00, 0x1a, 0x00, 0x10, 0x00, 
    0x04, 0x00, 0x00, 0x00, 0x3a, 0x00, 0x10, 0x00, 0x03, 0x00, 0x00, 0x00, 
    0x33, 0x00, 0x00, 0x07, 0x82, 0x00, 0x10, 0x00, 0x0a, 0x00, 0x00, 0x00, 
    0x3a, 0x00, 0x10, 0x00, 0x03, 0x00, 0x00, 0x00, 0x1a, 0x00, 0x10, 0x00, 
    0x04, 0x00, 0x00, 0x00, 0x8e, 0x00, 0x00, 0x0b, 0x12, 0x00, 0x10, 0x00, 
    0x05, 0x00, 0x00, 0x00, 0x12, 0x00, 0x10, 0x00, 0x0b, 0x00, 0x00, 0x00, 
    0x1a, 0x00, 0x10, 0x00, 0x09, 0x00, 0x00, 0x00, 0x0a, 0x00, 0x10, 0x00, 
    0x05, 0x00, 0x00, 0x00, 0x0a, 0x00, 0x10, 0x00, 0x0b, 0x00, 0x00, 0x00, 
    0x34, 0x00, 0x00, 0x07, 0x82, 0x00, 0x10, 0x00, 0x03, 0x00, 0x00, 0x00, 
    0x3a, 0x00, 0x10, 0x00, 0x03, 0x00, 0x00, 0x00, 0x1a, 0x00, 0x10, 0x00, 
    0x04, 0x00, 0x00, 0x00, 0x31, 0x00, 0x00, 0x07, 0x22, 0x00, 0x10, 0x00, 
    0x04, 0x00, 0x00, 0x00, 0x2a, 0x00, 0x10, 0x00, 0x06, 0x00, 0x00, 0x00, 
    0x3a, 0x00, 0x10, 0x00, 0x02, 0x00, 0x00, 0x00, 0x33, 0x00, 0x00, 0x07, 
    0x22, 0x00, 0x10, 0x00, 0x09, 0x00, 0x00, 0x00, 0x3a, 0x00, 0x10, 0x00, 
    0x02, 0x00, 0x00, 0x00, 0x2a, 0x00, 0x10, 0x00, 0x06, 0x00, 0x00, 0x00, 
    0x8e, 0x00, 0x00, 0x0b, 0x12, 0x00, 0x10, 0x00, 0x02, 0x00, 0x00, 0x00, 
    0x12, 0x00, 0x10, 0x00, 0x07, 0x00, 0x00, 0x00, 0x1a, 0x00, 0x10, 0x00, 
    0x04, 0x00, 0x00, 0x00, 0x0a, 0x00, 0x10, 0x00, 0x02, 0x00, 0x00, 0x00, 
    0x0a, 0x00, 0x10, 0x00, 0x07, 0x00, 0x00, 0x00, 0x34, 0x00, 0x00, 0x07, 
    0x82, 0x00, 0x10, 0x00, 0x02, 0x00, 0x00, 0x00, 0x3a, 0x00, 0x10, 0x00, 
    0x02, 0x00, 0x00, 0x00, 0x2a, 0x00, 0x10, 0x00, 0x06, 0x00, 0x00, 0x00, 
    0x31, 0x00, 0x00, 0x07, 0x22, 0x00, 0x10, 0x00, 0x04, 0x00, 0x00, 0x00, 
    0x2a, 0x00, 0x10, 0x00, 0x05, 0x00, 0x00, 0x00, 0x2a, 0x00, 0x10, 0x00, 
    0x09, 0x00, 0x00, 0x00, 0x33, 0x00, 0x00, 0x07, 0x42, 0x00, 0x10, 0x00, 
    0x06, 0x00, 0x00, 0x00, 0x2a, 0x00, 0x10, 0x00, 0x05, 0x00, 0x00, 0x00, 
    0x2a, 0x00, 0x10, 0x00, 0x09, 0x00, 0x00, 0x00, 0x8e, 0x00, 0x00, 0x0b, 
    0x12, 0x00, 0x10, 0x00, 0x0f, 0x00, 0x00, 0x00, 0x12, 0x00, 0x10, 0x00, 
    0x16, 0x00, 0x00, 0x00, 0x1a, 0x00, 0x10, 0x00, 0x04, 0x00, 0x00, 0x00, 
    0x0a, 0x00, 0x10, 0x00, 0x0f, 0x00, 0x00, 0x00, 0x0a, 0x00, 0x10, 0x00, 
    0x1a, 0x00, 0x00, 0x00, 0x34, 0x00, 0x00, 0x07, 0x22, 0x00, 0x10, 0x00, 
    0x04, 0x00, 0x00, 0x00, 0x2a, 0x00, 0x10, 0x00, 0x09, 0x00, 0x00, 0x00, 
    0x2a, 0x00, 0x10, 0x00, 0x05, 0x00, 0x00, 0x00, 0x31, 0x00, 0x00, 0x07, 
    0x42, 0x00, 0x10, 0x00, 0x05, 0x00, 0x00, 0x00, 0x1a, 0x00, 0x10, 0x00, 
    0x0b, 0x00, 0x00, 0x00, 0x1a, 0x00, 0x10, 0x00, 0x08, 0x00, 0x00, 0x00, 
    0x34, 0x00, 0x00, 0x07, 0x22, 0x00, 0x10, 0x00, 0x08, 0x00, 0x00, 0x00, 
    0x1a, 0x00, 0x10, 0x00, 0x08, 0x00, 0x00, 0x00, 0x1a, 0x00, 0x10, 0x00, 
    0x0b, 0x00, 0x00, 0x00, 0x37, 0x00, 0x00, 0x09, 0x42, 0x00, 0x10, 0x00, 
    0x05, 0x00, 0x00, 0x00, 0x2a, 0x00, 0x10, 0x00, 0x05, 0x00, 0x00, 0x00, 
    0x0a, 0x00, 0x10, 0x00, 0x15, 0x00, 0x00, 0x00, 0x0a, 0x00, 0x10, 0x00, 
    0x18, 0x00, 0x00, 0x00, 0x31, 0x00, 0x00, 0x07, 0x42, 0x00, 0x10, 0x00, 
    0x09, 0x00, 0x00, 0x00, 0x2a, 0x00, 0x10, 0x00, 0x08, 0x00, 0x00, 0x00, 
    0x3a, 0x00, 0x10, 0x00, 0x08, 0x00, 0x00, 0x00, 0x33, 0x00, 0x00, 0x07, 
    0x22, 0x00, 0x10, 0x00, 0x0b, 0x00, 0x00, 0x00, 0x2a, 0x00, 0x10, 0x00, 
    0x08, 0x00, 0x00, 0x00, 0x3a, 0x00, 0x10, 0x00, 0x08, 0x00, 0x00, 0x00, 
    0x8e, 0x00, 0x00, 0x0b, 0x12, 0x00, 0x10, 0x00, 0x0c, 0x00, 0x00, 0x00, 
    0x12, 0x00, 0x10, 0x00, 0x15, 0x00, 0x00, 0x00, 0x2a, 0x00, 0x10, 0x00, 
    0x09, 0x00, 0x00, 0x00, 0x0a, 0x00, 0x10, 0x00, 0x19, 0x00, 0x00, 0x00, 
    0x0a, 0x00, 0x10, 0x00, 0x0c, 0x00, 0x00, 0x00, 0x34, 0x00, 0x00, 0x07, 
    0x42, 0x00, 0x10, 0x00, 0x08, 0x00, 0x00, 0x00, 0x3a, 0x00, 0x10, 0x00, 
    0x08, 0x00, 0x00, 0x00, 0x2a, 0x00, 0x10, 0x00, 0x08, 0x00, 0x00, 0x00, 
    0x31, 0x00, 0x00, 0x07, 0x82, 0x00, 0x10, 0x00, 0x08, 0x00, 0x00, 0x00, 
    0x1a, 0x00, 0x10, 0x00, 0x06, 0x00, 0x00, 0x00, 0x3a, 0x00, 0x10, 0x00, 
    0x09, 0x00, 0x00, 0x00, 0x33, 0x00, 0x00, 0x07, 0x42, 0x00, 0x10, 0x00, 
    0x09, 0x00, 0x00, 0x00, 0x1a, 0x00, 0x10, 0x00, 0x06, 0x00, 0x00, 0x00, 
    0x3a, 0x00, 0x10, 0x00, 0x09, 0x00, 0x00, 0x00, 0x8e, 0x00, 0x00, 0x0b, 
    0x12, 0x00, 0x10, 0x00, 0x0e, 0x00, 0x00, 0x00, 0x12, 0x00, 0x10, 0x00, 
    0x17, 0x00, 0x00, 0x00, 0x3a, 0x00, 0x10, 0x00, 0x08, 0x00, 0x00, 0x00, 
    0x0a, 0x00, 0x10, 0x00, 0x0e, 0x00, 0x00, 0x00, 0x0a, 0x00, 0x10, 0x00, 
    0x17, 0x00, 0x00, 0x00, 0x34, 0x00, 0x00, 0x07, 0x22, 0x00, 0x10, 0x00, 
    0x06, 0x00, 0x00, 0x00, 0x3a, 0x00, 0x10, 0x00, 0x09, 0x00, 0x00, 0x00, 
    0x1a, 0x00, 0x10, 0x00, 0x06, 0x00, 0x00, 0x00, 0x31, 0x00, 0x00, 0x07, 
    0x82, 0x00, 0x10, 0x00, 0x08, 0x00, 0x00, 0x00, 0x1a, 0x00, 0x10, 0x00, 
    0x03, 0x00, 0x00, 0x00, 0x2a, 0x00, 0x10, 0x00, 0x0a, 0x00, 0x00, 0x00, 
    0x33, 0x00, 0x00, 0x07, 0x82, 0x00, 0x10, 0x00, 0x09, 0x00, 0x00, 0x00, 
    0x1a, 0x00, 0x10, 0x00, 0x03, 0x00, 0x00, 0x00, 0x2a, 0x00, 0x10, 0x00, 
    0x0a, 0x00, 0x00, 0x00, 0x8e, 0x00, 0x00, 0x0b, 0x12, 0x00, 0x10, 0x00, 
    0x12, 0x00, 0x00, 0x00, 0x12, 0x00, 0x10, 0x00, 0x14, 0x00, 0x00, 0x00, 
    0x3a, 0x00, 0x10, 0x00, 0x08, 0x00, 0x00, 0x00, 0x0a, 0x00, 0x10, 0x00, 
    0x12, 0x00, 0x00, 0x00, 0x0a, 0x00, 0x10, 0x00, 0x14, 0x00, 0x00, 0x00, 
    0x34, 0x00, 0x00, 0x07, 0x22, 0x00, 0x10, 0x00, 0x03, 0x00, 0x00, 0x00, 
    0x1a, 0x00, 0x10, 0x00, 0x03, 0x00, 0x00, 0x00, 0x2a, 0x00, 0x10, 0x00, 
    0x0a, 0x00, 0x00, 0x00, 0x31, 0x00, 0x00, 0x07, 0x82, 0x00, 0x10, 0x00, 
    0x08, 0x00, 0x00, 0x00, 0x3a, 0x00, 0x10, 0x00, 0x00, 0x00, 0x00, 0x00, 
    0x2a, 0x00, 0x10, 0x00, 0x0b, 0x00, 0x00, 0x00, 0x33, 0x00, 0x00, 0x07, 
    0x42, 0x00, 0x10, 0x00, 0x0a, 0x00, 0x00, 0x00, 0x3a, 0x00, 0x10, 0x00, 
    0x00, 0x00, 0x00, 0x00, 0x2a, 0x00, 0x10, 0x00, 0x0b, 0x00, 0x00, 0x00, 
    0x8e, 0x00, 0x00, 0x0b, 0x12, 0x00, 0x10, 0x00, 0x08, 0x00, 0x00, 0x00, 
    0x12, 0x00, 0x10, 0x00, 0x0d, 0x00, 0x00, 0x00, 0x3a, 0x00, 0x10, 0x00, 
    0x08, 0x00, 0x00, 0x00, 0x0a, 0x00, 0x10, 0x00, 0x08, 0x00, 0x00, 0x00, 
    0x0a, 0x00, 0x10, 0x00, 0x0d, 0x00, 0x00, 0x00, 0x34, 0x00, 0x00, 0x07, 
    0x82, 0x00, 0x10, 0x00, 0x00, 0x00, 0x00, 0x00, 0x3a, 0x00, 0x10, 0x00, 
    0x00, 0x00, 0x00, 0x00, 0x2a, 0x00, 0x10, 0x00, 0x0b, 0x00, 0x00, 0x00, 
    0x31, 0x00, 0x00, 0x07, 0x82, 0x00, 0x10, 0x00, 0x08, 0x00, 0x00, 0x00, 
    0x3a, 0x00, 0x10, 0x00, 0x06, 0x00, 0x00, 0x00, 0x2a, 0x00, 0x10, 0x00, 
    0x02, 0x00, 0x00, 0x00, 0x33, 0x00, 0x00, 0x07, 0x42, 0x00, 0x10, 0x00, 
    0x0b, 0x00, 0x00, 0x00, 0x2a, 0x00, 0x10, 0x00, 0x02, 0x00, 0x00, 0x00, 
    0x3a, 0x00, 0x10, 0x00, 0x06, 0x00, 0x00, 0x00, 0x8e, 0x00, 0x00, 0x0b, 
    0x12, 0x00, 0x10, 0x00, 0x09, 0x00, 0x00, 0x00, 0x12, 0x00, 0x10, 0x00, 
    0x10, 0x00, 0x00, 0x00, 0x3a, 0x00, 0x10, 0x00, 0x08, 0x00, 0x00, 0x00, 
    0x0a, 0x00, 0x10, 0x00, 0x09, 0x00, 0x00, 0x00, 0x0a, 0x00, 0x10, 0x00, 
    0x10, 0x00, 0x00, 0x00, 0x34, 0x00, 0x00, 0x07, 0x42, 0x00, 0x10, 0x00, 
    0x02, 0x00, 0x00, 0x00, 0x2a, 0x00, 0x10, 0x00, 0x02, 0x00, 0x00, 0x00, 
    0x3a, 0x00, 0x10, 0x00, 0x06, 0x00, 0x00, 0x00, 0x31, 0x00, 0x00, 0x07, 
    0x82, 0x00, 0x10, 0x00, 0x06, 0x00, 0x00, 0x00, 0x1a, 0x00, 0x10, 0x00, 
    0x09, 0x00, 0x00, 0x00, 0x3a, 0x00, 0x10, 0x00, 0x0a, 0x00, 0x00, 0x00, 
    0x33, 0x00, 0x00, 0x07, 0x82, 0x00, 0x10, 0x00, 0x08, 0x00, 0x00, 0x00, 
    0x1a, 0x00, 0x10, 0x00, 0x09, 0x00, 0x00, 0x00, 0x3a, 0x00, 0x10, 0x00, 
    0x0a, 0x00, 0x00, 0x00, 0x8e, 0x00, 0x00, 0x0b, 0x12, 0x00, 0x10, 0x00, 
    0x07, 0x00, 0x00, 0x00, 0x12, 0x00, 0x10, 0x00, 0x0b, 0x00, 0x00, 0x00, 
    0x3a, 0x00, 0x10, 0x00, 0x06, 0x00, 0x00, 0x00, 0x0a, 0x00, 0x10, 0x00, 
    0x07, 0x00, 0x00, 0x00, 0x0a, 0x00, 0x10, 0x00, 0x0b, 0x00, 0x00, 0x00, 
    0x34, 0x00, 0x00, 0x07, 0x82, 0x00, 0x10, 0x00, 0x06, 0x00, 0x00, 0x00, 
    0x3a, 0x00, 0x10, 0x00, 0x0a, 0x00, 0x00, 0x00, 0x1a, 0x00, 0x10, 0x00, 
    0x09, 0x00, 0x00, 0x00, 0x31, 0x00, 0x00, 0x07, 0x22, 0x00, 0x10, 0x00, 
    0x09, 0x00, 0x00, 0x00, 0x3a, 0x00, 0x10, 0x00, 0x04, 0x00, 0x00, 0x00, 
    0x0a, 0x00, 0x10, 0x00, 0x06, 0x00, 0x00, 0x00, 0x33, 0x00, 0x00, 0x07, 
    0x82, 0x00, 0x10, 0x00, 0x0a, 0x00, 0x00, 0x00, 0x3a, 0x00, 0x10, 0x00, 
    0x04, 0x00, 0x00, 0x00, 0x0a, 0x00, 0x10, 0x00, 0x06, 0x00, 0x00, 0x00, 
    0x8e, 0x00, 0x00, 0x0b, 0x12, 0x00, 0x10, 0x00, 0x04, 0x00, 0x00, 0x00, 
    0x12, 0x00, 0x10, 0x00, 0x0a, 0x00, 0x00, 0x00, 0x1a, 0x00, 0x10, 0x00, 
    0x09, 0x00, 0x00, 0x00, 0x0a, 0x00, 0x10, 0x00, 0x04, 0x00, 0x00, 0x00, 
    0x0a, 0x00, 0x10, 0x00, 0x0a, 0x00, 0x00, 0x00, 0x34, 0x00, 0x00, 0x07, 
    0x82, 0x00, 0x10, 0x00, 0x04, 0x00, 0x00, 0x00, 0x3a, 0x00, 0x10, 0x00, 
    0x04, 0x00, 0x00, 0x00, 0x0a, 0x00, 0x10, 0x00, 0x06, 0x00, 0x00, 0x00, 
    0x31, 0x00, 0x00, 0x07, 0x12, 0x00, 0x10, 0x00, 0x06, 0x00, 0x00, 0x00, 
    0x2a, 0x00, 0x10, 0x00, 0x06, 0x00, 0x00, 0x00, 0x3a, 0x00, 0x10, 0x00, 
    0x05, 0x00, 0x00, 0x00, 0x33, 0x00, 0x00, 0x07, 0x22, 0x00, 0x10, 0x00, 
    0x09, 0x00, 0x00, 0x00, 0x3a, 0x00, 0x10, 0x00, 0x05, 0x00, 0x00, 0x00, 
    0x2a, 0x00, 0x10, 0x00, 0x06, 0x00, 0x00, 0x00, 0x8e, 0x00, 0x00, 0x0b, 
    0x12, 0x00, 0x10, 0x00, 0x06, 0x00, 0x00, 0x00, 0x12, 0x00, 0x10, 0x00, 
    0x11, 0x00, 0x00, 0x00, 0x0a, 0x00, 0x10, 0x00, 0x06, 0x00, 0x00, 0x00, 
    0x0a, 0x00, 0x10, 0x00, 0x16, 0x00, 0x00, 0x00, 0x0a, 0x00, 0x10, 0x00, 
    0x11, 0x00, 0x00, 0x00, 0x34, 0x00, 0x00, 0x07, 0x82, 0x00, 0x10, 0x00, 
    0x05, 0x00, 0x00, 0x00, 0x3a, 0x00, 0x10, 0x00, 0x05, 0x00, 0x00, 0x00, 
    0x2a, 0x00, 0x10, 0x00, 0x06, 0x00, 0x00, 0x00, 0x31, 0x00, 0x00, 0x07, 
    0x42, 0x00, 0x10, 0x00, 0x06, 0x00, 0x00, 0x00, 0x3a, 0x00, 0x10, 0x00, 
    0x02, 0x00, 0x00, 0x00, 0x1a, 0x00, 0x10, 0x00, 0x05, 0x00, 0x00, 0x00, 
    0x33, 0x00, 0x00, 0x07, 0x82, 0x00, 0x10, 0x00, 0x0b, 0x00, 0x00, 0x00, 
    0x3a, 0x00, 0x10, 0x00, 0x02, 0x00, 0x00, 0x00, 0x1a, 0x00, 0x10, 0x00, 
    0x05, 0x00, 0x00, 0x00, 0x8e, 0x00, 0x00, 0x0b, 0x12, 0x00, 0x10, 0x00, 
    0x02, 0x00, 0x00, 0x00, 0x12, 0x00, 0x10, 0x00, 0x16, 0x00, 0x00, 0x00, 
    0x2a, 0x00, 0x10, 0x00, 0x06, 0x00, 0x00, 0x00, 0x0a, 0x00, 0x10, 0x00, 
    0x02, 0x00, 0x00, 0x00, 0x2a, 0x00, 0x10, 0x00, 0x04, 0x00, 0x00, 0x00, 
    0x34, 0x00, 0x00, 0x07, 0x82, 0x00, 0x10, 0x00, 0x02, 0x00, 0x00, 0x00, 
    0x1a, 0x00, 0x10, 0x00, 0x05, 0x00, 0x00, 0x00, 0x3a, 0x00, 0x10, 0x00, 
    0x02, 0x00, 0x00, 0x00, 0x31, 0x00, 0x00, 0x07, 0x42, 0x00, 0x10, 0x00, 
    0x04, 0x00, 0x00, 0x00, 0x2a, 0x00, 0x10, 0x00, 0x03, 0x00, 0x00, 0x00, 
    0x1a, 0x00, 0x10, 0x00, 0x04, 0x00, 0x00, 0x00, 0x33, 0x00, 0x00, 0x07, 
    0x22, 0x00, 0x10, 0x00, 0x05, 0x00, 0x00, 0x00, 0x2a, 0x00, 0x10, 0x00, 
    0x03, 0x00, 0x00, 0x00, 0x1a, 0x00, 0x10, 0x00, 0x04, 0x00, 0x00, 0x00, 
    0x8e, 0x00, 0x00, 0x0b, 0x12, 0x00, 0x10, 0x00, 0x03, 0x00, 0x00, 0x00, 
    0x12, 0x00, 0x10, 0x00, 0x0f, 0x00, 0x00, 0x00, 0x2a, 0x00, 0x10, 0x00, 
    0x04, 0x00, 0x00, 0x00, 0x0a, 0x00, 0x10, 0x00, 0x03, 0x00, 0x00, 0x00, 
    0x0a, 0x00, 0x10, 0x00, 0x0f, 0x00, 0x00, 0x00, 0x34, 0x00, 0x00, 0x07, 
    0x42, 0x00, 0x10, 0x00, 0x03, 0x00, 0x00, 0x00, 0x2a, 0x00, 0x10, 0x00, 
    0x03, 0x00, 0x00, 0x00, 0x1a, 0x00, 0x10, 0x00, 0x04, 0x00, 0x00, 0x00, 
    0x31, 0x00, 0x00, 0x07, 0x22, 0x00, 0x10, 0x00, 0x04, 0x00, 0x00, 0x00, 
    0x1a, 0x00, 0x10, 0x00, 0x0b, 0x00, 0x00, 0x00, 0x1a, 0x00, 0x10, 0x00, 
    0x08, 0x00, 0x00, 0x00, 0x33, 0x00, 0x00, 0x07, 0x42, 0x00, 0x10, 0x00, 
    0x04, 0x00, 0x00, 0x00, 0x1a, 0x00, 0x10, 0x00, 0x08, 0x00, 0x00, 0x00, 
    0x1a, 0x00, 0x10, 0x00, 0x0b, 0x00, 0x00, 0x00, 0x8e, 0x00, 0x00, 0x0b, 
    0x12, 0x00, 0x10, 0x00, 0x15, 0x00, 0x00, 0x00, 0x12, 0x00, 0x10, 0x00, 
    0x18, 0x00, 0x00, 0x00, 0x1a, 0x00, 0x10, 0x00, 0x04, 0x00, 0x00, 0x00, 
    0x0a, 0x00, 0x10, 0x00, 0x15, 0x00, 0x00, 0x00, 0x2a, 0x00, 0x10, 0x00, 
    0x05, 0x00, 0x00, 0x00, 0x34, 0x00, 0x00, 0x07, 0x22, 0x00, 0x10, 0x00, 
    0x04, 0x00, 0x00, 0x00, 0x1a, 0x00, 0x10, 0x00, 0x08, 0x00, 0x00, 0x00, 
    0x1a, 0x00, 0x10, 0x00, 0x0b, 0x00, 0x00, 0x00, 0x31, 0x00, 0x00, 0x07, 
    0x42, 0x00, 0x10, 0x00, 0x05, 0x00, 0x00, 0x00, 0x2a, 0x00, 0x10, 0x00, 
    0x08, 0x00, 0x00, 0x00, 0x1a, 0x00, 0x10, 0x00, 0x0a, 0x00, 0x00, 0x00, 
    0x33, 0x00, 0x00, 0x07, 0x42, 0x00, 0x10, 0x00, 0x06, 0x00, 0x00, 0x00, 
    0x2a, 0x00, 0x10, 0x00, 0x08, 0x00, 0x00, 0x00, 0x1a, 0x00, 0x10, 0x00, 
    0x0a, 0x00, 0x00, 0x00, 0x8e, 0x00, 0x00, 0x0b, 0x12, 0x00, 0x10, 0x00, 
    0x0c, 0x00, 0x00, 0x00, 0x12, 0x00, 0x10, 0x00, 0x13, 0x00, 0x00, 0x00, 
    0x2a, 0x00, 0x10, 0x00, 0x05, 0x00, 0x00, 0x00, 0x0a, 0x00, 0x10, 0x00, 
    0x0c, 0x00, 0x00, 0x00, 0x0a, 0x00, 0x10, 0x00, 0x13, 0x00, 0x00, 0x00, 
    0x34, 0x00, 0x00, 0x07, 0x42, 0x00, 0x10, 0x00, 0x05, 0x00, 0x00, 0x00, 
    0x1a, 0x00, 0x10, 0x00, 0x0a, 0x00, 0x00, 0x00, 0x2a, 0x00, 0x10, 0x00, 
    0x08, 0x00, 0x00, 0x00, 0x31, 0x00, 0x00, 0x07, 0x22, 0x00, 0x10, 0x00, 
    0x08, 0x00, 0x00, 0x00, 0x3a, 0x00, 0x10, 0x00, 0x09, 0x00, 0x00, 0x00, 
    0x2a, 0x00, 0x10, 0x00, 0x09, 0x00, 0x00, 0x00, 0x33, 0x00, 0x00, 0x07, 
    0x42, 0x00, 0x10, 0x00, 0x08, 0x00, 0x00, 0x00, 0x3a, 0x00, 0x10, 0x00, 
    0x09, 0x00, 0x00, 0x00, 0x2a, 0x00, 0x10, 0x00, 0x09, 0x00, 0x00, 0x00, 
    0x8e, 0x00, 0x00, 0x0b, 0x12, 0x00, 0x10, 0x00, 0x14, 0x00, 0x00, 0x00, 
    0x12, 0x00, 0x10, 0x00, 0x17, 0x00, 0x00, 0x00, 0x1a, 0x00, 0x10, 0x00, 
    0x08, 0x00, 0x00, 0x00, 0x0a, 0x00, 0x10, 0x00, 0x14, 0x00, 0x00, 0x00, 
    0x0a, 0x00, 0x10, 0x00, 0x17, 0x00, 0x00, 0x00, 0x34, 0x00, 0x00, 0x07, 
    0x22, 0x00, 0x10, 0x00, 0x08, 0x00, 0x00, 0x00, 0x2a, 0x00, 0x10, 0x00, 
    0x09, 0x00, 0x00, 0x00, 0x3a, 0x00, 0x10, 0x00, 0x09, 0x00, 0x00, 0x00, 
    0x31, 0x00, 0x00, 0x07, 0x42, 0x00, 0x10, 0x00, 0x09, 0x00, 0x00, 0x00, 
    0x2a, 0x00, 0x10, 0x00, 0x0b, 0x00, 0x00, 0x00, 0x2a, 0x00, 0x10, 0x00, 
    0x0a, 0x00, 0x00, 0x00, 0x33, 0x00, 0x00, 0x07, 0x82, 0x00, 0x10, 0x00, 
    0x09, 0x00, 0x00, 0x00, 0x2a, 0x00, 0x10, 0x00, 0x0a, 0x00, 0x00, 0x00, 
    0x2a, 0x00, 0x10, 0x00, 0x0b, 0x00, 0x00, 0x00, 0x8e, 0x00, 0x00, 0x0b, 
    0x12, 0x00, 0x10, 0x00, 0x0d, 0x00, 0x00, 0x00, 0x12, 0x00, 0x10, 0x00, 
    0x10, 0x00, 0x00, 0x00, 0x2a, 0x00, 0x10, 0x00, 0x09, 0x00, 0x00, 0x00, 
    0x0a, 0x00, 0x10, 0x00, 0x10, 0x00, 0x00, 0x00, 0x0a, 0x00, 0x10, 0x00, 
    0x0d, 0x00, 0x00, 0x00, 0x34, 0x00, 0x00, 0x07, 0x42, 0x00, 0x10, 0x00, 
    0x09, 0x00, 0x00, 0x00, 0x2a, 0x00, 0x10, 0x00, 0x0a, 0x00, 0x00, 0x00, 
    0x2a, 0x00, 0x10, 0x00, 0x0b, 0x00, 0x00, 0x00, 0x31, 0x00, 0x00, 0x07, 
    0x22, 0x00, 0x10, 0x00, 0x0a, 0x00, 0x00, 0x00, 0x1a, 0x00, 0x10, 0x00, 
    0x09, 0x00, 0x00, 0x00, 0x1a, 0x00, 0x10, 0x00, 0x03, 0x00, 0x00, 0x00, 
    0x33, 0x00, 0x00, 0x07, 0x42, 0x00, 0x10, 0x00, 0x0a, 0x00, 0x00, 0x00, 
    0x1a, 0x00, 0x10, 0x00, 0x03, 0x00, 0x00, 0x00, 0x1a, 0x00, 0x10, 0x00, 
    0x09, 0x00, 0x00, 0x00, 0x8e, 0x00, 0x00, 0x0b, 0x12, 0x00, 0x10, 0x00, 
    0x11, 0x00, 0x00, 0x00, 0x12, 0x00, 0x10, 0x00, 0x12, 0x00, 0x00, 0x00, 
    0x1a, 0x00, 0x10, 0x00, 0x0a, 0x00, 0x00, 0x00, 0x0a, 0x00, 0x10, 0x00, 
    0x11, 0x00, 0x00, 0x00, 0x0a, 0x00, 0x10, 0x00, 0x12, 0x00, 0x00, 0x00, 
    0x34, 0x00, 0x00, 0x07, 0x22, 0x00, 0x10, 0x00, 0x03, 0x00, 0x00, 0x00, 
    0x1a, 0x00, 0x10, 0x00, 0x03, 0x00, 0x00, 0x00, 0x1a, 0x00, 0x10, 0x00, 
    0x09, 0x00, 0x00, 0x00, 0x31, 0x00, 0x00, 0x07, 0x22, 0x00, 0x10, 0x00, 
    0x09, 0x00, 0x00, 0x00, 0x1a, 0x00, 0x10, 0x00, 0x06, 0x00, 0x00, 0x00, 
    0x3a, 0x00, 0x10, 0x00, 0x08, 0x00, 0x00, 0x00, 0x33, 0x00, 0x00, 0x07, 
    0x22, 0x00, 0x10, 0x00, 0x0a, 0x00, 0x00, 0x00, 0x1a, 0x00, 0x10, 0x00, 
    0x06, 0x00, 0x00, 0x00, 0x3a, 0x00, 0x10, 0x00, 0x08, 0x00, 0x00, 0x00, 
    0x8e, 0x00, 0x00, 0x0b, 0x12, 0x00, 0x10, 0x00, 0x0b, 0x00, 0x00, 0x00, 
    0x12, 0x00, 0x10, 0x00, 0x0e, 0x00, 0x00, 0x00, 0x1a, 0x00, 0x10, 0x00, 
    0x09, 0x00, 0x00, 0x00, 0x0a, 0x00, 0x10, 0x00, 0x0e, 0x00, 0x00, 0x00, 
    0x0a, 0x00, 0x10, 0x00, 0x0b, 0x00, 0x00, 0x00, 0x34, 0x00, 0x00, 0x07, 
    0x22, 0x00, 0x10, 0x00, 0x06, 0x00, 0x00, 0x00, 0x1a, 0x00, 0x10, 0x00, 
    0x06, 0x00, 0x00, 0x00, 0x3a, 0x00, 0x10, 0x00, 0x08, 0x00, 0x00, 0x00, 
    0x31, 0x00, 0x00, 0x07, 0x82, 0x00, 0x10, 0x00, 0x08, 0x00, 0x00, 0x00, 
    0x1a, 0x00, 0x10, 0x00, 0x05, 0x00, 0x00, 0x00, 0x3a, 0x00, 0x10, 0x00, 
    0x0a, 0x00, 0x00, 0x00, 0x33, 0x00, 0x00, 0x07, 0x22, 0x00, 0x10, 0x00, 
    0x09, 0x00, 0x00, 0x00, 0x1a, 0x00, 0x10, 0x00, 0x05, 0x00, 0x00, 0x00, 
    0x3a, 0x00, 0x10, 0x00, 0x0a, 0x00, 0x00, 0x00, 0x8e, 0x00, 0x00, 0x0b, 
    0x12, 0x00, 0x10, 0x00, 0x0a, 0x00, 0x00, 0x00, 0x12, 0x00, 0x10, 0x00, 
    0x0f, 0x00, 0x00, 0x00, 0x3a, 0x00, 0x10, 0x00, 0x08, 0x00, 0x00, 0x00, 
    0x0a, 0x00, 0x10, 0x00, 0x0f, 0x00, 0x00, 0x00, 0x0a, 0x00, 0x10, 0x00, 
    0x0a, 0x00, 0x00, 0x00, 0x34, 0x00, 0x00, 0x07, 0x22, 0x00, 0x10, 0x00, 
    0x05, 0x00, 0x00, 0x00, 0x3a, 0x00, 0x10, 0x00, 0x0a, 0x00, 0x00, 0x00, 
    0x1a, 0x00, 0x10, 0x00, 0x05, 0x00, 0x00, 0x00, 0x31, 0x00, 0x00, 0x07, 
    0x82, 0x00, 0x10, 0x00, 0x08, 0x00, 0x00, 0x00, 0x2a, 0x00, 0x10, 0x00, 
    0x03, 0x00, 0x00, 0x00, 0x3a, 0x00, 0x10, 0x00, 0x04, 0x00, 0x00, 0x00, 
    0x33, 0x00, 0x00, 0x07, 0x82, 0x00, 0x10, 0x00, 0x0a, 0x00, 0x00, 0x00, 
    0x2a, 0x00, 0x10, 0x00, 0x03, 0x00, 0x00, 0x00, 0x3a, 0x00, 0x10, 0x00, 
    0x04, 0x00, 0x00, 0x00, 0x8e, 0x00, 0x00, 0x0b, 0x12, 0x00, 0x10, 0x00, 
    0x03, 0x00, 0x00, 0x00, 0x12, 0x00, 0x10, 0x00, 0x04, 0x00, 0x00, 0x00, 
    0x3a, 0x00, 0x10, 0x00, 0x08, 0x00, 0x00, 0x00, 0x0a, 0x00, 0x10, 0x00, 
    0x03, 0x00, 0x00, 0x00, 0x0a, 0x00, 0x10, 0x00, 0x04, 0x00, 0x00, 0x00, 
    0x34, 0x00, 0x00, 0x07, 0x42, 0x00, 0x10, 0x00, 0x03, 0x00, 0x00, 0x00, 
    0x3a, 0x00, 0x10, 0x00, 0x04, 0x00, 0x00, 0x00, 0x2a, 0x00, 0x10, 0x00, 
    0x03, 0x00, 0x00, 0x00, 0x31, 0x00, 0x00, 0x07, 0x82, 0x00, 0x10, 0x00, 
    0x04, 0x00, 0x00, 0x00, 0x3a, 0x00, 0x10, 0x00, 0x03, 0x00, 0x00, 0x00, 
    0x3a, 0x00, 0x10, 0x00, 0x06, 0x00, 0x00, 0x00, 0x33, 0x00, 0x00, 0x07, 
    0x82, 0x00, 0x10, 0x00, 0x08, 0x00, 0x00, 0x00, 0x3a, 0x00, 0x10, 0x00, 
    0x03, 0x00, 0x00, 0x00, 0x3a, 0x00, 0x10, 0x00, 0x06, 0x00, 0x00, 0x00, 
    0x8e, 0x00, 0x00, 0x0b, 0x12, 0x00, 0x10, 0x00, 0x05, 0x00, 0x00, 0x00, 
    0x12, 0x00, 0x10, 0x00, 0x07, 0x00, 0x00, 0x00, 0x3a, 0x00, 0x10, 0x00, 
    0x04, 0x00, 0x00, 0x00, 0x0a, 0x00, 0x10, 0x00, 0x05, 0x00, 0x00, 0x00, 
    0x0a, 0x00, 0x10, 0x00, 0x07, 0x00, 0x00, 0x00, 0x34, 0x00, 0x00, 0x07, 
    0x82, 0x00, 0x10, 0x00, 0x03, 0x00, 0x00, 0x00, 0x3a, 0x00, 0x10, 0x00, 
    0x03, 0x00, 0x00, 0x00, 0x3a, 0x00, 0x10, 0x00, 0x06, 0x00, 0x00, 0x00, 
    0x31, 0x00, 0x00, 0x07, 0x82, 0x00, 0x10, 0x00, 0x04, 0x00, 0x00, 0x00, 
    0x3a, 0x00, 0x10, 0x00, 0x00, 0x00, 0x00, 0x00, 0x3a, 0x00, 0x10, 0x00, 
    0x0b, 0x00, 0x00, 0x00, 0x33, 0x00, 0x00, 0x07, 0x82, 0x00, 0x10, 0x00, 
    0x06, 0x00, 0x00, 0x00, 0x3a, 0x00, 0x10, 0x00, 0x00, 0x00, 0x00, 0x00, 
    0x3a, 0x00, 0x10, 0x00, 0x0b, 0x00, 0x00, 0x00, 0x8e, 0x00, 0x00, 0x0b, 
    0x12, 0x00, 0x10, 0x00, 0x08, 0x00, 0x00, 0x00, 0x12, 0x00, 0x10, 0x00, 
    0x16, 0x00, 0x00, 0x00, 0x3a, 0x00, 0x10, 0x00, 0x04, 0x00, 0x00, 0x00, 
    0x0a, 0x00, 0x10, 0x00, 0x08, 0x00, 0x00, 0x00, 0x0a, 0x00, 0x10, 0x00, 
    0x16, 0x00, 0x00, 0x00, 0x34, 0x00, 0x00, 0x07, 0x82, 0x00, 0x10, 0x00, 
    0x00, 0x00, 0x00, 0x00, 0x3a, 0x00, 0x10, 0x00, 0x00, 0x00, 0x00, 0x00, 
    0x3a, 0x00, 0x10, 0x00, 0x0b, 0x00, 0x00, 0x00, 0x31, 0x00, 0x00, 0x07, 
    0x82, 0x00, 0x10, 0x00, 0x04, 0x00, 0x00, 0x00, 0x2a, 0x00, 0x10, 0x00, 
    0x02, 0x00, 0x00, 0x00, 0x3a, 0x00, 0x10, 0x00, 0x05, 0x00, 0x00, 0x00, 
    0x33, 0x00, 0x00, 0x07, 0x22, 0x00, 0x10, 0x00, 0x0b, 0x00, 0x00, 0x00, 
    0x2a, 0x00, 0x10, 0x00, 0x02, 0x00, 0x00, 0x00, 0x3a, 0x00, 0x10, 0x00, 
    0x05, 0x00, 0x00, 0x00, 0x8e, 0x00, 0x00, 0x0b, 0x12, 0x00, 0x10, 0x00, 
    0x06, 0x00, 0x00, 0x00, 0x12, 0x00, 0x10, 0x00, 0x09, 0x00, 0x00, 0x00, 
    0x3a, 0x00, 0x10, 0x00, 0x04, 0x00, 0x00, 0x00, 0x0a, 0x00, 0x10, 0x00, 
    0x09, 0x00, 0x00, 0x00, 0x0a, 0x00, 0x10, 0x00, 0x06, 0x00, 0x00, 0x00, 
    0x34, 0x00, 0x00, 0x07, 0x42, 0x00, 0x10, 0x00, 0x02, 0x00, 0x00, 0x00, 
    0x2a, 0x00, 0x10, 0x00, 0x02, 0x00, 0x00, 0x00, 0x3a, 0x00, 0x10, 0x00, 
    0x05, 0x00, 0x00, 0x00, 0x31, 0x00, 0x00, 0x07, 0x82, 0x00, 0x10, 0x00, 
    0x04, 0x00, 0x00, 0x00, 0x2a, 0x00, 0x10, 0x00, 0x08, 0x00, 0x00, 0x00, 
    0x2a, 0x00, 0x10, 0x00, 0x04, 0x00, 0x00, 0x00, 0x33, 0x00, 0x00, 0x07, 
    0x82, 0x00, 0x10, 0x00, 0x05, 0x00, 0x00, 0x00, 0x2a, 0x00, 0x10, 0x00, 
    0x04, 0x00, 0x00, 0x00, 0x2a, 0x00, 0x10, 0x00, 0x08, 0x00, 0x00, 0x00, 
    0x34, 0x00, 0x00, 0x07, 0x42, 0x00, 0x10, 0x00, 0x04, 0x00, 0x00, 0x00, 
    0x2a, 0x00, 0x10, 0x00, 0x04, 0x00, 0x00, 0x00, 0x2a, 0x00, 0x10, 0x00, 
    0x08, 0x00, 0x00, 0x00, 0x37, 0x00, 0x00, 0x09, 0x82, 0x00, 0x10, 0x00, 
    0x04, 0x00, 0x00, 0x00, 0x3a, 0x00, 0x10, 0x00, 0x04, 0x00, 0x00, 0x00, 
    0x0a, 0x00, 0x10, 0x00, 0x18, 0x00, 0x00, 0x00, 0x0a, 0x00, 0x10, 0x00, 
    0x17, 0x00, 0x00, 0x00, 0x31, 0x00, 0x00, 0x07, 0x42, 0x00, 0x10, 0x00, 
    0x08, 0x00, 0x00, 0x00, 0x1a, 0x00, 0x10, 0x00, 0x08, 0x00, 0x00, 0x00, 
    0x1a, 0x00, 0x10, 0x00, 0x04, 0x00, 0x00, 0x00, 0x33, 0x00, 0x00, 0x07, 
    0x42, 0x00, 0x10, 0x00, 0x0b, 0x00, 0x00, 0x00, 0x1a, 0x00, 0x10, 0x00, 
    0x04, 0x00, 0x00, 0x00, 0x1a, 0x00, 0x10, 0x00, 0x08, 0x00, 0x00, 0x00, 
    0x8e, 0x00, 0x00, 0x0b, 0x12, 0x00, 0x10, 0x00, 0x14, 0x00, 0x00, 0x00, 
    0x12, 0x00, 0x10, 0x00, 0x15, 0x00, 0x00, 0x00, 0x2a, 0x00, 0x10, 0x00, 
    0x08, 0x00, 0x00, 0x00, 0x0a, 0x00, 0x10, 0x00, 0x14, 0x00, 0x00, 0x00, 
    0x0a, 0x00, 0x10, 0x00, 0x15, 0x00, 0x00, 0x00, 0x34, 0x00, 0x00, 0x07, 
    0x22, 0x00, 0x10, 0x00, 0x04, 0x00, 0x00, 0x00, 0x1a, 0x00, 0x10, 0x00, 
    0x04, 0x00, 0x00, 0x00, 0x1a, 0x00, 0x10, 0x00, 0x08, 0x00, 0x00, 0x00, 
    0x31, 0x00, 0x00, 0x07, 0x22, 0x00, 0x10, 0x00, 0x08, 0x00, 0x00, 0x00, 
    0x3a, 0x00, 0x10, 0x00, 0x09, 0x00, 0x00, 0x00, 0x2a, 0x00, 0x10, 0x00, 
    0x06, 0x00, 0x00, 0x00, 0x33, 0x00, 0x00, 0x07, 0x42, 0x00, 0x10, 0x00, 
    0x08, 0x00, 0x00, 0x00, 0x2a, 0x00, 0x10, 0x00, 0x06, 0x00, 0x00, 0x00, 
    0x3a, 0x00, 0x10, 0x00, 0x09, 0x00, 0x00, 0x00, 0x8e, 0x00, 0x00, 0x0b, 
    0x12, 0x00, 0x10, 0x00, 0x10, 0x00, 0x00, 0x00, 0x12, 0x00, 0x10, 0x00, 
    0x13, 0x00, 0x00, 0x00, 0x1a, 0x00, 0x10, 0x00, 0x08, 0x00, 0x00, 0x00, 
    0x0a, 0x00, 0x10, 0x00, 0x10, 0x00, 0x00, 0x00, 0x0a, 0x00, 0x10, 0x00, 
    0x13, 0x00, 0x00, 0x00, 0x34, 0x00, 0x00, 0x07, 0x42, 0x00, 0x10, 0x00, 
    0x06, 0x00, 0x00, 0x00, 0x2a, 0x00, 0x10, 0x00, 0x06, 0x00, 0x00, 0x00, 
    0x3a, 0x00, 0x10, 0x00, 0x09, 0x00, 0x00, 0x00, 0x31, 0x00, 0x00, 0x07, 
    0x22, 0x00, 0x10, 0x00, 0x08, 0x00, 0x00, 0x00, 0x2a, 0x00, 0x10, 0x00, 
    0x09, 0x00, 0x00, 0x00, 0x2a, 0x00, 0x10, 0x00, 0x05, 0x00, 0x00, 0x00, 
    0x33, 0x00, 0x00, 0x07, 0x82, 0x00, 0x10, 0x00, 0x09, 0x00, 0x00, 0x00, 
    0x2a, 0x00, 0x10, 0x00, 0x05, 0x00, 0x00, 0x00, 0x2a, 0x00, 0x10, 0x00, 
    0x09, 0x00, 0x00, 0x00, 0x8e, 0x00, 0x00, 0x0b, 0x12, 0x00, 0x10, 0x00, 
    0x0c, 0x00, 0x00, 0x00, 0x12, 0x00, 0x10, 0x00, 0x0d, 0x00, 0x00, 0x00, 
    0x1a, 0x00, 0x10, 0x00, 0x08, 0x00, 0x00, 0x00, 0x0a, 0x00, 0x10, 0x00, 
    0x0d, 0x00, 0x00, 0x00, 0x0a, 0x00, 0x10, 0x00, 0x0c, 0x00, 0x00, 0x00, 
    0x34, 0x00, 0x00, 0x07, 0x42, 0x00, 0x10, 0x00, 0x05, 0x00, 0x00, 0x00, 
    0x2a, 0x00, 0x10, 0x00, 0x05, 0x00, 0x00, 0x00, 0x2a, 0x00, 0x10, 0x00, 
    0x09, 0x00, 0x00, 0x00, 0x31, 0x00, 0x00, 0x07, 0x22, 0x00, 0x10, 0x00, 
    0x08, 0x00, 0x00, 0x00, 0x1a, 0x00, 0x10, 0x00, 0x0a, 0x00, 0x00, 0x00, 
    0x2a, 0x00, 0x10, 0x00, 0x0a, 0x00, 0x00, 0x00, 0x33, 0x00, 0x00, 0x07, 
    0x42, 0x00, 0x10, 0x00, 0x09, 0x00, 0x00, 0x00, 0x1a, 0x00, 0x10, 0x00, 
    0x0a, 0x00, 0x00, 0x00, 0x2a, 0x00, 0x10, 0x00, 0x0a, 0x00, 0x00, 0x00, 
    0x8e, 0x00, 0x00, 0x0b, 0x12, 0x00, 0x10, 0x00, 0x0e, 0x00, 0x00, 0x00, 
    0x12, 0x00, 0x10, 0x00, 0x12, 0x00, 0x00, 0x00, 0x1a, 0x00, 0x10, 0x00, 
    0x08, 0x00, 0x00, 0x00, 0x0a, 0x00, 0x10, 0x00, 0x0e, 0x00, 0x00, 0x00, 
    0x0a, 0x00, 0x10, 0x00, 0x12, 0x00, 0x00, 0x00, 0x34, 0x00, 0x00, 0x07, 
    0x22, 0x00, 0x10, 0x00, 0x08, 0x00, 0x00, 0x00, 0x2a, 0x00, 0x10, 0x00, 
    0x0a, 0x00, 0x00, 0x00, 0x1a, 0x00, 0x10, 0x00, 0x0a, 0x00, 0x00, 0x00, 
    0x31, 0x00, 0x00, 0x07, 0x22, 0x00, 0x10, 0x00, 0x0a, 0x00, 0x00, 0x00, 
    0x3a, 0x00, 0x10, 0x00, 0x08, 0x00, 0x00, 0x00, 0x1a, 0x00, 0x10, 0x00, 
    0x09, 0x00, 0x00, 0x00, 0x33, 0x00, 0x00, 0x07, 0x42, 0x00, 0x10, 0x00, 
    0x0a, 0x00, 0x00, 0x00, 0x3a, 0x00, 0x10, 0x00, 0x08, 0x00, 0x00, 0x00, 
    0x1a, 0x00, 0x10, 0x00, 0x09, 0x00, 0x00, 0x00, 0x8e, 0x00, 0x00, 0x0b, 
    0x12, 0x00, 0x10, 0x00, 0x07, 0x00, 0x00, 0x00, 0x12, 0x00, 0x10, 0x00, 
    0x0f, 0x00, 0x00, 0x00, 0x1a, 0x00, 0x10, 0x00, 0x0a, 0x00, 0x00, 0x00, 
    0x0a, 0x00, 0x10, 0x00, 0x07, 0x00, 0x00, 0x00, 0x0a, 0x00, 0x10, 0x00, 
    0x0f, 0x00, 0x00, 0x00, 0x34, 0x00, 0x00, 0x07, 0x82, 0x00, 0x10, 0x00, 
    0x08, 0x00, 0x00, 0x00, 0x1a, 0x00, 0x10, 0x00, 0x09, 0x00, 0x00, 0x00, 
    0x3a, 0x00, 0x10, 0x00, 0x08, 0x00, 0x00, 0x00, 0x31, 0x00, 0x00, 0x07, 
    0x22, 0x00, 0x10, 0x00, 0x09, 0x00, 0x00, 0x00, 0x1a, 0x00, 0x10, 0x00, 
    0x06, 0x00, 0x00, 0x00, 0x1a, 0x00, 0x10, 0x00, 0x03, 0x00, 0x00, 0x00, 
    0x33, 0x00, 0x00, 0x07, 0x22, 0x00, 0x10, 0x00, 0x0a, 0x00, 0x00, 0x00, 
    0x1a, 0x00, 0x10, 0x00, 0x03, 0x00, 0x00, 0x00, 0x1a, 0x00, 0x10, 0x00, 
    0x06, 0x00, 0x00, 0x00, 0x8e, 0x00, 0x00, 0x0b, 0x12, 0x00, 0x10, 0x00, 
    0x0b, 0x00, 0x00, 0x00, 0x12, 0x00, 0x10, 0x00, 0x11, 0x00, 0x00, 0x00, 
    0x1a, 0x00, 0x10, 0x00, 0x09, 0x00, 0x00, 0x00, 0x0a, 0x00, 0x10, 0x00, 
    0x0b, 0x00, 0x00, 0x00, 0x0a, 0x00, 0x10, 0x00, 0x11, 0x00, 0x00, 0x00, 
    0x34, 0x00, 0x00, 0x07, 0x22, 0x00, 0x10, 0x00, 0x03, 0x00, 0x00, 0x00, 
    0x1a, 0x00, 0x10, 0x00, 0x03, 0x00, 0x00, 0x00, 0x1a, 0x00, 0x10, 0x00, 
    0x06, 0x00, 0x00, 0x00, 0x31, 0x00, 0x00, 0x07, 0x22, 0x00, 0x10, 0x00, 
    0x06, 0x00, 0x00, 0x00, 0x3a, 0x00, 0x10, 0x00, 0x03, 0x00, 0x00, 0x00, 
    0x3a, 0x00, 0x10, 0x00, 0x0a, 0x00, 0x00, 0x00, 0x33, 0x00, 0x00, 0x07, 
    0x22, 0x00, 0x10, 0x00, 0x09, 0x00, 0x00, 0x00, 0x3a, 0x00, 0x10, 0x00, 
    0x03, 0x00, 0x00, 0x00, 0x3a, 0x00, 0x10, 0x00, 0x0a, 0x00, 0x00, 0x00, 
    0x8e, 0x00, 0x00, 0x0b, 0x12, 0x00, 0x10, 0x00, 0x04, 0x00, 0x00, 0x00, 
    0x12, 0x00, 0x10, 0x00, 0x05, 0x00, 0x00, 0x00, 0x1a, 0x00, 0x10, 0x00, 
    0x06, 0x00, 0x00, 0x00, 0x0a, 0x00, 0x10, 0x00, 0x05, 0x00, 0x00, 0x00, 
    0x0a, 0x00, 0x10, 0x00, 0x04, 0x00, 0x00, 0x00, 0x34, 0x00, 0x00, 0x07, 
    0x82, 0x00, 0x10, 0x00, 0x03, 0x00, 0x00, 0x00, 0x3a, 0x00, 0x10, 0x00, 
    0x0a, 0x00, 0x00, 0x00, 0x3a, 0x00, 0x10, 0x00, 0x03, 0x00, 0x00, 0x00, 
    0x31, 0x00, 0x00, 0x07, 0x22, 0x00, 0x10, 0x00, 0x06, 0x00, 0x00, 0x00, 
    0x1a, 0x00, 0x10, 0x00, 0x0b, 0x00, 0x00, 0x00, 0x3a, 0x00, 0x10, 0x00, 
    0x06, 0x00, 0x00, 0x00, 0x33, 0x00, 0x00, 0x07, 0x82, 0x00, 0x10, 0x00, 
    0x0a, 0x00, 0x00, 0x00, 0x3a, 0x00, 0x10, 0x00, 0x06, 0x00, 0x00, 0x00, 
    0x1a, 0x00, 0x10, 0x00, 0x0b, 0x00, 0x00, 0x00, 0x8e, 0x00, 0x00, 0x0b, 
    0x12, 0x00, 0x10, 0x00, 0x09, 0x00, 0x00, 0x00, 0x12, 0x00, 0x10, 0x00, 
    0x16, 0x00, 0x00, 0x00, 0x1a, 0x00, 0x10, 0x00, 0x06, 0x00, 0x00, 0x00, 
    0x0a, 0x00, 0x10, 0x00, 0x09, 0x00, 0x00, 0x00, 0x0a, 0x00, 0x10, 0x00, 
    0x16, 0x00, 0x00, 0x00, 0x34, 0x00, 0x00, 0x07, 0x22, 0x00, 0x10, 0x00, 
    0x06, 0x00, 0x00, 0x00, 0x3a, 0x00, 0x10, 0x00, 0x06, 0x00, 0x00, 0x00, 
    0x1a, 0x00, 0x10, 0x00, 0x0b, 0x00, 0x00, 0x00, 0x31, 0x00, 0x00, 0x07, 
    0x82, 0x00, 0x10, 0x00, 0x06, 0x00, 0x00, 0x00, 0x1a, 0x00, 0x10, 0x00, 
    0x05, 0x00, 0x00, 0x00, 0x3a, 0x00, 0x10, 0x00, 0x00, 0x00, 0x00, 0x00, 
    0x33, 0x00, 0x00, 0x07, 0x22, 0x00, 0x10, 0x00, 0x0b, 0x00, 0x00, 0x00, 
    0x1a, 0x00, 0x10, 0x00, 0x05, 0x00, 0x00, 0x00, 0x3a, 0x00, 0x10, 0x00, 
    0x00, 0x00, 0x00, 0x00, 0x8e, 0x00, 0x00, 0x0b, 0x12, 0x00, 0x10, 0x00, 
    0x08, 0x00, 0x00, 0x00, 0x12, 0x00, 0x10, 0x00, 0x0a, 0x00, 0x00, 0x00, 
    0x3a, 0x00, 0x10, 0x00, 0x06, 0x00, 0x00, 0x00, 0x0a, 0x00, 0x10, 0x00, 
    0x0a, 0x00, 0x00, 0x00, 0x0a, 0x00, 0x10, 0x00, 0x08, 0x00, 0x00, 0x00, 
    0x34, 0x00, 0x00, 0x07, 0x82, 0x00, 0x10, 0x00, 0x00, 0x00, 0x00, 0x00, 
    0x3a, 0x00, 0x10, 0x00, 0x00, 0x00, 0x00, 0x00, 0x1a, 0x00, 0x10, 0x00, 
    0x05, 0x00, 0x00, 0x00, 0x31, 0x00, 0x00, 0x07, 0x22, 0x00, 0x10, 0x00, 
    0x05, 0x00, 0x00, 0x00, 0x3a, 0x00, 0x10, 0x00, 0x02, 0x00, 0x00, 0x00, 
    0x2a, 0x00, 0x10, 0x00, 0x03, 0x00, 0x00, 0x00, 0x33, 0x00, 0x00, 0x07, 
    0x82, 0x00, 0x10, 0x00, 0x06, 0x00, 0x00, 0x00, 0x3a, 0x00, 0x10, 0x00, 
    0x02, 0x00, 0x00, 0x00, 0x2a, 0x00, 0x10, 0x00, 0x03, 0x00, 0x00, 0x00, 
    0x8e, 0x00, 0x00, 0x0b, 0x12, 0x00, 0x10, 0x00, 0x02, 0x00, 0x00, 0x00, 
    0x12, 0x00, 0x10, 0x00, 0x03, 0x00, 0x00, 0x00, 0x1a, 0x00, 0x10, 0x00, 
    0x05, 0x00, 0x00, 0x00, 0x0a, 0x00, 0x10, 0x00, 0x02, 0x00, 0x00, 0x00, 
    0x0a, 0x00, 0x10, 0x00, 0x03, 0x00, 0x00, 0x00, 0x34, 0x00, 0x00, 0x07, 
    0x82, 0x00, 0x10, 0x00, 0x02, 0x00, 0x00, 0x00, 0x3a, 0x00, 0x10, 0x00, 
    0x02, 0x00, 0x00, 0x00, 0x2a, 0x00, 0x10, 0x00, 0x03, 0x00, 0x00, 0x00, 
    0x36, 0x00, 0x00, 0x06, 0x12, 0x30, 0x20, 0x00, 0x00, 0x00, 0x00, 0x00, 
    0x17, 0x00, 0x00, 0x00, 0x0a, 0x00, 0x10, 0x00, 0x02, 0x00, 0x00, 0x00, 
    0x31, 0x00, 0x00, 0x07, 0x12, 0x00, 0x10, 0x00, 0x02, 0x00, 0x00, 0x00, 
    0x2a, 0x00, 0x10, 0x00, 0x04, 0x00, 0x00, 0x00, 0x2a, 0x00, 0x10, 0x00, 
    0x0b, 0x00, 0x00, 0x00, 0x33, 0x00, 0x00, 0x07, 0x42, 0x00, 0x10, 0x00, 
    0x03, 0x00, 0x00, 0x00, 0x2a, 0x00, 0x10, 0x00, 0x04, 0x00, 0x00, 0x00, 
    0x2a, 0x00, 0x10, 0x00, 0x0b, 0x00, 0x00, 0x00, 0x8e, 0x00, 0x00, 0x0b, 
    0x12, 0x00, 0x10, 0x00, 0x02, 0x00, 0x00, 0x00, 0x12, 0x00, 0x10, 0x00, 
    0x15, 0x00, 0x00, 0x00, 0x0a, 0x00, 0x10, 0x00, 0x02, 0x00, 0x00, 0x00, 
    0x3a, 0x00, 0x10, 0x00, 0x04, 0x00, 0x00, 0x00, 0x0a, 0x00, 0x10, 0x00, 
    0x15, 0x00, 0x00, 0x00, 0x36, 0x00, 0x00, 0x06, 0x12, 0x30, 0x20, 0x00, 
    0x00, 0x00, 0x00, 0x00, 0x02, 0x00, 0x00, 0x00, 0x0a, 0x00, 0x10, 0x00, 
    0x15, 0x00, 0x00, 0x00, 0x34, 0x00, 0x00, 0x07, 0x42, 0x00, 0x10, 0x00, 
    0x04, 0x00, 0x00, 0x00, 0x2a, 0x00, 0x10, 0x00, 0x04, 0x00, 0x00, 0x00, 
    0x2a, 0x00, 0x10, 0x00, 0x0b, 0x00, 0x00, 0x00, 0x31, 0x00, 0x00, 0x07, 
    0x82, 0x00, 0x10, 0x00, 0x04, 0x00, 0x00, 0x00, 0x2a, 0x00, 0x10, 0x00, 
    0x09, 0x00, 0x00, 0x00, 0x2a, 0x00, 0x10, 0x00, 0x08, 0x00, 0x00, 0x00, 
    0x33, 0x00, 0x00, 0x07, 0x22, 0x00, 0x10, 0x00, 0x05, 0x00, 0x00, 0x00, 
    0x2a, 0x00, 0x10, 0x00, 0x08, 0x00, 0x00, 0x00, 0x2a, 0x00, 0x10, 0x00, 
    0x09, 0x00, 0x00, 0x00, 0x8e, 0x00, 0x00, 0x0b, 0x12, 0x00, 0x10, 0x00, 
    0x12, 0x00, 0x00, 0x00, 0x12, 0x00, 0x10, 0x00, 0x13, 0x00, 0x00, 0x00, 
    0x3a, 0x00, 0x10, 0x00, 0x04, 0x00, 0x00, 0x00, 0x0a, 0x00, 0x10, 0x00, 
    0x12, 0x00, 0x00, 0x00, 0x0a, 0x00, 0x10, 0x00, 0x13, 0x00, 0x00, 0x00, 
    0x34, 0x00, 0x00, 0x07, 0x82, 0x00, 0x10, 0x00, 0x04, 0x00, 0x00, 0x00, 
    0x2a, 0x00, 0x10, 0x00, 0x08, 0x00, 0x00, 0x00, 0x2a, 0x00, 0x10, 0x00, 
    0x09, 0x00, 0x00, 0x00, 0x31, 0x00, 0x00, 0x07, 0x42, 0x00, 0x10, 0x00, 
    0x08, 0x00, 0x00, 0x00, 0x1a, 0x00, 0x10, 0x00, 0x08, 0x00, 0x00, 0x00, 
    0x3a, 0x00, 0x10, 0x00, 0x09, 0x00, 0x00, 0x00, 0x33, 0x00, 0x00, 0x07, 
    0x42, 0x00, 0x10, 0x00, 0x09, 0x00, 0x00, 0x00, 0x1a, 0x00, 0x10, 0x00, 
    0x08, 0x00, 0x00, 0x00, 0x3a, 0x00, 0x10, 0x00, 0x09, 0x00, 0x00, 0x00, 
    0x8e, 0x00, 0x00, 0x0b, 0x12, 0x00, 0x10, 0x00, 0x0d, 0x00, 0x00, 0x00, 
    0x12, 0x00, 0x10, 0x00, 0x0e, 0x00, 0x00, 0x00, 0x2a, 0x00, 0x10, 0x00, 
    0x08, 0x00, 0x00, 0x00, 0x0a, 0x00, 0x10, 0x00, 0x0e, 0x00, 0x00, 0x00, 
    0x0a, 0x00, 0x10, 0x00, 0x0d, 0x00, 0x00, 0x00, 0x34, 0x00, 0x00, 0x07, 
    0x22, 0x00, 0x10, 0x00, 0x08, 0x00, 0x00, 0x00, 0x3a, 0x00, 0x10, 0x00, 
    0x09, 0x00, 0x00, 0x00, 0x1a, 0x00, 0x10, 0x00, 0x08, 0x00, 0x00, 0x00, 
    0x31, 0x00, 0x00, 0x07, 0x42, 0x00, 0x10, 0x00, 0x08, 0x00, 0x00, 0x00, 
    0x1a, 0x00, 0x10, 0x00, 0x0a, 0x00, 0x00, 0x00, 0x2a, 0x00, 0x10, 0x00, 
    0x06, 0x00, 0x00, 0x00, 0x33, 0x00, 0x00, 0x07, 0x82, 0x00, 0x10, 0x00, 
    0x09, 0x00, 0x00, 0x00, 0x2a, 0x00, 0x10, 0x00, 0x06, 0x00, 0x00, 0x00, 
    0x1a, 0x00, 0x10, 0x00, 0x0a, 0x00, 0x00, 0x00, 0x8e, 0x00, 0x00, 0x0b, 
    0x12, 0x00, 0x10, 0x00, 0x10, 0x00, 0x00, 0x00, 0x12, 0x00, 0x10, 0x00, 
    0x11, 0x00, 0x00, 0x00, 0x2a, 0x00, 0x10, 0x00, 0x08, 0x00, 0x00, 0x00, 
    0x0a, 0x00, 0x10, 0x00, 0x11, 0x00, 0x00, 0x00, 0x0a, 0x00, 0x10, 0x00, 
    0x10, 0x00, 0x00, 0x00, 0x34, 0x00, 0x00, 0x07, 0x42, 0x00, 0x10, 0x00, 
    0x06, 0x00, 0x00, 0x00, 0x2a, 0x00, 0x10, 0x00, 0x06, 0x00, 0x00, 0x00, 
    0x1a, 0x00, 0x10, 0x00, 0x0a, 0x00, 0x00, 0x00, 0x31, 0x00, 0x00, 0x07, 
    0x42, 0x00, 0x10, 0x00, 0x08, 0x00, 0x00, 0x00, 0x1a, 0x00, 0x10, 0x00, 
    0x03, 0x00, 0x00, 0x00, 0x2a, 0x00, 0x10, 0x00, 0x05, 0x00, 0x00, 0x00, 
    0x33, 0x00, 0x00, 0x07, 0x22, 0x00, 0x10, 0x00, 0x0a, 0x00, 0x00, 0x00, 
    0x1a, 0x00, 0x10, 0x00, 0x03, 0x00, 0x00, 0x00, 0x2a, 0x00, 0x10, 0x00, 
    0x05, 0x00, 0x00, 0x00, 0x8e, 0x00, 0x00, 0x0b, 0x12, 0x00, 0x10, 0x00, 
    0x0b, 0x00, 0x00, 0x00, 0x12, 0x00, 0x10, 0x00, 0x0c, 0x00, 0x00, 0x00, 
    0x2a, 0x00, 0x10, 0x00, 0x08, 0x00, 0x00, 0x00, 0x0a, 0x00, 0x10, 0x00, 
    0x0b, 0x00, 0x00, 0x00, 0x0a, 0x00, 0x10, 0x00, 0x0c, 0x00, 0x00, 0x00, 
    0x34, 0x00, 0x00, 0x07, 0x22, 0x00, 0x10, 0x00, 0x03, 0x00, 0x00, 0x00, 
    0x2a, 0x00, 0x10, 0x00, 0x05, 0x00, 0x00, 0x00, 0x1a, 0x00, 0x10, 0x00, 
    0x03, 0x00, 0x00, 0x00, 0x31, 0x00, 0x00, 0x07, 0x42, 0x00, 0x10, 0x00, 
    0x05, 0x00, 0x00, 0x00, 0x3a, 0x00, 0x10, 0x00, 0x0a, 0x00, 0x00, 0x00, 
    0x2a, 0x00, 0x10, 0x00, 0x0a, 0x00, 0x00, 0x00, 0x33, 0x00, 0x00, 0x07, 
    0x42, 0x00, 0x10, 0x00, 0x08, 0x00, 0x00, 0x00, 0x3a, 0x00, 0x10, 0x00, 
    0x0a, 0x00, 0x00, 0x00, 0x2a, 0x00, 0x10, 0x00, 0x0a, 0x00, 0x00, 0x00, 
    0x8e, 0x00, 0x00, 0x0b, 0x12, 0x00, 0x10, 0x00, 0x0f, 0x00, 0x00, 0x00, 
    0x12, 0x00, 0x10, 0x00, 0x15, 0x00, 0x00, 0x00, 0x2a, 0x00, 0x10, 0x00, 
    0x05, 0x00, 0x00, 0x00, 0x0a, 0x00, 0x10, 0x00, 0x16, 0x00, 0x00, 0x00, 
    0x0a, 0x00, 0x10, 0x00, 0x0f, 0x00, 0x00, 0x00, 0x34, 0x00, 0x00, 0x07, 
    0x42, 0x00, 0x10, 0x00, 0x05, 0x00, 0x00, 0x00, 0x2a, 0x00, 0x10, 0x00, 
    0x0a, 0x00, 0x00, 0x00, 0x3a, 0x00, 0x10, 0x00, 0x0a, 0x00, 0x00, 0x00, 
    0x31, 0x00, 0x00, 0x07, 0x42, 0x00, 0x10, 0x00, 0x0a, 0x00, 0x00, 0x00, 
    0x1a, 0x00, 0x10, 0x00, 0x06, 0x00, 0x00, 0x00, 0x1a, 0x00, 0x10, 0x00, 
    0x09, 0x00, 0x00, 0x00, 0x33, 0x00, 0x00, 0x07, 0x82, 0x00, 0x10, 0x00, 
    0x0a, 0x00, 0x00, 0x00, 0x1a, 0x00, 0x10, 0x00, 0x06, 0x00, 0x00, 0x00, 
    0x1a, 0x00, 0x10, 0x00, 0x09, 0x00, 0x00, 0x00, 0x8e, 0x00, 0x00, 0x0b, 
    0x12, 0x00, 0x10, 0x00, 0x05, 0x00, 0x00, 0x00, 0x12, 0x00, 0x10, 0x00, 
    0x09, 0x00, 0x00, 0x00, 0x2a, 0x00, 0x10, 0x00, 0x0a, 0x00, 0x00, 0x00, 
    0x0a, 0x00, 0x10, 0x00, 0x09, 0x00, 0x00, 0x00, 0x0a, 0x00, 0x10, 0x00, 
    0x05, 0x00, 0x00, 0x00, 0x34, 0x00, 0x00, 0x07, 0x22, 0x00, 0x10, 0x00, 
    0x06, 0x00, 0x00, 0x00, 0x1a, 0x00, 0x10, 0x00, 0x09, 0x00, 0x00, 0x00, 
    0x1a, 0x00, 0x10, 0x00, 0x06, 0x00, 0x00, 0x00, 0x31, 0x00, 0x00, 0x07, 
    0x22, 0x00, 0x10, 0x00, 0x09, 0x00, 0x00, 0x00, 0x2a, 0x00, 0x10, 0x00, 
    0x02, 0x00, 0x00, 0x00, 0x3a, 0x00, 0x10, 0x00, 0x08, 0x00, 0x00, 0x00, 
    0x33, 0x00, 0x00, 0x07, 0x42, 0x00, 0x10, 0x00, 0x0a, 0x00, 0x00, 0x00, 
    0x2a, 0x00, 0x10, 0x00, 0x02, 0x00, 0x00, 0x00, 0x3a, 0x00, 0x10, 0x00, 
    0x08, 0x00, 0x00, 0x00, 0x8e, 0x00, 0x00, 0x0b, 0x12, 0x00, 0x10, 0x00, 
    0x06, 0x00, 0x00, 0x00, 0x12, 0x00, 0x10, 0x00, 0x07, 0x00, 0x00, 0x00, 
    0x1a, 0x00, 0x10, 0x00, 0x09, 0x00, 0x00, 0x00, 0x0a, 0x00, 0x10, 0x00, 
    0x06, 0x00, 0x00, 0x00, 0x0a, 0x00, 0x10, 0x00, 0x07, 0x00, 0x00, 0x00, 
    0x34, 0x00, 0x00, 0x07, 0x42, 0x00, 0x10, 0x00, 0x02, 0x00, 0x00, 0x00, 
    0x2a, 0x00, 0x10, 0x00, 0x02, 0x00, 0x00, 0x00, 0x3a, 0x00, 0x10, 0x00, 
    0x08, 0x00, 0x00, 0x00, 0x31, 0x00, 0x00, 0x07, 0x82, 0x00, 0x10, 0x00, 
    0x08, 0x00, 0x00, 0x00, 0x1a, 0x00, 0x10, 0x00, 0x0b, 0x00, 0x00, 0x00, 
    0x3a, 0x00, 0x10, 0x00, 0x03, 0x00, 0x00, 0x00, 0x33, 0x00, 0x00, 0x07, 
    0x22, 0x00, 0x10, 0x00, 0x09, 0x00, 0x00, 0x00, 0x3a, 0x00, 0x10, 0x00, 
    0x03, 0x00, 0x00, 0x00, 0x1a, 0x00, 0x10, 0x00, 0x0b, 0x00, 0x00, 0x00, 
    0x8e, 0x00, 0x00, 0x0b, 0x12, 0x00, 0x10, 0x00, 0x04, 0x00, 0x00, 0x00, 
    0x12, 0x00, 0x10, 0x00, 0x0a, 0x00, 0x00, 0x00, 0x3a, 0x00, 0x10, 0x00, 
    0x08, 0x00, 0x00, 0x00, 0x0a, 0x00, 0x10, 0x00, 0x0a, 0x00, 0x00, 0x00, 
    0x0a, 0x00, 0x10, 0x00, 0x04, 0x00, 0x00, 0x00, 0x34, 0x00, 0x00, 0x07, 
    0x82, 0x00, 0x10, 0x00, 0x03, 0x00, 0x00, 0x00, 0x3a, 0x00, 0x10, 0x00, 
    0x03, 0x00, 0x00, 0x00, 0x1a, 0x00, 0x10, 0x00, 0x0b, 0x00, 0x00, 0x00, 
    0x31, 0x00, 0x00, 0x07, 0x82, 0x00, 0x10, 0x00, 0x08, 0x00, 0x00, 0x00, 
    0x3a, 0x00, 0x10, 0x00, 0x06, 0x00, 0x00, 0x00, 0x3a, 0x00, 0x10, 0x00, 
    0x00, 0x00, 0x00, 0x00, 0x33, 0x00, 0x00, 0x07, 0x22, 0x00, 0x10, 0x00, 
    0x0b, 0x00, 0x00, 0x00, 0x3a, 0x00, 0x10, 0x00, 0x00, 0x00, 0x00, 0x00, 
    0x3a, 0x00, 0x10, 0x00, 0x06, 0x00, 0x00, 0x00, 0x8e, 0x00, 0x00, 0x0b, 
    0x12, 0x00, 0x10, 0x00, 0x03, 0x00, 0x00, 0x00, 0x12, 0x00, 0x10, 0x00, 
    0x08, 0x00, 0x00, 0x00, 0x3a, 0x00, 0x10, 0x00, 0x08, 0x00, 0x00, 0x00, 
    0x0a, 0x00, 0x10, 0x00, 0x03, 0x00, 0x00, 0x00, 0x0a, 0x00, 0x10, 0x00, 
    0x08, 0x00, 0x00, 0x00, 0x34, 0x00, 0x00, 0x07, 0x82, 0x00, 0x10, 0x00, 
    0x00, 0x00, 0x00, 0x00, 0x3a, 0x00, 0x10, 0x00, 0x00, 0x00, 0x00, 0x00, 
    0x3a, 0x00, 0x10, 0x00, 0x06, 0x00, 0x00, 0x00, 0x36, 0x00, 0x00, 0x06, 
    0x12, 0x30, 0x20, 0x00, 0x00, 0x00, 0x00, 0x00, 0x16, 0x00, 0x00, 0x00, 
    0x0a, 0x00, 0x10, 0x00, 0x03, 0x00, 0x00, 0x00, 0x31, 0x00, 0x00, 0x07, 
    0x12, 0x00, 0x10, 0x00, 0x03, 0x00, 0x00, 0x00, 0x2a, 0x00, 0x10, 0x00, 
    0x04, 0x00, 0x00, 0x00, 0x1a, 0x00, 0x10, 0x00, 0x05, 0x00, 0x00, 0x00, 
    0x33, 0x00, 0x00, 0x07, 0x82, 0x00, 0x10, 0x00, 0x06, 0x00, 0x00, 0x00, 
    0x2a, 0x00, 0x10, 0x00, 0x04, 0x00, 0x00, 0x00, 0x1a, 0x00, 0x10, 0x00, 
    0x05, 0x00, 0x00, 0x00, 0x8e, 0x00, 0x00, 0x0b, 0x12, 0x00, 0x10, 0x00, 
    0x02, 0x00, 0x00, 0x00, 0x12, 0x00, 0x10, 0x00, 0x03, 0x00, 0x00, 0x00, 
    0x0a, 0x00, 0x10, 0x00, 0x03, 0x00, 0x00, 0x00, 0x0a, 0x00, 0x10, 0x00, 
    0x02, 0x00, 0x00, 0x00, 0x0a, 0x00, 0x10, 0x00, 0x13, 0x00, 0x00, 0x00, 
    0x36, 0x00, 0x00, 0x06, 0x12, 0x30, 0x20, 0x00, 0x00, 0x00, 0x00, 0x00, 
    0x03, 0x00, 0x00, 0x00, 0x0a, 0x00, 0x10, 0x00, 0x03, 0x00, 0x00, 0x00, 
    0x34, 0x00, 0x00, 0x07, 0x12, 0x00, 0x10, 0x00, 0x03, 0x00, 0x00, 0x00, 
    0x2a, 0x00, 0x10, 0x00, 0x04, 0x00, 0x00, 0x00, 0x1a, 0x00, 0x10, 0x00, 
    0x05, 0x00, 0x00, 0x00, 0x31, 0x00, 0x00, 0x07, 0x42, 0x00, 0x10, 0x00, 
    0x04, 0x00, 0x00, 0x00, 0x3a, 0x00, 0x10, 0x00, 0x04, 0x00, 0x00, 0x00, 
    0x2a, 0x00, 0x10, 0x00, 0x09, 0x00, 0x00, 0x00, 0x33, 0x00, 0x00, 0x07, 
    0x22, 0x00, 0x10, 0x00, 0x05, 0x00, 0x00, 0x00, 0x3a, 0x00, 0x10, 0x00, 
    0x04, 0x00, 0x00, 0x00, 0x2a, 0x00, 0x10, 0x00, 0x09, 0x00, 0x00, 0x00, 
    0x8e, 0x00, 0x00, 0x0b, 0x12, 0x00, 0x10, 0x00, 0x0e, 0x00, 0x00, 0x00, 
    0x12, 0x00, 0x10, 0x00, 0x12, 0x00, 0x00, 0x00, 0x2a, 0x00, 0x10, 0x00, 
    0x04, 0x00, 0x00, 0x00, 0x0a, 0x00, 0x10, 0x00, 0x12, 0x00, 0x00, 0x00, 
    0x0a, 0x00, 0x10, 0x00, 0x0e, 0x00, 0x00, 0x00, 0x34, 0x00, 0x00, 0x07, 
    0x42, 0x00, 0x10, 0x00, 0x04, 0x00, 0x00, 0x00, 0x3a, 0x00, 0x10, 0x00, 
    0x04, 0x00, 0x00, 0x00, 0x2a, 0x00, 0x10, 0x00, 0x09, 0x00, 0x00, 0x00, 
    0x31, 0x00, 0x00, 0x07, 0x82, 0x00, 0x10, 0x00, 0x04, 0x00, 0x00, 0x00, 
    0x3a, 0x00, 0x10, 0x00, 0x09, 0x00, 0x00, 0x00, 0x1a, 0x00, 0x10, 0x00, 
    0x04, 0x00, 0x00, 0x00, 0x33, 0x00, 0x00, 0x07, 0x82, 0x00, 0x10, 0x00, 
    0x08, 0x00, 0x00, 0x00, 0x1a, 0x00, 0x10, 0x00, 0x04, 0x00, 0x00, 0x00, 
    0x3a, 0x00, 0x10, 0x00, 0x09, 0x00, 0x00, 0x00, 0x8e, 0x00, 0x00, 0x0b, 
    0x12, 0x00, 0x10, 0x00, 0x11, 0x00, 0x00, 0x00, 0x12, 0x00, 0x10, 0x00, 
    0x13, 0x00, 0x00, 0x00, 0x3a, 0x00, 0x10, 0x00, 0x04, 0x00, 0x00, 0x00, 
    0x0a, 0x00, 0x10, 0x00, 0x11, 0x00, 0x00, 0x00, 0x0a, 0x00, 0x10, 0x00, 
    0x14, 0x00, 0x00, 0x00, 0x34, 0x00, 0x00, 0x07, 0x22, 0x00, 0x10, 0x00, 
    0x04, 0x00, 0x00, 0x00, 0x1a, 0x00, 0x10, 0x00, 0x04, 0x00, 0x00, 0x00, 
    0x3a, 0x00, 0x10, 0x00, 0x09, 0x00, 0x00, 0x00, 0x31, 0x00, 0x00, 0x07, 
    0x82, 0x00, 0x10, 0x00, 0x04, 0x00, 0x00, 0x00, 0x2a, 0x00, 0x10, 0x00, 
    0x06, 0x00, 0x00, 0x00, 0x1a, 0x00, 0x10, 0x00, 0x0a, 0x00, 0x00, 0x00, 
    0x33, 0x00, 0x00, 0x07, 0x42, 0x00, 0x10, 0x00, 0x09, 0x00, 0x00, 0x00, 
    0x2a, 0x00, 0x10, 0x00, 0x06, 0x00, 0x00, 0x00, 0x1a, 0x00, 0x10, 0x00, 
    0x0a, 0x00, 0x00, 0x00, 0x8e, 0x00, 0x00, 0x0b, 0x12, 0x00, 0x10, 0x00, 
    0x0c, 0x00, 0x00, 0x00, 0x12, 0x00, 0x10, 0x00, 0x10, 0x00, 0x00, 0x00, 
    0x3a, 0x00, 0x10, 0x00, 0x04, 0x00, 0x00, 0x00, 0x0a, 0x00, 0x10, 0x00, 
    0x10, 0x00, 0x00, 0x00, 0x0a, 0x00, 0x10, 0x00, 0x0c, 0x00, 0x00, 0x00, 
    0x34, 0x00, 0x00, 0x07, 0x82, 0x00, 0x10, 0x00, 0x04, 0x00, 0x00, 0x00, 
    0x2a, 0x00, 0x10, 0x00, 0x06, 0x00, 0x00, 0x00, 0x1a, 0x00, 0x10, 0x00, 
    0x0a, 0x00, 0x00, 0x00, 0x31, 0x00, 0x00, 0x07, 0x42, 0x00, 0x10, 0x00, 
    0x06, 0x00, 0x00, 0x00, 0x2a, 0x00, 0x10, 0x00, 0x08, 0x00, 0x00, 0x00, 
    0x1a, 0x00, 0x10, 0x00, 0x08, 0x00, 0x00, 0x00, 0x33, 0x00, 0x00, 0x07, 
    0x82, 0x00, 0x10, 0x00, 0x09, 0x00, 0x00, 0x00, 0x2a, 0x00, 0x10, 0x00, 
    0x08, 0x00, 0x00, 0x00, 0x1a, 0x00, 0x10, 0x00, 0x08, 0x00, 0x00, 0x00, 
    0x8e, 0x00, 0x00, 0x0b, 0x12, 0x00, 0x10, 0x00, 0x0d, 0x00, 0x00, 0x00, 
    0x12, 0x00, 0x10, 0x00, 0x14, 0x00, 0x00, 0x00, 0x2a, 0x00, 0x10, 0x00, 
    0x06, 0x00, 0x00, 0x00, 0x0a, 0x00, 0x10, 0x00, 0x15, 0x00, 0x00, 0x00, 
    0x0a, 0x00, 0x10, 0x00, 0x0d, 0x00, 0x00, 0x00, 0x34, 0x00, 0x00, 0x07, 
    0x42, 0x00, 0x10, 0x00, 0x06, 0x00, 0x00, 0x00, 0x1a, 0x00, 0x10, 0x00, 
    0x08, 0x00, 0x00, 0x00, 0x2a, 0x00, 0x10, 0x00, 0x08, 0x00, 0x00, 0x00, 
    0x31, 0x00, 0x00, 0x07, 0x22, 0x00, 0x10, 0x00, 0x08, 0x00, 0x00, 0x00, 
    0x1a, 0x00, 0x10, 0x00, 0x03, 0x00, 0x00, 0x00, 0x3a, 0x00, 0x10, 0x00, 
    0x0a, 0x00, 0x00, 0x00, 0x33, 0x00, 0x00, 0x07, 0x42, 0x00, 0x10, 0x00, 
    0x08, 0x00, 0x00, 0x00, 0x1a, 0x00, 0x10, 0x00, 0x03, 0x00, 0x00, 0x00, 
    0x3a, 0x00, 0x10, 0x00, 0x0a, 0x00, 0x00, 0x00, 0x8e, 0x00, 0x00, 0x0b, 
    0x12, 0x00, 0x10, 0x00, 0x09, 0x00, 0x00, 0x00, 0x12, 0x00, 0x10, 0x00, 
    0x0b, 0x00, 0x00, 0x00, 0x1a, 0x00, 0x10, 0x00, 0x08, 0x00, 0x00, 0x00, 
    0x0a, 0x00, 0x10, 0x00, 0x0b, 0x00, 0x00, 0x00, 0x0a, 0x00, 0x10, 0x00, 
    0x09, 0x00, 0x00, 0x00, 0x34, 0x00, 0x00, 0x07, 0x22, 0x00, 0x10, 0x00, 
    0x03, 0x00, 0x00, 0x00, 0x1a, 0x00, 0x10, 0x00, 0x03, 0x00, 0x00, 0x00, 
    0x3a, 0x00, 0x10, 0x00, 0x0a, 0x00, 0x00, 0x00, 0x31, 0x00, 0x00, 0x07, 
    0x22, 0x00, 0x10, 0x00, 0x08, 0x00, 0x00, 0x00, 0x2a, 0x00, 0x10, 0x00, 
    0x05, 0x00, 0x00, 0x00, 0x2a, 0x00, 0x10, 0x00, 0x0a, 0x00, 0x00, 0x00, 
    0x33, 0x00, 0x00, 0x07, 0x22, 0x00, 0x10, 0x00, 0x0a, 0x00, 0x00, 0x00, 
    0x2a, 0x00, 0x10, 0x00, 0x05, 0x00, 0x00, 0x00, 0x2a, 0x00, 0x10, 0x00, 
    0x0a, 0x00, 0x00, 0x00, 0x8e, 0x00, 0x00, 0x0b, 0x12, 0x00, 0x10, 0x00, 
    0x07, 0x00, 0x00, 0x00, 0x12, 0x00, 0x10, 0x00, 0x0f, 0x00, 0x00, 0x00, 
    0x1a, 0x00, 0x10, 0x00, 0x08, 0x00, 0x00, 0x00, 0x0a, 0x00, 0x10, 0x00, 
    0x0f, 0x00, 0x00, 0x00, 0x0a, 0x00, 0x10, 0x00, 0x07, 0x00, 0x00, 0x00, 
    0x34, 0x00, 0x00, 0x07, 0x42, 0x00, 0x10, 0x00, 0x05, 0x00, 0x00, 0x00, 
    0x2a, 0x00, 0x10, 0x00, 0x05, 0x00, 0x00, 0x00, 0x2a, 0x00, 0x10, 0x00, 
    0x0a, 0x00, 0x00, 0x00, 0x31, 0x00, 0x00, 0x07, 0x22, 0x00, 0x10, 0x00, 
    0x08, 0x00, 0x00, 0x00, 0x1a, 0x00, 0x10, 0x00, 0x06, 0x00, 0x00, 0x00, 
    0x1a, 0x00, 0x10, 0x00, 0x09, 0x00, 0x00, 0x00, 0x33, 0x00, 0x00, 0x07, 
    0x42, 0x00, 0x10, 0x00, 0x0a, 0x00, 0x00, 0x00, 0x1a, 0x00, 0x10, 0x00, 
    0x06, 0x00, 0x00, 0x00, 0x1a, 0x00, 0x10, 0x00, 0x09, 0x00, 0x00, 0x00, 
    0x8e, 0x00, 0x00, 0x0b, 0x12, 0x00, 0x10, 0x00, 0x05, 0x00, 0x00, 0x00, 
    0x12, 0x00, 0x10, 0x00, 0x0a, 0x00, 0x00, 0x00, 0x1a, 0x00, 0x10, 0x00, 
    0x08, 0x00, 0x00, 0x00, 0x0a, 0x00, 0x10, 0x00, 0x05, 0x00, 0x00, 0x00, 
    0x0a, 0x00, 0x10, 0x00, 0x0a, 0x00, 0x00, 0x00, 0x34, 0x00, 0x00, 0x07, 
    0x22, 0x00, 0x10, 0x00, 0x06, 0x00, 0x00, 0x00, 0x1a, 0x00, 0x10, 0x00, 
    0x06, 0x00, 0x00, 0x00, 0x1a, 0x00, 0x10, 0x00, 0x09, 0x00, 0x00, 0x00, 
    0x31, 0x00, 0x00, 0x07, 0x22, 0x00, 0x10, 0x00, 0x08, 0x00, 0x00, 0x00, 
    0x2a, 0x00, 0x10, 0x00, 0x02, 0x00, 0x00, 0x00, 0x3a, 0x00, 0x10, 0x00, 
    0x03, 0x00, 0x00, 0x00, 0x33, 0x00, 0x00, 0x07, 0x22, 0x00, 0x10, 0x00, 
    0x09, 0x00, 0x00, 0x00, 0x2a, 0x00, 0x10, 0x00, 0x02, 0x00, 0x00, 0x00, 
    0x3a, 0x00, 0x10, 0x00, 0x03, 0x00, 0x00, 0x00, 0x8e, 0x00, 0x00, 0x0b, 
    0x12, 0x00, 0x10, 0x00, 0x04, 0x00, 0x00, 0x00, 0x12, 0x00, 0x10, 0x00, 
    0x06, 0x00, 0x00, 0x00, 0x1a, 0x00, 0x10, 0x00, 0x08, 0x00, 0x00, 0x00, 
    0x0a, 0x00, 0x10, 0x00, 0x06, 0x00, 0x00, 0x00, 0x0a, 0x00, 0x10, 0x00, 
    0x04, 0x00, 0x00, 0x00, 0x34, 0x00, 0x00, 0x07, 0x42, 0x00, 0x10, 0x00, 
    0x02, 0x00, 0x00, 0x00, 0x2a, 0x00, 0x10, 0x00, 0x02, 0x00, 0x00, 0x00, 
    0x3a, 0x00, 0x10, 0x00, 0x03, 0x00, 0x00, 0x00, 0x31, 0x00, 0x00, 0x07, 
    0x82, 0x00, 0x10, 0x00, 0x03, 0x00, 0x00, 0x00, 0x3a, 0x00, 0x10, 0x00, 
    0x08, 0x00, 0x00, 0x00, 0x1a, 0x00, 0x10, 0x00, 0x05, 0x00, 0x00, 0x00, 
    0x33, 0x00, 0x00, 0x07, 0x22, 0x00, 0x10, 0x00, 0x08, 0x00, 0x00, 0x00, 
    0x1a, 0x00, 0x10, 0x00, 0x05, 0x00, 0x00, 0x00, 0x3a, 0x00, 0x10, 0x00, 
    0x08, 0x00, 0x00, 0x00, 0x8e, 0x00, 0x00, 0x0b, 0x12, 0x00, 0x10, 0x00, 
    0x12, 0x00, 0x00, 0x00, 0x12, 0x00, 0x10, 0x00, 0x13, 0x00, 0x00, 0x00, 
    0x3a, 0x00, 0x10, 0x00, 0x03, 0x00, 0x00, 0x00, 0x0a, 0x00, 0x10, 0x00, 
    0x13, 0x00, 0x00, 0x00, 0x0a, 0x00, 0x10, 0x00, 0x12, 0x00, 0x00, 0x00, 
    0x34, 0x00, 0x00, 0x07, 0x82, 0x00, 0x10, 0x00, 0x03, 0x00, 0x00, 0x00, 
    0x1a, 0x00, 0x10, 0x00, 0x05, 0x00, 0x00, 0x00, 0x3a, 0x00, 0x10, 0x00, 
    0x08, 0x00, 0x00, 0x00, 0x31, 0x00, 0x00, 0x07, 0x22, 0x00, 0x10, 0x00, 
    0x05, 0x00, 0x00, 0x00, 0x2a, 0x00, 0x10, 0x00, 0x04, 0x00, 0x00, 0x00, 
    0x1a, 0x00, 0x10, 0x00, 0x04, 0x00, 0x00, 0x00, 0x33, 0x00, 0x00, 0x07, 
    0x82, 0x00, 0x10, 0x00, 0x08, 0x00, 0x00, 0x00, 0x2a, 0x00, 0x10, 0x00, 
    0x04, 0x00, 0x00, 0x00, 0x1a, 0x00, 0x10, 0x00, 0x04, 0x00, 0x00, 0x00, 
    0x8e, 0x00, 0x00, 0x0b, 0x12, 0x00, 0x10, 0x00, 0x0e, 0x00, 0x00, 0x00, 
    0x12, 0x00, 0x10, 0x00, 0x11, 0x00, 0x00, 0x00, 0x1a, 0x00, 0x10, 0x00, 
    0x05, 0x00, 0x00, 0x00, 0x0a, 0x00, 0x10, 0x00, 0x0e, 0x00, 0x00, 0x00, 
    0x0a, 0x00, 0x10, 0x00, 0x11, 0x00, 0x00, 0x00, 0x34, 0x00, 0x00, 0x07, 
    0x22, 0x00, 0x10, 0x00, 0x04, 0x00, 0x00, 0x00, 0x1a, 0x00, 0x10, 0x00, 
    0x04, 0x00, 0x00, 0x00, 0x2a, 0x00, 0x10, 0x00, 0x04, 0x00, 0x00, 0x00, 
    0x31, 0x00, 0x00, 0x07, 0x42, 0x00, 0x10, 0x00, 0x04, 0x00, 0x00, 0x00, 
    0x3a, 0x00, 0x10, 0x00, 0x09, 0x00, 0x00, 0x00, 0x2a, 0x00, 0x10, 0x00, 
    0x09, 0x00, 0x00, 0x00, 0x33, 0x00, 0x00, 0x07, 0x22, 0x00, 0x10, 0x00, 
    0x05, 0x00, 0x00, 0x00, 0x3a, 0x00, 0x10, 0x00, 0x09, 0x00, 0x00, 0x00, 
    0x2a, 0x00, 0x10, 0x00, 0x09, 0x00, 0x00, 0x00, 0x8e, 0x00, 0x00, 0x0b, 
    0x12, 0x00, 0x10, 0x00, 0x10, 0x00, 0x00, 0x00, 0x12, 0x00, 0x10, 0x00, 
    0x14, 0x00, 0x00, 0x00, 0x2a, 0x00, 0x10, 0x00, 0x04, 0x00, 0x00, 0x00, 
    0x0a, 0x00, 0x10, 0x00, 0x14, 0x00, 0x00, 0x00, 0x0a, 0x00, 0x10, 0x00, 
    0x10, 0x00, 0x00, 0x00, 0x34, 0x00, 0x00, 0x07, 0x42, 0x00, 0x10, 0x00, 
    0x04, 0x00, 0x00, 0x00, 0x2a, 0x00, 0x10, 0x00, 0x09, 0x00, 0x00, 0x00, 
    0x3a, 0x00, 0x10, 0x00, 0x09, 0x00, 0x00, 0x00, 0x31, 0x00, 0x00, 0x07, 
    0x42, 0x00, 0x10, 0x00, 0x09, 0x00, 0x00, 0x00, 0x3a, 0x00, 0x10, 0x00, 
    0x04, 0x00, 0x00, 0x00, 0x2a, 0x00, 0x10, 0x00, 0x06, 0x00, 0x00, 0x00, 
    0x33, 0x00, 0x00, 0x07, 0x82, 0x00, 0x10, 0x00, 0x09, 0x00, 0x00, 0x00, 
    0x3a, 0x00, 0x10, 0x00, 0x04, 0x00, 0x00, 0x00, 0x2a, 0x00, 0x10, 0x00, 
    0x06, 0x00, 0x00, 0x00, 0x8e, 0x00, 0x00, 0x0b, 0x12, 0x00, 0x10, 0x00, 
    0x0c, 0x00, 0x00, 0x00, 0x12, 0x00, 0x10, 0x00, 0x0d, 0x00, 0x00, 0x00, 
    0x2a, 0x00, 0x10, 0x00, 0x09, 0x00, 0x00, 0x00, 0x0a, 0x00, 0x10, 0x00, 
    0x0c, 0x00, 0x00, 0x00, 0x0a, 0x00, 0x10, 0x00, 0x0d, 0x00, 0x00, 0x00, 
    0x34, 0x00, 0x00, 0x07, 0x82, 0x00, 0x10, 0x00, 0x04, 0x00, 0x00, 0x00, 
    0x3a, 0x00, 0x10, 0x00, 0x04, 0x00, 0x00, 0x00, 0x2a, 0x00, 0x10, 0x00, 
    0x06, 0x00, 0x00, 0x00, 0x31, 0x00, 0x00, 0x07, 0x42, 0x00, 0x10, 0x00, 
    0x06, 0x00, 0x00, 0x00, 0x1a, 0x00, 0x10, 0x00, 0x0a, 0x00, 0x00, 0x00, 
    0x2a, 0x00, 0x10, 0x00, 0x08, 0x00, 0x00, 0x00, 0x33, 0x00, 0x00, 0x07, 
    0x42, 0x00, 0x10, 0x00, 0x09, 0x00, 0x00, 0x00, 0x2a, 0x00, 0x10, 0x00, 
    0x08, 0x00, 0x00, 0x00, 0x1a, 0x00, 0x10, 0x00, 0x0a, 0x00, 0x00, 0x00, 
    0x8e, 0x00, 0x00, 0x0b, 0x12, 0x00, 0x10, 0x00, 0x0b, 0x00, 0x00, 0x00, 
    0x12, 0x00, 0x10, 0x00, 0x0f, 0x00, 0x00, 0x00, 0x2a, 0x00, 0x10, 0x00, 
    0x06, 0x00, 0x00, 0x00, 0x0a, 0x00, 0x10, 0x00, 0x0f, 0x00, 0x00, 0x00, 
    0x0a, 0x00, 0x10, 0x00, 0x0b, 0x00, 0x00, 0x00, 0x34, 0x00, 0x00, 0x07, 
    0x42, 0x00, 0x10, 0x00, 0x06, 0x00, 0x00, 0x00, 0x2a, 0x00, 0x10, 0x00, 
    0x08, 0x00, 0x00, 0x00, 0x1a, 0x00, 0x10, 0x00, 0x0a, 0x00, 0x00, 0x00, 
    0x31, 0x00, 0x00, 0x07, 0x42, 0x00, 0x10, 0x00, 0x08, 0x00, 0x00, 0x00, 
    0x1a, 0x00, 0x10, 0x00, 0x03, 0x00, 0x00, 0x00, 0x2a, 0x00, 0x10, 0x00, 
    0x05, 0x00, 0x00, 0x00, 0x33, 0x00, 0x00, 0x07, 0x22, 0x00, 0x10, 0x00, 
    0x0a, 0x00, 0x00, 0x00, 0x1a, 0x00, 0x10, 0x00, 0x03, 0x00, 0x00, 0x00, 
    0x2a, 0x00, 0x10, 0x00, 0x05, 0x00, 0x00, 0x00, 0x8e, 0x00, 0x00, 0x0b, 
    0x12, 0x00, 0x10, 0x00, 0x07, 0x00, 0x00, 0x00, 0x12, 0x00, 0x10, 0x00, 
    0x09, 0x00, 0x00, 0x00, 0x2a, 0x00, 0x10, 0x00, 0x08, 0x00, 0x00, 0x00, 
    0x0a, 0x00, 0x10, 0x00, 0x09, 0x00, 0x00, 0x00, 0x0a, 0x00, 0x10, 0x00, 
    0x07, 0x00, 0x00, 0x00, 0x34, 0x00, 0x00, 0x07, 0x22, 0x00, 0x10, 0x00, 
    0x03, 0x00, 0x00, 0x00, 0x1a, 0x00, 0x10, 0x00, 0x03, 0x00, 0x00, 0x00, 
    0x2a, 0x00, 0x10, 0x00, 0x05, 0x00, 0x00, 0x00, 0x31, 0x00, 0x00, 0x07, 
    0x42, 0x00, 0x10, 0x00, 0x05, 0x00, 0x00, 0x00, 0x1a, 0x00, 0x10, 0x00, 
    0x09, 0x00, 0x00, 0x00, 0x2a, 0x00, 0x10, 0x00, 0x0a, 0x00, 0x00, 0x00, 
    0x33, 0x00, 0x00, 0x07, 0x42, 0x00, 0x10, 0x00, 0x08, 0x00, 0x00, 0x00, 
    0x1a, 0x00, 0x10, 0x00, 0x09, 0x00, 0x00, 0x00, 0x2a, 0x00, 0x10, 0x00, 
    0x0a, 0x00, 0x00, 0x00, 0x8e, 0x00, 0x00, 0x0b, 0x12, 0x00, 0x10, 0x00, 
    0x06, 0x00, 0x00, 0x00, 0x12, 0x00, 0x10, 0x00, 0x0a, 0x00, 0x00, 0x00, 
    0x2a, 0x00, 0x10, 0x00, 0x05, 0x00, 0x00, 0x00, 0x0a, 0x00, 0x10, 0x00, 
    0x06, 0x00, 0x00, 0x00, 0x0a, 0x00, 0x10, 0x00, 0x0a, 0x00, 0x00, 0x00, 
    0x34, 0x00, 0x00, 0x07, 0x42, 0x00, 0x10, 0x00, 0x05, 0x00, 0x00, 0x00, 
    0x2a, 0x00, 0x10, 0x00, 0x0a, 0x00, 0x00, 0x00, 0x1a, 0x00, 0x10, 0x00, 
    0x09, 0x00, 0x00, 0x00, 0x31, 0x00, 0x00, 0x07, 0x22, 0x00, 0x10, 0x00, 
    0x09, 0x00, 0x00, 0x00, 0x2a, 0x00, 0x10, 0x00, 0x02, 0x00, 0x00, 0x00, 
    0x1a, 0x00, 0x10, 0x00, 0x0b, 0x00, 0x00, 0x00, 0x33, 0x00, 0x00, 0x07, 
    0x42, 0x00, 0x10, 0x00, 0x0a, 0x00, 0x00, 0x00, 0x2a, 0x00, 0x10, 0x00, 
    0x02, 0x00, 0x00, 0x00, 0x1a, 0x00, 0x10, 0x00, 0x0b, 0x00, 0x00, 0x00, 
    0x8e, 0x00, 0x00, 0x0b, 0x12, 0x00, 0x10, 0x00, 0x04, 0x00, 0x00, 0x00, 
    0x12, 0x00, 0x10, 0x00, 0x08, 0x00, 0x00, 0x00, 0x1a, 0x00, 0x10, 0x00, 
    0x09, 0x00, 0x00, 0x00, 0x0a, 0x00, 0x10, 0x00, 0x04, 0x00, 0x00, 0x00, 
    0x0a, 0x00, 0x10, 0x00, 0x08, 0x00, 0x00, 0x00, 0x36, 0x00, 0x00, 0x06, 
    0x12, 0x30, 0x20, 0x00, 0x00, 0x00, 0x00, 0x00, 0x14, 0x00, 0x00, 0x00, 
    0x0a, 0x00, 0x10, 0x00, 0x08, 0x00, 0x00, 0x00, 0x34, 0x00, 0x00, 0x07, 
    0x42, 0x00, 0x10, 0x00, 0x02, 0x00, 0x00, 0x00, 0x1a, 0x00, 0x10, 0x00, 
    0x0b, 0x00, 0x00, 0x00, 0x2a, 0x00, 0x10, 0x00, 0x02, 0x00, 0x00, 0x00, 
    0x36, 0x00, 0x00, 0x06, 0x12, 0x30, 0x20, 0x00, 0x00, 0x00, 0x00, 0x00, 
    0x15, 0x00, 0x00, 0x00, 0x0a, 0x00, 0x10, 0x00, 0x04, 0x00, 0x00, 0x00, 
    0x31, 0x00, 0x00, 0x07, 0x12, 0x00, 0x10, 0x00, 0x04, 0x00, 0x00, 0x00, 
    0x1a, 0x00, 0x10, 0x00, 0x08, 0x00, 0x00, 0x00, 0x0a, 0x00, 0x10, 0x00, 
    0x03, 0x00, 0x00, 0x00, 0x33, 0x00, 0x00, 0x07, 0x12, 0x00, 0x10, 0x00, 
    0x08, 0x00, 0x00, 0x00, 0x0a, 0x00, 0x10, 0x00, 0x03, 0x00, 0x00, 0x00, 
    0x1a, 0x00, 0x10, 0x00, 0x08, 0x00, 0x00, 0x00, 0x8e, 0x00, 0x00, 0x0b, 
    0x12, 0x00, 0x10, 0x00, 0x02, 0x00, 0x00, 0x00, 0x12, 0x00, 0x10, 0x00, 
    0x04, 0x00, 0x00, 0x00, 0x0a, 0x00, 0x10, 0x00, 0x04, 0x00, 0x00, 0x00, 
    0x0a, 0x00, 0x10, 0x00, 0x13, 0x00, 0x00, 0x00, 0x0a, 0x00, 0x10, 0x00, 
    0x02, 0x00, 0x00, 0x00, 0x36, 0x00, 0x00, 0x06, 0x12, 0x30, 0x20, 0x00, 
    0x00, 0x00, 0x00, 0x00, 0x04, 0x00, 0x00, 0x00, 0x0a, 0x00, 0x10, 0x00, 
    0x04, 0x00, 0x00, 0x00, 0x36, 0x00, 0x00, 0x06, 0x12, 0x30, 0x20, 0x00, 
    0x00, 0x00, 0x00, 0x00, 0x05, 0x00, 0x00, 0x00, 0x0a, 0x00, 0x10, 0x00, 
    0x02, 0x00, 0x00, 0x00, 0x31, 0x00, 0x00, 0x07, 0x12, 0x00, 0x10, 0x00, 
    0x02, 0x00, 0x00, 0x00, 0x3a, 0x00, 0x10, 0x00, 0x08, 0x00, 0x00, 0x00, 
    0x3a, 0x00, 0x10, 0x00, 0x03, 0x00, 0x00, 0x00, 0x33, 0x00, 0x00, 0x07, 
    0x12, 0x00, 0x10, 0x00, 0x04, 0x00, 0x00, 0x00, 0x3a, 0x00, 0x10, 0x00, 
    0x03, 0x00, 0x00, 0x00, 0x3a, 0x00, 0x10, 0x00, 0x08, 0x00, 0x00, 0x00, 
    0x8e, 0x00, 0x00, 0x0b, 0x12, 0x00, 0x10, 0x00, 0x02, 0x00, 0x00, 0x00, 
    0x12, 0x00, 0x10, 0x00, 0x11, 0x00, 0x00, 0x00, 0x0a, 0x00, 0x10, 0x00, 
    0x02, 0x00, 0x00, 0x00, 0x0a, 0x00, 0x10, 0x00, 0x11, 0x00, 0x00, 0x00, 
    0x0a, 0x00, 0x10, 0x00, 0x12, 0x00, 0x00, 0x00, 0x36, 0x00, 0x00, 0x06, 
    0x12, 0x30, 0x20, 0x00, 0x00, 0x00, 0x00, 0x00, 0x06, 0x00, 0x00, 0x00, 
    0x0a, 0x00, 0x10, 0x00, 0x11, 0x00, 0x00, 0x00, 0x34, 0x00, 0x00, 0x07, 
    0x92, 0x00, 0x10, 0x00, 0x03, 0x00, 0x00, 0x00, 0x06, 0x0c, 0x10, 0x00, 
    0x03, 0x00, 0x00, 0x00, 0x56, 0x0d, 0x10, 0x00, 0x08, 0x00, 0x00, 0x00, 
    0x36, 0x00, 0x00, 0x06, 0x12, 0x30, 0x20, 0x00, 0x00, 0x00, 0x00, 0x00, 
    0x07, 0x00, 0x00, 0x00, 0x0a, 0x00, 0x10, 0x00, 0x02, 0x00, 0x00, 0x00, 
    0x31, 0x00, 0x00, 0x07, 0x12, 0x00, 0x10, 0x00, 0x02, 0x00, 0x00, 0x00, 
    0x1a, 0x00, 0x10, 0x00, 0x05, 0x00, 0x00, 0x00, 0x1a, 0x00, 0x10, 0x00, 
    0x04, 0x00, 0x00, 0x00, 0x33, 0x00, 0x00, 0x07, 0x22, 0x00, 0x10, 0x00, 
    0x08, 0x00, 0x00, 0x00, 0x1a, 0x00, 0x10, 0x00, 0x04, 0x00, 0x00, 0x00, 
    0x1a, 0x00, 0x10, 0x00, 0x05, 0x00, 0x00, 0x00, 0x8e, 0x00, 0x00, 0x0b, 
    0x12, 0x00, 0x10, 0x00, 0x02, 0x00, 0x00, 0x00, 0x12, 0x00, 0x10, 0x00, 
    0x0e, 0x00, 0x00, 0x00, 0x0a, 0x00, 0x10, 0x00, 0x02, 0x00, 0x00, 0x00, 
    0x0a, 0x00, 0x10, 0x00, 0x14, 0x00, 0x00, 0x00, 0x0a, 0x00, 0x10, 0x00, 
    0x0e, 0x00, 0x00, 0x00, 0x36, 0x00, 0x00, 0x06, 0x12, 0x30, 0x20, 0x00, 
    0x00, 0x00, 0x00, 0x00, 0x08, 0x00, 0x00, 0x00, 0x0a, 0x00, 0x10, 0x00, 
    0x0e, 0x00, 0x00, 0x00, 0x34, 0x00, 0x00, 0x07, 0x22, 0x00, 0x10, 0x00, 
    0x04, 0x00, 0x00, 0x00, 0x1a, 0x00, 0x10, 0x00, 0x04, 0x00, 0x00, 0x00, 
    0x1a, 0x00, 0x10, 0x00, 0x05, 0x00, 0x00, 0x00, 0x36, 0x00, 0x00, 0x06, 
    0x12, 0x30, 0x20, 0x00, 0x00, 0x00, 0x00, 0x00, 0x09, 0x00, 0x00, 0x00, 
    0x0a, 0x00, 0x10, 0x00, 0x02, 0x00, 0x00, 0x00, 0x31, 0x00, 0x00, 0x07, 
    0x12, 0x00, 0x10, 0x00, 0x02, 0x00, 0x00, 0x00, 0x3a, 0x00, 0x10, 0x00, 
    0x09, 0x00, 0x00, 0x00, 0x2a, 0x00, 0x10, 0x00, 0x04, 0x00, 0x00, 0x00, 
    0x33, 0x00, 0x00, 0x07, 0x22, 0x00, 0x10, 0x00, 0x05, 0x00, 0x00, 0x00, 
    0x2a, 0x00, 0x10, 0x00, 0x04, 0x00, 0x00, 0x00, 0x3a, 0x00, 0x10, 0x00, 
    0x09, 0x00, 0x00, 0x00, 0x8e, 0x00, 0x00, 0x0b, 0x12, 0x00, 0x10, 0x00, 
    0x02, 0x00, 0x00, 0x00, 0x12, 0x00, 0x10, 0x00, 0x0d, 0x00, 0x00, 0x00, 
    0x0a, 0x00, 0x10, 0x00, 0x02, 0x00, 0x00, 0x00, 0x0a, 0x00, 0x10, 0x00, 
    0x0d, 0x00, 0x00, 0x00, 0x0a, 0x00, 0x10, 0x00, 0x10, 0x00, 0x00, 0x00, 
    0x36, 0x00, 0x00, 0x06, 0x12, 0x30, 0x20, 0x00, 0x00, 0x00, 0x00, 0x00, 
    0x0a, 0x00, 0x00, 0x00, 0x0a, 0x00, 0x10, 0x00, 0x0d, 0x00, 0x00, 0x00, 
    0x36, 0x00, 0x00, 0x06, 0x12, 0x30, 0x20, 0x00, 0x00, 0x00, 0x00, 0x00, 
    0x0b, 0x00, 0x00, 0x00, 0x0a, 0x00, 0x10, 0x00, 0x02, 0x00, 0x00, 0x00, 
    0x31, 0x00, 0x00, 0x07, 0x12, 0x00, 0x10, 0x00, 0x02, 0x00, 0x00, 0x00, 
    0x2a, 0x00, 0x10, 0x00, 0x09, 0x00, 0x00, 0x00, 0x3a, 0x00, 0x10, 0x00, 
    0x04, 0x00, 0x00, 0x00, 0x33, 0x00, 0x00, 0x07, 0x82, 0x00, 0x10, 0x00, 
    0x08, 0x00, 0x00, 0x00, 0x3a, 0x00, 0x10, 0x00, 0x04, 0x00, 0x00, 0x00, 
    0x2a, 0x00, 0x10, 0x00, 0x09, 0x00, 0x00, 0x00, 0x8e, 0x00, 0x00, 0x0b, 
    0x12, 0x00, 0x10, 0x00, 0x02, 0x00, 0x00, 0x00, 0x12, 0x00, 0x10, 0x00, 
    0x0c, 0x00, 0x00, 0x00, 0x0a, 0x00, 0x10, 0x00, 0x02, 0x00, 0x00, 0x00, 
    0x0a, 0x00, 0x10, 0x00, 0x0f, 0x00, 0x00, 0x00, 0x0a, 0x00, 0x10, 0x00, 
    0x0c, 0x00, 0x00, 0x00, 0x36, 0x00, 0x00, 0x06, 0x12, 0x30, 0x20, 0x00, 
    0x00, 0x00, 0x00, 0x00, 0x0c, 0x00, 0x00, 0x00, 0x0a, 0x00, 0x10, 0x00, 
    0x0c, 0x00, 0x00, 0x00, 0x34, 0x00, 0x00, 0x07, 0xc2, 0x00, 0x10, 0x00, 
    0x04, 0x00, 0x00, 0x00, 0xa6, 0x0e, 0x10, 0x00, 0x04, 0x00, 0x00, 0x00, 
    0xf6, 0x0b, 0x10, 0x00, 0x09, 0x00, 0x00, 0x00, 0x36, 0x00, 0x00, 0x06, 
    0x12, 0x30, 0x20, 0x00, 0x00, 0x00, 0x00, 0x00, 0x0d, 0x00, 0x00, 0x00, 
    0x0a, 0x00, 0x10, 0x00, 0x02, 0x00, 0x00, 0x00, 0x31, 0x00, 0x00, 0x07, 
    0x12, 0x00, 0x10, 0x00, 0x02, 0x00, 0x00, 0x00, 0x1a, 0x00, 0x10, 0x00, 
    0x0a, 0x00, 0x00, 0x00, 0x2a, 0x00, 0x10, 0x00, 0x06, 0x00, 0x00, 0x00, 
    0x33, 0x00, 0x00, 0x07, 0x22, 0x00, 0x10, 0x00, 0x09, 0x00, 0x00, 0x00, 
    0x2a, 0x00, 0x10, 0x00, 0x06, 0x00, 0x00, 0x00, 0x1a, 0x00, 0x10, 0x00, 
    0x0a, 0x00, 0x00, 0x00, 0x8e, 0x00, 0x00, 0x0b, 0x12, 0x00, 0x10, 0x00, 
    0x02, 0x00, 0x00, 0x00, 0x12, 0x00, 0x10, 0x00, 0x09, 0x00, 0x00, 0x00, 
    0x0a, 0x00, 0x10, 0x00, 0x02, 0x00, 0x00, 0x00, 0x0a, 0x00, 0x10, 0x00, 
    0x09, 0x00, 0x00, 0x00, 0x0a, 0x00, 0x10, 0x00, 0x0b, 0x00, 0x00, 0x00, 
    0x36, 0x00, 0x00, 0x06, 0x12, 0x30, 0x20, 0x00, 0x00, 0x00, 0x00, 0x00, 
    0x0e, 0x00, 0x00, 0x00, 0x0a, 0x00, 0x10, 0x00, 0x09, 0x00, 0x00, 0x00, 
    0x34, 0x00, 0x00, 0x07, 0x42, 0x00, 0x10, 0x00, 0x06, 0x00, 0x00, 0x00, 
    0x2a, 0x00, 0x10, 0x00, 0x06, 0x00, 0x00, 0x00, 0x1a, 0x00, 0x10, 0x00, 
    0x0a, 0x00, 0x00, 0x00, 0x36, 0x00, 0x00, 0x06, 0x12, 0x30, 0x20, 0x00, 
    0x00, 0x00, 0x00, 0x00, 0x0f, 0x00, 0x00, 0x00, 0x0a, 0x00, 0x10, 0x00, 
    0x02, 0x00, 0x00, 0x00, 0x31, 0x00, 0x00, 0x07, 0x12, 0x00, 0x10, 0x00, 
    0x02, 0x00, 0x00, 0x00, 0x2a, 0x00, 0x10, 0x00, 0x08, 0x00, 0x00, 0x00, 
    0x1a, 0x00, 0x10, 0x00, 0x03, 0x00, 0x00, 0x00, 0x33, 0x00, 0x00, 0x07, 
    0x12, 0x00, 0x10, 0x00, 0x09, 0x00, 0x00, 0x00, 0x1a, 0x00, 0x10, 0x00, 
    0x03, 0x00, 0x00, 0x00, 0x2a, 0x00, 0x10, 0x00, 0x08, 0x00, 0x00, 0x00, 
    0x8e, 0x00, 0x00, 0x0b, 0x12, 0x00, 0x10, 0x00, 0x02, 0x00, 0x00, 0x00, 
    0x12, 0x00, 0x10, 0x00, 0x07, 0x00, 0x00, 0x00, 0x0a, 0x00, 0x10, 0x00, 
    0x02, 0x00, 0x00, 0x00, 0x0a, 0x00, 0x10, 0x00, 0x0a, 0x00, 0x00, 0x00, 
    0x0a, 0x00, 0x10, 0x00, 0x07, 0x00, 0x00, 0x00, 0x36, 0x00, 0x00, 0x06, 
    0x12, 0x30, 0x20, 0x00, 0x00, 0x00, 0x00, 0x00, 0x10, 0x00, 0x00, 0x00, 
    0x0a, 0x00, 0x10, 0x00, 0x07, 0x00, 0x00, 0x00, 0x34, 0x00, 0x00, 0x07, 
    0x22, 0x00, 0x10, 0x00, 0x03, 0x00, 0x00, 0x00, 0x1a, 0x00, 0x10, 0x00, 
    0x03, 0x00, 0x00, 0x00, 0x2a, 0x00, 0x10, 0x00, 0x08, 0x00, 0x00, 0x00, 
    0x36, 0x00, 0x00, 0x06, 0x12, 0x30, 0x20, 0x00, 0x00, 0x00, 0x00, 0x00, 
    0x11, 0x00, 0x00, 0x00, 0x0a, 0x00, 0x10, 0x00, 0x02, 0x00, 0x00, 0x00, 
    0x31, 0x00, 0x00, 0x07, 0x12, 0x00, 0x10, 0x00, 0x02, 0x00, 0x00, 0x00, 
    0x1a, 0x00, 0x10, 0x00, 0x06, 0x00, 0x00, 0x00, 0x2a, 0x00, 0x10, 0x00, 
    0x05, 0x00, 0x00, 0x00, 0x33, 0x00, 0x00, 0x07, 0x12, 0x00, 0x10, 0x00, 
    0x07, 0x00, 0x00, 0x00, 0x1a, 0x00, 0x10, 0x00, 0x06, 0x00, 0x00, 0x00, 
    0x2a, 0x00, 0x10, 0x00, 0x05, 0x00, 0x00, 0x00, 0x8e, 0x00, 0x00, 0x0b, 
    0x12, 0x00, 0x10, 0x00, 0x02, 0x00, 0x00, 0x00, 0x12, 0x00, 0x10, 0x00, 
    0x05, 0x00, 0x00, 0x00, 0x0a, 0x00, 0x10, 0x00, 0x02, 0x00, 0x00, 0x00, 
    0x0a, 0x00, 0x10, 0x00, 0x05, 0x00, 0x00, 0x00, 0x0a, 0x00, 0x10, 0x00, 
    0x06, 0x00, 0x00, 0x00, 0x36, 0x00, 0x00, 0x06, 0x12, 0x30, 0x20, 0x00, 
    0x00, 0x00, 0x00, 0x00, 0x12, 0x00, 0x00, 0x00, 0x0a, 0x00, 0x10, 0x00, 
    0x05, 0x00, 0x00, 0x00, 0x34, 0x00, 0x00, 0x07, 0x12, 0x00, 0x10, 0x00, 
    0x05, 0x00, 0x00, 0x00, 0x2a, 0x00, 0x10, 0x00, 0x05, 0x00, 0x00, 0x00, 
    0x1a, 0x00, 0x10, 0x00, 0x06, 0x00, 0x00, 0x00, 0x36, 0x00, 0x00, 0x06, 
    0x12, 0x30, 0x20, 0x00, 0x00, 0x00, 0x00, 0x00, 0x13, 0x00, 0x00, 0x00, 
    0x0a, 0x00, 0x10, 0x00, 0x02, 0x00, 0x00, 0x00, 0x00, 0x00, 0x00, 0x08, 
    0x12, 0x00, 0x10, 0x00, 0x02, 0x00, 0x00, 0x00, 0x3a, 0x00, 0x10, 0x00, 
    0x05, 0x00, 0x00, 0x00, 0x3a, 0x00, 0x10, 0x80, 0x41, 0x00, 0x00, 0x00, 
    0x06, 0x00, 0x00, 0x00, 0x00, 0x00, 0x00, 0x07, 0x42, 0x00, 0x10, 0x00, 
    0x05, 0x00, 0x00, 0x00, 0x2a, 0x00, 0x10, 0x00, 0x03, 0x00, 0x00, 0x00, 
    0x01, 0x40, 0x00, 0x00, 0x0a, 0xd7, 0x23, 0x3c, 0x81, 0x00, 0x00, 0x05, 
    0x42, 0x00, 0x10, 0x00, 0x05, 0x00, 0x00, 0x00, 0x2a, 0x00, 0x10, 0x00, 
    0x05, 0x00, 0x00, 0x00, 0x38, 0x00, 0x00, 0x08, 0x12, 0x00, 0x10, 0x00, 
    0x02, 0x00, 0x00, 0x00, 0x0a, 0x00, 0x10, 0x80, 0x81, 0x00, 0x00, 0x00, 
    0x02, 0x00, 0x00, 0x00, 0x2a, 0x00, 0x10, 0x00, 0x05, 0x00, 0x00, 0x00, 
    0x1d, 0x00, 0x00, 0x07, 0x42, 0x00, 0x10, 0x00, 0x05, 0x00, 0x00, 0x00, 
    0x01, 0x40, 0x00, 0x00, 0xcd, 0xcc, 0xcc, 0x3d, 0x0a, 0x00, 0x10, 0x00, 
    0x02, 0x00, 0x00, 0x00, 0x01, 0x00, 0x00, 0x07, 0x12, 0x00, 0x10, 0x00, 
    0x02, 0x00, 0x00, 0x00, 0x0a, 0x00, 0x10, 0x00, 0x02, 0x00, 0x00, 0x00, 
    0x2a, 0x00, 0x10, 0x00, 0x05, 0x00, 0x00, 0x00, 0x00, 0x00, 0x00, 0x08, 
    0x42, 0x00, 0x10, 0x00, 0x03, 0x00, 0x00, 0x00, 0x2a, 0x00, 0x10, 0x00, 
    0x03, 0x00, 0x00, 0x00, 0x0a, 0x00, 0x10, 0x80, 0x41, 0x00, 0x00, 0x00, 
    0x08, 0x00, 0x00, 0x00, 0x00, 0x00, 0x00, 0x07, 0x82, 0x00, 0x10, 0x00, 
    0x05, 0x00, 0x00, 0x00, 0x3a, 0x00, 0x10, 0x00, 0x06, 0x00, 0x00, 0x00, 
    0x01, 0x40, 0x00, 0x00, 0x0a, 0xd7, 0x23, 0x3c, 0x81, 0x00, 0x00, 0x05, 
    0x82, 0x00, 0x10, 0x00, 0x05, 0x00, 0x00, 0x00, 0x3a, 0x00, 0x10, 0x00, 
    0x05, 0x00, 0x00, 0x00, 0x38, 0x00, 0x00, 0x08, 0x42, 0x00, 0x10, 0x00, 
    0x03, 0x00, 0x00, 0x00, 0x2a, 0x00, 0x10, 0x80, 0x81, 0x00, 0x00, 0x00, 
    0x03, 0x00, 0x00, 0x00, 0x3a, 0x00, 0x10, 0x00, 0x05, 0x00, 0x00, 0x00, 
    0x32, 0x00, 0x00, 0x09, 0x82, 0x00, 0x10, 0x00, 0x05, 0x00, 0x00, 0x00, 
    0x0a, 0x00, 0x10, 0x00, 0x02, 0x00, 0x00, 0x00, 0x01, 0x40, 0x00, 0x00, 
    0x00, 0x00, 0x00, 0x40, 0x01, 0x40, 0x00, 0x00, 0xcd, 0xcc, 0xcc, 0x3d, 
    0x1d, 0x00, 0x00, 0x07, 0x82, 0x00, 0x10, 0x00, 0x05, 0x00, 0x00, 0x00, 
    0x3a, 0x00, 0x10, 0x00, 0x05, 0x00, 0x00, 0x00, 0x2a, 0x00, 0x10, 0x00, 
    0x03, 0x00, 0x00, 0x00, 0x01, 0x00, 0x00, 0x07, 0x42, 0x00, 0x10, 0x00, 
    0x05, 0x00, 0x00, 0x00, 0x3a, 0x00, 0x10, 0x00, 0x05, 0x00, 0x00, 0x00, 
    0x2a, 0x00, 0x10, 0x00, 0x05, 0x00, 0x00, 0x00, 0x37, 0x00, 0x00, 0x09, 
    0x82, 0x00, 0x10, 0x00, 0x05, 0x00, 0x00, 0x00, 0x2a, 0x00, 0x10, 0x00, 
    0x05, 0x00, 0x00, 0x00, 0x01, 0x40, 0x00, 0x00, 0x03, 0x00, 0x00, 0x00, 
    0x01, 0x40, 0x00, 0x00, 0x02, 0x00, 0x00, 0x00, 0x37, 0x00, 0x00, 0x09, 
    0x12, 0x00, 0x10, 0x00, 0x02, 0x00, 0x00, 0x00, 0x2a, 0x00, 0x10, 0x00, 
    0x05, 0x00, 0x00, 0x00, 0x2a, 0x00, 0x10, 0x00, 0x03, 0x00, 0x00, 0x00, 
    0x0a, 0x00, 0x10, 0x00, 0x02, 0x00, 0x00, 0x00, 0x00, 0x00, 0x00, 0x08, 
    0x42, 0x00, 0x10, 0x00, 0x03, 0x00, 0x00, 0x00, 0x0a, 0x00, 0x10, 0x80, 
    0x41, 0x00, 0x00, 0x00, 0x03, 0x00, 0x00, 0x00, 0x3a, 0x00, 0x10, 0x00, 
    0x06, 0x00, 0x00, 0x00, 0x00, 0x00, 0x00, 0x07, 0x12, 0x00, 0x10, 0x00, 
    0x06, 0x00, 0x00, 0x00, 0x0a, 0x00, 0x10, 0x00, 0x08, 0x00, 0x00, 0x00, 
    0x01, 0x40, 0x00, 0x00, 0x0a, 0xd7, 0x23, 0x3c, 0x81, 0x00, 0x00, 0x05, 
    0x12, 0x00, 0x10, 0x00, 0x06, 0x00, 0x00, 0x00, 0x0a, 0x00, 0x10, 0x00, 
    0x06, 0x00, 0x00, 0x00, 0x38, 0x00, 0x00, 0x08, 0x42, 0x00, 0x10, 0x00, 
    0x03, 0x00, 0x00, 0x00, 0x2a, 0x00, 0x10, 0x80, 0x81, 0x00, 0x00, 0x00, 
    0x03, 0x00, 0x00, 0x00, 0x0a, 0x00, 0x10, 0x00, 0x06, 0x00, 0x00, 0x00, 
    0x32, 0x00, 0x00, 0x09, 0x12, 0x00, 0x10, 0x00, 0x06, 0x00, 0x00, 0x00, 
    0x0a, 0x00, 0x10, 0x00, 0x02, 0x00, 0x00, 0x00, 0x01, 0x40, 0x00, 0x00, 
    0x00, 0x00, 0x00, 0x40, 0x01, 0x40, 0x00, 0x00, 0xcd, 0xcc, 0xcc, 0x3d, 
    0x1d, 0x00, 0x00, 0x07, 0x12, 0x00, 0x10, 0x00, 0x06, 0x00, 0x00, 0x00, 
    0x0a, 0x00, 0x10, 0x00, 0x06, 0x00, 0x00, 0x00, 0x2a, 0x00, 0x10, 0x00, 
    0x03, 0x00, 0x00, 0x00, 0x01, 0x00, 0x00, 0x07, 0x42, 0x00, 0x10, 0x00, 
    0x05, 0x00, 0x00, 0x00, 0x2a, 0x00, 0x10, 0x00, 0x05, 0x00, 0x00, 0x00, 
    0x0a, 0x00, 0x10, 0x00, 0x06, 0x00, 0x00, 0x00, 0x37, 0x00, 0x00, 0x09, 
    0x82, 0x00, 0x10, 0x00, 0x05, 0x00, 0x00, 0x00, 0x2a, 0x00, 0x10, 0x00, 
    0x05, 0x00, 0x00, 0x00, 0x01, 0x40, 0x00, 0x00, 0x04, 0x00, 0x00, 0x00, 
    0x3a, 0x00, 0x10, 0x00, 0x05, 0x00, 0x00, 0x00, 0x37, 0x00, 0x00, 0x09, 
    0x12, 0x00, 0x10, 0x00, 0x02, 0x00, 0x00, 0x00, 0x2a, 0x00, 0x10, 0x00, 
    0x05, 0x00, 0x00, 0x00, 0x2a, 0x00, 0x10, 0x00, 0x03, 0x00, 0x00, 0x00, 
    0x0a, 0x00, 0x10, 0x00, 0x02, 0x00, 0x00, 0x00, 0x00, 0x00, 0x00, 0x08, 
    0x42, 0x00, 0x10, 0x00, 0x03, 0x00, 0x00, 0x00, 0x0a, 0x00, 0x10, 0x80, 
    0x41, 0x00, 0x00, 0x00, 0x04, 0x00, 0x00, 0x00, 0x0a, 0x00, 0x10, 0x00, 
    0x08, 0x00, 0x00, 0x00, 0x00, 0x00, 0x00, 0x07, 0x12, 0x00, 0x10, 0x00, 
    0x06, 0x00, 0x00, 0x00, 0x0a, 0x00, 0x10, 0x00, 0x03, 0x00, 0x00, 0x00, 
    0x01, 0x40, 0x00, 0x00, 0x0a, 0xd7, 0x23, 0x3c, 0x81, 0x00, 0x00, 0x05, 
    0x12, 0x00, 0x10, 0x00, 0x06, 0x00, 0x00, 0x00, 0x0a, 0x00, 0x10, 0x00, 
    0x06, 0x00, 0x00, 0x00, 0x38, 0x00, 0x00, 0x08, 0x42, 0x00, 0x10, 0x00, 
    0x03, 0x00, 0x00, 0x00, 0x2a, 0x00, 0x10, 0x80, 0x81, 0x00, 0x00, 0x00, 
    0x03, 0x00, 0x00, 0x00, 0x0a, 0x00, 0x10, 0x00, 0x06, 0x00, 0x00, 0x00, 
    0x32, 0x00, 0x00, 0x09, 0x12, 0x00, 0x10, 0x00, 0x06, 0x00, 0x00, 0x00, 
    0x0a, 0x00, 0x10, 0x00, 0x02, 0x00, 0x00, 0x00, 0x01, 0x40, 0x00, 0x00, 
    0x00, 0x00, 0x00, 0x40, 0x01, 0x40, 0x00, 0x00, 0xcd, 0xcc, 0xcc, 0x3d, 
    0x1d, 0x00, 0x00, 0x07, 0x12, 0x00, 0x10, 0x00, 0x06, 0x00, 0x00, 0x00, 
    0x0a, 0x00, 0x10, 0x00, 0x06, 0x00, 0x00, 0x00, 0x2a, 0x00, 0x10, 0x00, 
    0x03, 0x00, 0x00, 0x00, 0x01, 0x00, 0x00, 0x07, 0x42, 0x00, 0x10, 0x00, 
    0x05, 0x00, 0x00, 0x00, 0x2a, 0x00, 0x10, 0x00, 0x05, 0x00, 0x00, 0x00, 
    0x0a, 0x00, 0x10, 0x00, 0x06, 0x00, 0x00, 0x00, 0x37, 0x00, 0x00, 0x09, 
    0x82, 0x00, 0x10, 0x00, 0x05, 0x00, 0x00, 0x00, 0x2a, 0x00, 0x10, 0x00, 
    0x05, 0x00, 0x00, 0x00, 0x01, 0x40, 0x00, 0x00, 0x05, 0x00, 0x00, 0x00, 
    0x3a, 0x00, 0x10, 0x00, 0x05, 0x00, 0x00, 0x00, 0x37, 0x00, 0x00, 0x09, 
    0x12, 0x00, 0x10, 0x00, 0x02, 0x00, 0x00, 0x00, 0x2a, 0x00, 0x10, 0x00, 
    0x05, 0x00, 0x00, 0x00, 0x2a, 0x00, 0x10, 0x00, 0x03, 0x00, 0x00, 0x00, 
    0x0a, 0x00, 0x10, 0x00, 0x02, 0x00, 0x00, 0x00, 0x00, 0x00, 0x00, 0x08, 
    0x12, 0x00, 0x10, 0x00, 0x03, 0x00, 0x00, 0x00, 0x3a, 0x00, 0x10, 0x80, 
    0x41, 0x00, 0x00, 0x00, 0x03, 0x00, 0x00, 0x00, 0x0a, 0x00, 0x10, 0x00, 
    0x03, 0x00, 0x00, 0x00, 0x00, 0x00, 0x00, 0x07, 0x42, 0x00, 0x10, 0x00, 
    0x03, 0x00, 0x00, 0x00, 0x0a, 0x00, 0x10, 0x00, 0x04, 0x00, 0x00, 0x00, 
    0x01, 0x40, 0x00, 0x00, 0x0a, 0xd7, 0x23, 0x3c, 0x81, 0x00, 0x00, 0x05, 
    0x42, 0x00, 0x10, 0x00, 0x03, 0x00, 0x00, 0x00, 0x2a, 0x00, 0x10, 0x00, 
    0x03, 0x00, 0x00, 0x00, 0x38, 0x00, 0x00, 0x08, 0x12, 0x00, 0x10, 0x00, 
    0x03, 0x00, 0x00, 0x00, 0x2a, 0x00, 0x10, 0x00, 0x03, 0x00, 0x00, 0x00, 
    0x0a, 0x00, 0x10, 0x80, 0x81, 0x00, 0x00, 0x00, 0x03, 0x00, 0x00, 0x00, 
    0x32, 0x00, 0x00, 0x09, 0x42, 0x00, 0x10, 0x00, 0x03, 0x00, 0x00, 0x00, 
    0x0a, 0x00, 0x10, 0x00, 0x02, 0x00, 0x00, 0x00, 0x01, 0x40, 0x00, 0x00, 
    0x00, 0x00, 0x00, 0x40, 0x01, 0x40, 0x00, 0x00, 0xcd, 0xcc, 0xcc, 0x3d, 
    0x1d, 0x00, 0x00, 0x07, 0x42, 0x00, 0x10, 0x00, 0x03, 0x00, 0x00, 0x00, 
    0x2a, 0x00, 0x10, 0x00, 0x03, 0x00, 0x00, 0x00, 0x0a, 0x00, 0x10, 0x00, 
    0x03, 0x00, 0x00, 0x00, 0x01, 0x00, 0x00, 0x07, 0x42, 0x00, 0x10, 0x00, 
    0x03, 0x00, 0x00, 0x00, 0x2a, 0x00, 0x10, 0x00, 0x03, 0x00, 0x00, 0x00, 
    0x2a, 0x00, 0x10, 0x00, 0x05, 0x00, 0x00, 0x00, 0x37, 0x00, 0x00, 0x09, 
    0x42, 0x00, 0x10, 0x00, 0x05, 0x00, 0x00, 0x00, 0x2a, 0x00, 0x10, 0x00, 
    0x03, 0x00, 0x00, 0x00, 0x01, 0x40, 0x00, 0x00, 0x06, 0x00, 0x00, 0x00, 
    0x3a, 0x00, 0x10, 0x00, 0x05, 0x00, 0x00, 0x00, 0x37, 0x00, 0x00, 0x09, 
    0x12, 0x00, 0x10, 0x00, 0x02, 0x00, 0x00, 0x00, 0x2a, 0x00, 0x10, 0x00, 
    0x03, 0x00, 0x00, 0x00, 0x0a, 0x00, 0x10, 0x00, 0x03, 0x00, 0x00, 0x00, 
    0x0a, 0x00, 0x10, 0x00, 0x02, 0x00, 0x00, 0x00, 0x00, 0x00, 0x00, 0x08, 
    0x12, 0x00, 0x10, 0x00, 0x03, 0x00, 0x00, 0x00, 0x0a, 0x00, 0x10, 0x00, 
    0x04, 0x00, 0x00, 0x00, 0x1a, 0x00, 0x10, 0x80, 0x41, 0x00, 0x00, 0x00, 
    0x08, 0x00, 0x00, 0x00, 0x00, 0x00, 0x00, 0x07, 0x12, 0x00, 0x10, 0x00, 
    0x04, 0x00, 0x00, 0x00, 0x3a, 0x00, 0x10, 0x00, 0x03, 0x00, 0x00, 0x00, 
    0x01, 0x40, 0x00, 0x00, 0x0a, 0xd7, 0x23, 0x3c, 0x81, 0x00, 0x00, 0x05, 
    0x12, 0x00, 0x10, 0x00, 0x04, 0x00, 0x00, 0x00, 0x0a, 0x00, 0x10, 0x00, 
    0x04, 0x00, 0x00, 0x00, 0x38, 0x00, 0x00, 0x08, 0x12, 0x00, 0x10, 0x00, 
    0x03, 0x00, 0x00, 0x00, 0x0a, 0x00, 0x10, 0x80, 0x81, 0x00, 0x00, 0x00, 
    0x03, 0x00, 0x00, 0x00, 0x0a, 0x00, 0x10, 0x00, 0x04, 0x00, 0x00, 0x00, 
    0x32, 0x00, 0x00, 0x09, 0x12, 0x00, 0x10, 0x00, 0x04, 0x00, 0x00, 0x00, 
    0x0a, 0x00, 0x10, 0x00, 0x02, 0x00, 0x00, 0x00, 0x01, 0x40, 0x00, 0x00, 
    0x00, 0x00, 0x00, 0x40, 0x01, 0x40, 0x00, 0x00, 0xcd, 0xcc, 0xcc, 0x3d, 
    0x1d, 0x00, 0x00, 0x07, 0x12, 0x00, 0x10, 0x00, 0x04, 0x00, 0x00, 0x00, 
    0x0a, 0x00, 0x10, 0x00, 0x04, 0x00, 0x00, 0x00, 0x0a, 0x00, 0x10, 0x00, 
    0x03, 0x00, 0x00, 0x00, 0x01, 0x00, 0x00, 0x07, 0x42, 0x00, 0x10, 0x00, 
    0x03, 0x00, 0x00, 0x00, 0x2a, 0x00, 0x10, 0x00, 0x03, 0x00, 0x00, 0x00, 
    0x0a, 0x00, 0x10, 0x00, 0x04, 0x00, 0x00, 0x00, 0x37, 0x00, 0x00, 0x09, 
    0x12, 0x00, 0x10, 0x00, 0x04, 0x00, 0x00, 0x00, 0x2a, 0x00, 0x10, 0x00, 
    0x03, 0x00, 0x00, 0x00, 0x01, 0x40, 0x00, 0x00, 0x07, 0x00, 0x00, 0x00, 
    0x2a, 0x00, 0x10, 0x00, 0x05, 0x00, 0x00, 0x00, 0x37, 0x00, 0x00, 0x09, 
    0x12, 0x00, 0x10, 0x00, 0x02, 0x00, 0x00, 0x00, 0x2a, 0x00, 0x10, 0x00, 
    0x03, 0x00, 0x00, 0x00, 0x0a, 0x00, 0x10, 0x00, 0x03, 0x00, 0x00, 0x00, 
    0x0a, 0x00, 0x10, 0x00, 0x02, 0x00, 0x00, 0x00, 0x00, 0x00, 0x00, 0x08, 
    0x12, 0x00, 0x10, 0x00, 0x03, 0x00, 0x00, 0x00, 0x3a, 0x00, 0x10, 0x00, 
    0x03, 0x00, 0x00, 0x00, 0x1a, 0x00, 0x10, 0x80, 0x41, 0x00, 0x00, 0x00, 
    0x04, 0x00, 0x00, 0x00, 0x00, 0x00, 0x00, 0x07, 0x82, 0x00, 0x10, 0x00, 
    0x03, 0x00, 0x00, 0x00, 0x1a, 0x00, 0x10, 0x00, 0x08, 0x00, 0x00, 0x00, 
    0x01, 0x40, 0x00, 0x00, 0x0a, 0xd7, 0x23, 0x3c, 0x81, 0x00, 0x00, 0x05, 
    0x82, 0x00, 0x10, 0x00, 0x03, 0x00, 0x00, 0x00, 0x3a, 0x00, 0x10, 0x00, 
    0x03, 0x00, 0x00, 0x00, 0x38, 0x00, 0x00, 0x08, 0x12, 0x00, 0x10, 0x00, 
    0x03, 0x00, 0x00, 0x00, 0x3a, 0x00, 0x10, 0x00, 0x03, 0x00, 0x00, 0x00, 
    0x0a, 0x00, 0x10, 0x80, 0x81, 0x00, 0x00, 0x00, 0x03, 0x00, 0x00, 0x00, 
    0x32, 0x00, 0x00, 0x09, 0x82, 0x00, 0x10, 0x00, 0x03, 0x00, 0x00, 0x00, 
    0x0a, 0x00, 0x10, 0x00, 0x02, 0x00, 0x00, 0x00, 0x01, 0x40, 0x00, 0x00, 
    0x00, 0x00, 0x00, 0x40, 0x01, 0x40, 0x00, 0x00, 0xcd, 0xcc, 0xcc, 0x3d, 
    0x1d, 0x00, 0x00, 0x07, 0x82, 0x00, 0x10, 0x00, 0x03, 0x00, 0x00, 0x00, 
    0x3a, 0x00, 0x10, 0x00, 0x03, 0x00, 0x00, 0x00, 0x0a, 0x00, 0x10, 0x00, 
    0x03, 0x00, 0x00, 0x00, 0x01, 0x00, 0x00, 0x07, 0x42, 0x00, 0x10, 0x00, 
    0x03, 0x00, 0x00, 0x00, 0x3a, 0x00, 0x10, 0x00, 0x03, 0x00, 0x00, 0x00, 
    0x2a, 0x00, 0x10, 0x00, 0x03, 0x00, 0x00, 0x00, 0x37, 0x00, 0x00, 0x09, 
    0x82, 0x00, 0x10, 0x00, 0x03, 0x00, 0x00, 0x00, 0x2a, 0x00, 0x10, 0x00, 
    0x03, 0x00, 0x00, 0x00, 0x01, 0x40, 0x00, 0x00, 0x08, 0x00, 0x00, 0x00, 
    0x0a, 0x00, 0x10, 0x00, 0x04, 0x00, 0x00, 0x00, 0x37, 0x00, 0x00, 0x09, 
    0x12, 0x00, 0x10, 0x00, 0x02, 0x00, 0x00, 0x00, 0x2a, 0x00, 0x10, 0x00, 
    0x03, 0x00, 0x00, 0x00, 0x0a, 0x00, 0x10, 0x00, 0x03, 0x00, 0x00, 0x00, 
    0x0a, 0x00, 0x10, 0x00, 0x02, 0x00, 0x00, 0x00, 0x00, 0x00, 0x00, 0x08, 
    0x12, 0x00, 0x10, 0x00, 0x03, 0x00, 0x00, 0x00, 0x1a, 0x00, 0x10, 0x80, 
    0x41, 0x00, 0x00, 0x00, 0x05, 0x00, 0x00, 0x00, 0x1a, 0x00, 0x10, 0x00, 
    0x08, 0x00, 0x00, 0x00, 0x00, 0x00, 0x00, 0x07, 0x12, 0x00, 0x10, 0x00, 
    0x04, 0x00, 0x00, 0x00, 0x1a, 0x00, 0x10, 0x00, 0x04, 0x00, 0x00, 0x00, 
    0x01, 0x40, 0x00, 0x00, 0x0a, 0xd7, 0x23, 0x3c, 0x81, 0x00, 0x00, 0x05, 
    0x12, 0x00, 0x10, 0x00, 0x04, 0x00, 0x00, 0x00, 0x0a, 0x00, 0x10, 0x00, 
    0x04, 0x00, 0x00, 0x00, 0x38, 0x00, 0x00, 0x08, 0x12, 0x00, 0x10, 0x00, 
    0x03, 0x00, 0x00, 0x00, 0x0a, 0x00, 0x10, 0x80, 0x81, 0x00, 0x00, 0x00, 
    0x03, 0x00, 0x00, 0x00, 0x0a, 0x00, 0x10, 0x00, 0x04, 0x00, 0x00, 0x00, 
    0x32, 0x00, 0x00, 0x09, 0x12, 0x00, 0x10, 0x00, 0x04, 0x00, 0x00, 0x00, 
    0x0a, 0x00, 0x10, 0x00, 0x02, 0x00, 0x00, 0x00, 0x01, 0x40, 0x00, 0x00, 
    0x00, 0x00, 0x00, 0x40, 0x01, 0x40, 0x00, 0x00, 0xcd, 0xcc, 0xcc, 0x3d, 
    0x1d, 0x00, 0x00, 0x07, 0x12, 0x00, 0x10, 0x00, 0x04, 0x00, 0x00, 0x00, 
    0x0a, 0x00, 0x10, 0x00, 0x04, 0x00, 0x00, 0x00, 0x0a, 0x00, 0x10, 0x00, 
    0x03, 0x00, 0x00, 0x00, 0x01, 0x00, 0x00, 0x07, 0x42, 0x00, 0x10, 0x00, 
    0x03, 0x00, 0x00, 0x00, 0x2a, 0x00, 0x10, 0x00, 0x03, 0x00, 0x00, 0x00, 
    0x0a, 0x00, 0x10, 0x00, 0x04, 0x00, 0x00, 0x00, 0x37, 0x00, 0x00, 0x09, 
    0x82, 0x00, 0x10, 0x00, 0x03, 0x00, 0x00, 0x00, 0x2a, 0x00, 0x10, 0x00, 
    0x03, 0x00, 0x00, 0x00, 0x01, 0x40, 0x00, 0x00, 0x09, 0x00, 0x00, 0x00, 
    0x3a, 0x00, 0x10, 0x00, 0x03, 0x00, 0x00, 0x00, 0x37, 0x00, 0x00, 0x09, 
    0x12, 0x00, 0x10, 0x00, 0x02, 0x00, 0x00, 0x00, 0x2a, 0x00, 0x10, 0x00, 
    0x03, 0x00, 0x00, 0x00, 0x0a, 0x00, 0x10, 0x00, 0x03, 0x00, 0x00, 0x00, 
    0x0a, 0x00, 0x10, 0x00, 0x02, 0x00, 0x00, 0x00, 0x00, 0x00, 0x00, 0x08, 
    0x12, 0x00, 0x10, 0x00, 0x03, 0x00, 0x00, 0x00, 0x2a, 0x00, 0x10, 0x80, 
    0x41, 0x00, 0x00, 0x00, 0x04, 0x00, 0x00, 0x00, 0x1a, 0x00, 0x10, 0x00, 
    0x04, 0x00, 0x00, 0x00, 0x00, 0x00, 0x00, 0x07, 0x12, 0x00, 0x10, 0x00, 
    0x04, 0x00, 0x00, 0x00, 0x1a, 0x00, 0x10, 0x00, 0x05, 0x00, 0x00, 0x00, 
    0x01, 0x40, 0x00, 0x00, 0x0a, 0xd7, 0x23, 0x3c, 0x81, 0x00, 0x00, 0x05, 
    0x12, 0x00, 0x10, 0x00, 0x04, 0x00, 0x00, 0x00, 0x0a, 0x00, 0x10, 0x00, 
    0x04, 0x00, 0x00, 0x00, 0x38, 0x00, 0x00, 0x08, 0x12, 0x00, 0x10, 0x00, 
    0x03, 0x00, 0x00, 0x00, 0x0a, 0x00, 0x10, 0x80, 0x81, 0x00, 0x00, 0x00, 
    0x03, 0x00, 0x00, 0x00, 0x0a, 0x00, 0x10, 0x00, 0x04, 0x00, 0x00, 0x00, 
    0x32, 0x00, 0x00, 0x09, 0x12, 0x00, 0x10, 0x00, 0x04, 0x00, 0x00, 0x00, 
    0x0a, 0x00, 0x10, 0x00, 0x02, 0x00, 0x00, 0x00, 0x01, 0x40, 0x00, 0x00, 
    0x00, 0x00, 0x00, 0x40, 0x01, 0x40, 0x00, 0x00, 0xcd, 0xcc, 0xcc, 0x3d, 
    0x1d, 0x00, 0x00, 0x07, 0x12, 0x00, 0x10, 0x00, 0x04, 0x00, 0x00, 0x00, 
    0x0a, 0x00, 0x10, 0x00, 0x04, 0x00, 0x00, 0x00, 0x0a, 0x00, 0x10, 0x00, 
    0x03, 0x00, 0x00, 0x00, 0x01, 0x00, 0x00, 0x07, 0x42, 0x00, 0x10, 0x00, 
    0x03, 0x00, 0x00, 0x00, 0x2a, 0x00, 0x10, 0x00, 0x03, 0x00, 0x00, 0x00, 
    0x0a, 0x00, 0x10, 0x00, 0x04, 0x00, 0x00, 0x00, 0x37, 0x00, 0x00, 0x09, 
    0x82, 0x00, 0x10, 0x00, 0x03, 0x00, 0x00, 0x00, 0x2a, 0x00, 0x10, 0x00, 
    0x03, 0x00, 0x00, 0x00, 0x01, 0x40, 0x00, 0x00, 0x0a, 0x00, 0x00, 0x00, 
    0x3a, 0x00, 0x10, 0x00, 0x03, 0x00, 0x00, 0x00, 0x37, 0x00, 0x00, 0x09, 
    0x12, 0x00, 0x10, 0x00, 0x02, 0x00, 0x00, 0x00, 0x2a, 0x00, 0x10, 0x00, 
    0x03, 0x00, 0x00, 0x00, 0x0a, 0x00, 0x10, 0x00, 0x03, 0x00, 0x00, 0x00, 
    0x0a, 0x00, 0x10, 0x00, 0x02, 0x00, 0x00, 0x00, 0x00, 0x00, 0x00, 0x08, 
    0x12, 0x00, 0x10, 0x00, 0x03, 0x00, 0x00, 0x00, 0x1a, 0x00, 0x10, 0x00, 
    0x05, 0x00, 0x00, 0x00, 0x3a, 0x00, 0x10, 0x80, 0x41, 0x00, 0x00, 0x00, 
    0x08, 0x00, 0x00, 0x00, 0x00, 0x00, 0x00, 0x07, 0x12, 0x00, 0x10, 0x00, 
    0x04, 0x00, 0x00, 0x00, 0x2a, 0x00, 0x10, 0x00, 0x04, 0x00, 0x00, 0x00, 
    0x01, 0x40, 0x00, 0x00, 0x0a, 0xd7, 0x23, 0x3c, 0x81, 0x00, 0x00, 0x05, 
    0x12, 0x00, 0x10, 0x00, 0x04, 0x00, 0x00, 0x00, 0x0a, 0x00, 0x10, 0x00, 
    0x04, 0x00, 0x00, 0x00, 0x38, 0x00, 0x00, 0x08, 0x12, 0x00, 0x10, 0x00, 
    0x03, 0x00, 0x00, 0x00, 0x0a, 0x00, 0x10, 0x80, 0x81, 0x00, 0x00, 0x00, 
    0x03, 0x00, 0x00, 0x00, 0x0a, 0x00, 0x10, 0x00, 0x04, 0x00, 0x00, 0x00, 
    0x32, 0x00, 0x00, 0x09, 0x12, 0x00, 0x10, 0x00, 0x04, 0x00, 0x00, 0x00, 
    0x0a, 0x00, 0x10, 0x00, 0x02, 0x00, 0x00, 0x00, 0x01, 0x40, 0x00, 0x00, 
    0x00, 0x00, 0x00, 0x40, 0x01, 0x40, 0x00, 0x00, 0xcd, 0xcc, 0xcc, 0x3d, 
    0x1d, 0x00, 0x00, 0x07, 0x12, 0x00, 0x10, 0x00, 0x04, 0x00, 0x00, 0x00, 
    0x0a, 0x00, 0x10, 0x00, 0x04, 0x00, 0x00, 0x00, 0x0a, 0x00, 0x10, 0x00, 
    0x03, 0x00, 0x00, 0x00, 0x01, 0x00, 0x00, 0x07, 0x42, 0x00, 0x10, 0x00, 
    0x03, 0x00, 0x00, 0x00, 0x2a, 0x00, 0x10, 0x00, 0x03, 0x00, 0x00, 0x00, 
    0x0a, 0x00, 0x10, 0x00, 0x04, 0x00, 0x00, 0x00, 0x37, 0x00, 0x00, 0x09, 
    0x82, 0x00, 0x10, 0x00, 0x03, 0x00, 0x00, 0x00, 0x2a, 0x00, 0x10, 0x00, 
    0x03, 0x00, 0x00, 0x00, 0x01, 0x40, 0x00, 0x00, 0x0b, 0x00, 0x00, 0x00, 
    0x3a, 0x00, 0x10, 0x00, 0x03, 0x00, 0x00, 0x00, 0x37, 0x00, 0x00, 0x09, 
    0x12, 0x00, 0x10, 0x00, 0x02, 0x00, 0x00, 0x00, 0x2a, 0x00, 0x10, 0x00, 
    0x03, 0x00, 0x00, 0x00, 0x0a, 0x00, 0x10, 0x00, 0x03, 0x00, 0x00, 0x00, 
    0x0a, 0x00, 0x10, 0x00, 0x02, 0x00, 0x00, 0x00, 0x00, 0x00, 0x00, 0x08, 
    0x12, 0x00, 0x10, 0x00, 0x03, 0x00, 0x00, 0x00, 0x3a, 0x00, 0x10, 0x80, 
    0x41, 0x00, 0x00, 0x00, 0x04, 0x00, 0x00, 0x00, 0x2a, 0x00, 0x10, 0x00, 
    0x04, 0x00, 0x00, 0x00, 0x00, 0x00, 0x00, 0x07, 0x12, 0x00, 0x10, 0x00, 
    0x04, 0x00, 0x00, 0x00, 0x3a, 0x00, 0x10, 0x00, 0x08, 0x00, 0x00, 0x00, 
    0x01, 0x40, 0x00, 0x00, 0x0a, 0xd7, 0x23, 0x3c, 0x81, 0x00, 0x00, 0x05, 
    0x12, 0x00, 0x10, 0x00, 0x04, 0x00, 0x00, 0x00, 0x0a, 0x00, 0x10, 0x00, 
    0x04, 0x00, 0x00, 0x00, 0x38, 0x00, 0x00, 0x08, 0x12, 0x00, 0x10, 0x00, 
    0x03, 0x00, 0x00, 0x00, 0x0a, 0x00, 0x10, 0x80, 0x81, 0x00, 0x00, 0x00, 
    0x03, 0x00, 0x00, 0x00, 0x0a, 0x00, 0x10, 0x00, 0x04, 0x00, 0x00, 0x00, 
    0x32, 0x00, 0x00, 0x09, 0x12, 0x00, 0x10, 0x00, 0x04, 0x00, 0x00, 0x00, 
    0x0a, 0x00, 0x10, 0x00, 0x02, 0x00, 0x00, 0x00, 0x01, 0x40, 0x00, 0x00, 
    0x00, 0x00, 0x00, 0x40, 0x01, 0x40, 0x00, 0x00, 0xcd, 0xcc, 0xcc, 0x3d, 
    0x1d, 0x00, 0x00, 0x07, 0x12, 0x00, 0x10, 0x00, 0x04, 0x00, 0x00, 0x00, 
    0x0a, 0x00, 0x10, 0x00, 0x04, 0x00, 0x00, 0x00, 0x0a, 0x00, 0x10, 0x00, 
    0x03, 0x00, 0x00, 0x00, 0x01, 0x00, 0x00, 0x07, 0x42, 0x00, 0x10, 0x00, 
    0x03, 0x00, 0x00, 0x00, 0x2a, 0x00, 0x10, 0x00, 0x03, 0x00, 0x00, 0x00, 
    0x0a, 0x00, 0x10, 0x00, 0x04, 0x00, 0x00, 0x00, 0x37, 0x00, 0x00, 0x09, 
    0x82, 0x00, 0x10, 0x00, 0x03, 0x00, 0x00, 0x00, 0x2a, 0x00, 0x10, 0x00, 
    0x03, 0x00, 0x00, 0x00, 0x01, 0x40, 0x00, 0x00, 0x0c, 0x00, 0x00, 0x00, 
    0x3a, 0x00, 0x10, 0x00, 0x03, 0x00, 0x00, 0x00, 0x37, 0x00, 0x00, 0x09, 
    0x12, 0x00, 0x10, 0x00, 0x02, 0x00, 0x00, 0x00, 0x2a, 0x00, 0x10, 0x00, 
    0x03, 0x00, 0x00, 0x00, 0x0a, 0x00, 0x10, 0x00, 0x03, 0x00, 0x00, 0x00, 
    0x0a, 0x00, 0x10, 0x00, 0x02, 0x00, 0x00, 0x00, 0x00, 0x00, 0x00, 0x08, 
    0x12, 0x00, 0x10, 0x00, 0x03, 0x00, 0x00, 0x00, 0x3a, 0x00, 0x10, 0x00, 
    0x08, 0x00, 0x00, 0x00, 0x1a, 0x00, 0x10, 0x80, 0x41, 0x00, 0x00, 0x00, 
    0x09, 0x00, 0x00, 0x00, 0x00, 0x00, 0x00, 0x07, 0x12, 0x00, 0x10, 0x00, 
    0x04, 0x00, 0x00, 0x00, 0x3a, 0x00, 0x10, 0x00, 0x04, 0x00, 0x00, 0x00, 
    0x01, 0x40, 0x00, 0x00, 0x0a, 0xd7, 0x23, 0x3c, 0x81, 0x00, 0x00, 0x05, 
    0x12, 0x00, 0x10, 0x00, 0x04, 0x00, 0x00, 0x00, 0x0a, 0x00, 0x10, 0x00, 
    0x04, 0x00, 0x00, 0x00, 0x38, 0x00, 0x00, 0x08, 0x12, 0x00, 0x10, 0x00, 
    0x03, 0x00, 0x00, 0x00, 0x0a, 0x00, 0x10, 0x80, 0x81, 0x00, 0x00, 0x00, 
    0x03, 0x00, 0x00, 0x00, 0x0a, 0x00, 0x10, 0x00, 0x04, 0x00, 0x00, 0x00, 
    0x32, 0x00, 0x00, 0x09, 0x12, 0x00, 0x10, 0x00, 0x04, 0x00, 0x00, 0x00, 
    0x0a, 0x00, 0x10, 0x00, 0x02, 0x00, 0x00, 0x00, 0x01, 0x40, 0x00, 0x00, 
    0x00, 0x00, 0x00, 0x40, 0x01, 0x40, 0x00, 0x00, 0xcd, 0xcc, 0xcc, 0x3d, 
    0x1d, 0x00, 0x00, 0x07, 0x12, 0x00, 0x10, 0x00, 0x04, 0x00, 0x00, 0x00, 
    0x0a, 0x00, 0x10, 0x00, 0x04, 0x00, 0x00, 0x00, 0x0a, 0x00, 0x10, 0x00, 
    0x03, 0x00, 0x00, 0x00, 0x01, 0x00, 0x00, 0x07, 0x42, 0x00, 0x10, 0x00, 
    0x03, 0x00, 0x00, 0x00, 0x2a, 0x00, 0x10, 0x00, 0x03, 0x00, 0x00, 0x00, 
    0x0a, 0x00, 0x10, 0x00, 0x04, 0x00, 0x00, 0x00, 0x37, 0x00, 0x00, 0x09, 
    0x82, 0x00, 0x10, 0x00, 0x03, 0x00, 0x00, 0x00, 0x2a, 0x00, 0x10, 0x00, 
    0x03, 0x00, 0x00, 0x00, 0x01, 0x40, 0x00, 0x00, 0x0d, 0x00, 0x00, 0x00, 
    0x3a, 0x00, 0x10, 0x00, 0x03, 0x00, 0x00, 0x00, 0x37, 0x00, 0x00, 0x09, 
    0x12, 0x00, 0x10, 0x00, 0x02, 0x00, 0x00, 0x00, 0x2a, 0x00, 0x10, 0x00, 
    0x03, 0x00, 0x00, 0x00, 0x0a, 0x00, 0x10, 0x00, 0x03, 0x00, 0x00, 0x00, 
    0x0a, 0x00, 0x10, 0x00, 0x02, 0x00, 0x00, 0x00, 0x00, 0x00, 0x00, 0x08, 
    0x12, 0x00, 0x10, 0x00, 0x03, 0x00, 0x00, 0x00, 0x3a, 0x00, 0x10, 0x00, 
    0x04, 0x00, 0x00, 0x00, 0x2a, 0x00, 0x10, 0x80, 0x41, 0x00, 0x00, 0x00, 
    0x06, 0x00, 0x00, 0x00, 0x00, 0x00, 0x00, 0x07, 0x12, 0x00, 0x10, 0x00, 
    0x04, 0x00, 0x00, 0x00, 0x1a, 0x00, 0x10, 0x00, 0x09, 0x00, 0x00, 0x00, 
    0x01, 0x40, 0x00, 0x00, 0x0a, 0xd7, 0x23, 0x3c, 0x81, 0x00, 0x00, 0x05, 
    0x12, 0x00, 0x10, 0x00, 0x04, 0x00, 0x00, 0x00, 0x0a, 0x00, 0x10, 0x00, 
    0x04, 0x00, 0x00, 0x00, 0x38, 0x00, 0x00, 0x08, 0x12, 0x00, 0x10, 0x00, 
    0x03, 0x00, 0x00, 0x00, 0x0a, 0x00, 0x10, 0x80, 0x81, 0x00, 0x00, 0x00, 
    0x03, 0x00, 0x00, 0x00, 0x0a, 0x00, 0x10, 0x00, 0x04, 0x00, 0x00, 0x00, 
    0x32, 0x00, 0x00, 0x09, 0x12, 0x00, 0x10, 0x00, 0x04, 0x00, 0x00, 0x00, 
    0x0a, 0x00, 0x10, 0x00, 0x02, 0x00, 0x00, 0x00, 0x01, 0x40, 0x00, 0x00, 
    0x00, 0x00, 0x00, 0x40, 0x01, 0x40, 0x00, 0x00, 0xcd, 0xcc, 0xcc, 0x3d, 
    0x1d, 0x00, 0x00, 0x07, 0x12, 0x00, 0x10, 0x00, 0x04, 0x00, 0x00, 0x00, 
    0x0a, 0x00, 0x10, 0x00, 0x04, 0x00, 0x00, 0x00, 0x0a, 0x00, 0x10, 0x00, 
    0x03, 0x00, 0x00, 0x00, 0x01, 0x00, 0x00, 0x07, 0x42, 0x00, 0x10, 0x00, 
    0x03, 0x00, 0x00, 0x00, 0x2a, 0x00, 0x10, 0x00, 0x03, 0x00, 0x00, 0x00, 
    0x0a, 0x00, 0x10, 0x00, 0x04, 0x00, 0x00, 0x00, 0x37, 0x00, 0x00, 0x09, 
    0x82, 0x00, 0x10, 0x00, 0x03, 0x00, 0x00, 0x00, 0x2a, 0x00, 0x10, 0x00, 
    0x03, 0x00, 0x00, 0x00, 0x01, 0x40, 0x00, 0x00, 0x0e, 0x00, 0x00, 0x00, 
    0x3a, 0x00, 0x10, 0x00, 0x03, 0x00, 0x00, 0x00, 0x37, 0x00, 0x00, 0x09, 
    0x12, 0x00, 0x10, 0x00, 0x02, 0x00, 0x00, 0x00, 0x2a, 0x00, 0x10, 0x00, 
    0x03, 0x00, 0x00, 0x00, 0x0a, 0x00, 0x10, 0x00, 0x03, 0x00, 0x00, 0x00, 
    0x0a, 0x00, 0x10, 0x00, 0x02, 0x00, 0x00, 0x00, 0x00, 0x00, 0x00, 0x08, 
    0x12, 0x00, 0x10, 0x00, 0x03, 0x00, 0x00, 0x00, 0x0a, 0x00, 0x10, 0x80, 
    0x41, 0x00, 0x00, 0x00, 0x09, 0x00, 0x00, 0x00, 0x1a, 0x00, 0x10, 0x00, 
    0x09, 0x00, 0x00, 0x00, 0x00, 0x00, 0x00, 0x07, 0x12, 0x00, 0x10, 0x00, 
    0x04, 0x00, 0x00, 0x00, 0x2a, 0x00, 0x10, 0x00, 0x06, 0x00, 0x00, 0x00, 
    0x01, 0x40, 0x00, 0x00, 0x0a, 0xd7, 0x23, 0x3c, 0x81, 0x00, 0x00, 0x05, 
    0x12, 0x00, 0x10, 0x00, 0x04, 0x00, 0x00, 0x00, 0x0a, 0x00, 0x10, 0x00, 
    0x04, 0x00, 0x00, 0x00, 0x38, 0x00, 0x00, 0x08, 0x12, 0x00, 0x10, 0x00, 
    0x03, 0x00, 0x00, 0x00, 0x0a, 0x00, 0x10, 0x80, 0x81, 0x00, 0x00, 0x00, 
    0x03, 0x00, 0x00, 0x00, 0x0a, 0x00, 0x10, 0x00, 0x04, 0x00, 0x00, 0x00, 
    0x32, 0x00, 0x00, 0x09, 0x12, 0x00, 0x10, 0x00, 0x04, 0x00, 0x00, 0x00, 
    0x0a, 0x00, 0x10, 0x00, 0x02, 0x00, 0x00, 0x00, 0x01, 0x40, 0x00, 0x00, 
    0x00, 0x00, 0x00, 0x40, 0x01, 0x40, 0x00, 0x00, 0xcd, 0xcc, 0xcc, 0x3d, 
    0x1d, 0x00, 0x00, 0x07, 0x12, 0x00, 0x10, 0x00, 0x04, 0x00, 0x00, 0x00, 
    0x0a, 0x00, 0x10, 0x00, 0x04, 0x00, 0x00, 0x00, 0x0a, 0x00, 0x10, 0x00, 
    0x03, 0x00, 0x00, 0x00, 0x01, 0x00, 0x00, 0x07, 0x42, 0x00, 0x10, 0x00, 
    0x03, 0x00, 0x00, 0x00, 0x2a, 0x00, 0x10, 0x00, 0x03, 0x00, 0x00, 0x00, 
    0x0a, 0x00, 0x10, 0x00, 0x04, 0x00, 0x00, 0x00, 0x37, 0x00, 0x00, 0x09, 
    0x82, 0x00, 0x10, 0x00, 0x03, 0x00, 0x00, 0x00, 0x2a, 0x00, 0x10, 0x00, 
    0x03, 0x00, 0x00, 0x00, 0x01, 0x40, 0x00, 0x00, 0x0f, 0x00, 0x00, 0x00, 
    0x3a, 0x00, 0x10, 0x00, 0x03, 0x00, 0x00, 0x00, 0x37, 0x00, 0x00, 0x09, 
    0x12, 0x00, 0x10, 0x00, 0x02, 0x00, 0x00, 0x00, 0x2a, 0x00, 0x10, 0x00, 
    0x03, 0x00, 0x00, 0x00, 0x0a, 0x00, 0x10, 0x00, 0x03, 0x00, 0x00, 0x00, 
    0x0a, 0x00, 0x10, 0x00, 0x02, 0x00, 0x00, 0x00, 0x00, 0x00, 0x00, 0x08, 
    0x12, 0x00, 0x10, 0x00, 0x03, 0x00, 0x00, 0x00, 0x1a, 0x00, 0x10, 0x80, 
    0x41, 0x00, 0x00, 0x00, 0x03, 0x00, 0x00, 0x00, 0x2a, 0x00, 0x10, 0x00, 
    0x06, 0x00, 0x00, 0x00, 0x00, 0x00, 0x00, 0x07, 0x12, 0x00, 0x10, 0x00, 
    0x04, 0x00, 0x00, 0x00, 0x0a, 0x00, 0x10, 0x00, 0x09, 0x00, 0x00, 0x00, 
    0x01, 0x40, 0x00, 0x00, 0x0a, 0xd7, 0x23, 0x3c, 0x81, 0x00, 0x00, 0x05, 
    0x12, 0x00, 0x10, 0x00, 0x04, 0x00, 0x00, 0x00, 0x0a, 0x00, 0x10, 0x00, 
    0x04, 0x00, 0x00, 0x00, 0x38, 0x00, 0x00, 0x08, 0x12, 0x00, 0x10, 0x00, 
    0x03, 0x00, 0x00, 0x00, 0x0a, 0x00, 0x10, 0x80, 0x81, 0x00, 0x00, 0x00, 
    0x03, 0x00, 0x00, 0x00, 0x0a, 0x00, 0x10, 0x00, 0x04, 0x00, 0x00, 0x00, 
    0x32, 0x00, 0x00, 0x09, 0x12, 0x00, 0x10, 0x00, 0x04, 0x00, 0x00, 0x00, 
    0x0a, 0x00, 0x10, 0x00, 0x02, 0x00, 0x00, 0x00, 0x01, 0x40, 0x00, 0x00, 
    0x00, 0x00, 0x00, 0x40, 0x01, 0x40, 0x00, 0x00, 0xcd, 0xcc, 0xcc, 0x3d, 
    0x1d, 0x00, 0x00, 0x07, 0x12, 0x00, 0x10, 0x00, 0x04, 0x00, 0x00, 0x00, 
    0x0a, 0x00, 0x10, 0x00, 0x04, 0x00, 0x00, 0x00, 0x0a, 0x00, 0x10, 0x00, 
    0x03, 0x00, 0x00, 0x00, 0x01, 0x00, 0x00, 0x07, 0x42, 0x00, 0x10, 0x00, 
    0x03, 0x00, 0x00, 0x00, 0x2a, 0x00, 0x10, 0x00, 0x03, 0x00, 0x00, 0x00, 
    0x0a, 0x00, 0x10, 0x00, 0x04, 0x00, 0x00, 0x00, 0x37, 0x00, 0x00, 0x09, 
    0x82, 0x00, 0x10, 0x00, 0x03, 0x00, 0x00, 0x00, 0x2a, 0x00, 0x10, 0x00, 
    0x03, 0x00, 0x00, 0x00, 0x01, 0x40, 0x00, 0x00, 0x10, 0x00, 0x00, 0x00, 
    0x3a, 0x00, 0x10, 0x00, 0x03, 0x00, 0x00, 0x00, 0x37, 0x00, 0x00, 0x09, 
    0x12, 0x00, 0x10, 0x00, 0x02, 0x00, 0x00, 0x00, 0x2a, 0x00, 0x10, 0x00, 
    0x03, 0x00, 0x00, 0x00, 0x0a, 0x00, 0x10, 0x00, 0x03, 0x00, 0x00, 0x00, 
    0x0a, 0x00, 0x10, 0x00, 0x02, 0x00, 0x00, 0x00, 0x00, 0x00, 0x00, 0x08, 
    0x12, 0x00, 0x10, 0x00, 0x03, 0x00, 0x00, 0x00, 0x0a, 0x00, 0x10, 0x80, 
    0x41, 0x00, 0x00, 0x00, 0x07, 0x00, 0x00, 0x00, 0x0a, 0x00, 0x10, 0x00, 
    0x09, 0x00, 0x00, 0x00, 0x00, 0x00, 0x00, 0x07, 0x12, 0x00, 0x10, 0x00, 
    0x04, 0x00, 0x00, 0x00, 0x1a, 0x00, 0x10, 0x00, 0x03, 0x00, 0x00, 0x00, 
    0x01, 0x40, 0x00, 0x00, 0x0a, 0xd7, 0x23, 0x3c, 0x81, 0x00, 0x00, 0x05, 
    0x12, 0x00, 0x10, 0x00, 0x04, 0x00, 0x00, 0x00, 0x0a, 0x00, 0x10, 0x00, 
    0x04, 0x00, 0x00, 0x00, 0x38, 0x00, 0x00, 0x08, 0x12, 0x00, 0x10, 0x00, 
    0x03, 0x00, 0x00, 0x00, 0x0a, 0x00, 0x10, 0x80, 0x81, 0x00, 0x00, 0x00, 
    0x03, 0x00, 0x00, 0x00, 0x0a, 0x00, 0x10, 0x00, 0x04, 0x00, 0x00, 0x00, 
    0x32, 0x00, 0x00, 0x09, 0x12, 0x00, 0x10, 0x00, 0x04, 0x00, 0x00, 0x00, 
    0x0a, 0x00, 0x10, 0x00, 0x02, 0x00, 0x00, 0x00, 0x01, 0x40, 0x00, 0x00, 
    0x00, 0x00, 0x00, 0x40, 0x01, 0x40, 0x00, 0x00, 0xcd, 0xcc, 0xcc, 0x3d, 
    0x1d, 0x00, 0x00, 0x07, 0x12, 0x00, 0x10, 0x00, 0x04, 0x00, 0x00, 0x00, 
    0x0a, 0x00, 0x10, 0x00, 0x04, 0x00, 0x00, 0x00, 0x0a, 0x00, 0x10, 0x00, 
    0x03, 0x00, 0x00, 0x00, 0x01, 0x00, 0x00, 0x07, 0x42, 0x00, 0x10, 0x00, 
    0x03, 0x00, 0x00, 0x00, 0x2a, 0x00, 0x10, 0x00, 0x03, 0x00, 0x00, 0x00, 
    0x0a, 0x00, 0x10, 0x00, 0x04, 0x00, 0x00, 0x00, 0x37, 0x00, 0x00, 0x09, 
    0x82, 0x00, 0x10, 0x00, 0x03, 0x00, 0x00, 0x00, 0x2a, 0x00, 0x10, 0x00, 
    0x03, 0x00, 0x00, 0x00, 0x01, 0x40, 0x00, 0x00, 0x11, 0x00, 0x00, 0x00, 
    0x3a, 0x00, 0x10, 0x00, 0x03, 0x00, 0x00, 0x00, 0x37, 0x00, 0x00, 0x09, 
    0x12, 0x00, 0x10, 0x00, 0x02, 0x00, 0x00, 0x00, 0x2a, 0x00, 0x10, 0x00, 
    0x03, 0x00, 0x00, 0x00, 0x0a, 0x00, 0x10, 0x00, 0x03, 0x00, 0x00, 0x00, 
    0x0a, 0x00, 0x10, 0x00, 0x02, 0x00, 0x00, 0x00, 0x00, 0x00, 0x00, 0x08, 
    0x12, 0x00, 0x10, 0x00, 0x03, 0x00, 0x00, 0x00, 0x1a, 0x00, 0x10, 0x00, 
    0x03, 0x00, 0x00, 0x00, 0x0a, 0x00, 0x10, 0x80, 0x41, 0x00, 0x00, 0x00, 
    0x05, 0x00, 0x00, 0x00, 0x00, 0x00, 0x00, 0x07, 0x22, 0x00, 0x10, 0x00, 
    0x03, 0x00, 0x00, 0x00, 0x0a, 0x00, 0x10, 0x00, 0x07, 0x00, 0x00, 0x00, 
    0x01, 0x40, 0x00, 0x00, 0x0a, 0xd7, 0x23, 0x3c, 0x81, 0x00, 0x00, 0x05, 
    0x22, 0x00, 0x10, 0x00, 0x03, 0x00, 0x00, 0x00, 0x1a, 0x00, 0x10, 0x00, 
    0x03, 0x00, 0x00, 0x00, 0x38, 0x00, 0x00, 0x08, 0x12, 0x00, 0x10, 0x00, 
    0x03, 0x00, 0x00, 0x00, 0x1a, 0x00, 0x10, 0x00, 0x03, 0x00, 0x00, 0x00, 
    0x0a, 0x00, 0x10, 0x80, 0x81, 0x00, 0x00, 0x00, 0x03, 0x00, 0x00, 0x00, 
    0x32, 0x00, 0x00, 0x09, 0x22, 0x00, 0x10, 0x00, 0x03, 0x00, 0x00, 0x00, 
    0x0a, 0x00, 0x10, 0x00, 0x02, 0x00, 0x00, 0x00, 0x01, 0x40, 0x00, 0x00, 
    0x00, 0x00, 0x00, 0x40, 0x01, 0x40, 0x00, 0x00, 0xcd, 0xcc, 0xcc, 0x3d, 
    0x1d, 0x00, 0x00, 0x07, 0x22, 0x00, 0x10, 0x00, 0x03, 0x00, 0x00, 0x00, 
    0x1a, 0x00, 0x10, 0x00, 0x03, 0x00, 0x00, 0x00, 0x0a, 0x00, 0x10, 0x00, 
    0x03, 0x00, 0x00, 0x00, 0x01, 0x00, 0x00, 0x07, 0x22, 0x00, 0x10, 0x00, 
    0x03, 0x00, 0x00, 0x00, 0x1a, 0x00, 0x10, 0x00, 0x03, 0x00, 0x00, 0x00, 
    0x2a, 0x00, 0x10, 0x00, 0x03, 0x00, 0x00, 0x00, 0x37, 0x00, 0x00, 0x09, 
    0x42, 0x00, 0x10, 0x00, 0x03, 0x00, 0x00, 0x00, 0x1a, 0x00, 0x10, 0x00, 
    0x03, 0x00, 0x00, 0x00, 0x01, 0x40, 0x00, 0x00, 0x12, 0x00, 0x00, 0x00, 
    0x3a, 0x00, 0x10, 0x00, 0x03, 0x00, 0x00, 0x00, 0x37, 0x00, 0x00, 0x09, 
    0x12, 0x00, 0x10, 0x00, 0x02, 0x00, 0x00, 0x00, 0x1a, 0x00, 0x10, 0x00, 
    0x03, 0x00, 0x00, 0x00, 0x0a, 0x00, 0x10, 0x00, 0x03, 0x00, 0x00, 0x00, 
    0x0a, 0x00, 0x10, 0x00, 0x02, 0x00, 0x00, 0x00, 0x00, 0x00, 0x00, 0x08, 
    0x12, 0x00, 0x10, 0x00, 0x03, 0x00, 0x00, 0x00, 0x2a, 0x00, 0x10, 0x80, 
    0x41, 0x00, 0x00, 0x00, 0x0a, 0x00, 0x00, 0x00, 0x0a, 0x00, 0x10, 0x00, 
    0x07, 0x00, 0x00, 0x00, 0x00, 0x00, 0x00, 0x07, 0x82, 0x00, 0x10, 0x00, 
    0x03, 0x00, 0x00, 0x00, 0x0a, 0x00, 0x10, 0x00, 0x05, 0x00, 0x00, 0x00, 
    0x01, 0x40, 0x00, 0x00, 0x0a, 0xd7, 0x23, 0x3c, 0x81, 0x00, 0x00, 0x05, 
    0x82, 0x00, 0x10, 0x00, 0x03, 0x00, 0x00, 0x00, 0x3a, 0x00, 0x10, 0x00, 
    0x03, 0x00, 0x00, 0x00, 0x38, 0x00, 0x00, 0x08, 0x12, 0x00, 0x10, 0x00, 
    0x03, 0x00, 0x00, 0x00, 0x3a, 0x00, 0x10, 0x00, 0x03, 0x00, 0x00, 0x00, 
    0x0a, 0x00, 0x10, 0x80, 0x81, 0x00, 0x00, 0x00, 0x03, 0x00, 0x00, 0x00, 
    0x32, 0x00, 0x00, 0x09, 0x82, 0x00, 0x10, 0x00, 0x03, 0x00, 0x00, 0x00, 
    0x0a, 0x00, 0x10, 0x00, 0x02, 0x00, 0x00, 0x00, 0x01, 0x40, 0x00, 0x00, 
    0x00, 0x00, 0x00, 0x40, 0x01, 0x40, 0x00, 0x00, 0xcd, 0xcc, 0xcc, 0x3d, 
    0x1d, 0x00, 0x00, 0x07, 0x82, 0x00, 0x10, 0x00, 0x03, 0x00, 0x00, 0x00, 
    0x3a, 0x00, 0x10, 0x00, 0x03, 0x00, 0x00, 0x00, 0x0a, 0x00, 0x10, 0x00, 
    0x03, 0x00, 0x00, 0x00, 0x01, 0x00, 0x00, 0x07, 0x22, 0x00, 0x10, 0x00, 
    0x03, 0x00, 0x00, 0x00, 0x3a, 0x00, 0x10, 0x00, 0x03, 0x00, 0x00, 0x00, 
    0x1a, 0x00, 0x10, 0x00, 0x03, 0x00, 0x00, 0x00, 0x37, 0x00, 0x00, 0x09, 
    0x42, 0x00, 0x10, 0x00, 0x03, 0x00, 0x00, 0x00, 0x1a, 0x00, 0x10, 0x00, 
    0x03, 0x00, 0x00, 0x00, 0x01, 0x40, 0x00, 0x00, 0x13, 0x00, 0x00, 0x00, 
    0x2a, 0x00, 0x10, 0x00, 0x03, 0x00, 0x00, 0x00, 0x37, 0x00, 0x00, 0x09, 
    0x12, 0x00, 0x10, 0x00, 0x02, 0x00, 0x00, 0x00, 0x1a, 0x00, 0x10, 0x00, 
    0x03, 0x00, 0x00, 0x00, 0x0a, 0x00, 0x10, 0x00, 0x03, 0x00, 0x00, 0x00, 
    0x0a, 0x00, 0x10, 0x00, 0x02, 0x00, 0x00, 0x00, 0x00, 0x00, 0x00, 0x08, 
    0x12, 0x00, 0x10, 0x00, 0x03, 0x00, 0x00, 0x00, 0x2a, 0x00, 0x10, 0x80, 
    0x41, 0x00, 0x00, 0x00, 0x02, 0x00, 0x00, 0x00, 0x0a, 0x00, 0x10, 0x00, 
    0x05, 0x00, 0x00, 0x00, 0x00, 0x00, 0x00, 0x07, 0x82, 0x00, 0x10, 0x00, 
    0x03, 0x00, 0x00, 0x00, 0x2a, 0x00, 0x10, 0x00, 0x0a, 0x00, 0x00, 0x00, 
    0x01, 0x40, 0x00, 0x00, 0x0a, 0xd7, 0x23, 0x3c, 0x81, 0x00, 0x00, 0x05, 
    0x82, 0x00, 0x10, 0x00, 0x03, 0x00, 0x00, 0x00, 0x3a, 0x00, 0x10, 0x00, 
    0x03, 0x00, 0x00, 0x00, 0x38, 0x00, 0x00, 0x08, 0x12, 0x00, 0x10, 0x00, 
    0x03, 0x00, 0x00, 0x00, 0x3a, 0x00, 0x10, 0x00, 0x03, 0x00, 0x00, 0x00, 
    0x0a, 0x00, 0x10, 0x80, 0x81, 0x00, 0x00, 0x00, 0x03, 0x00, 0x00, 0x00, 
    0x32, 0x00, 0x00, 0x09, 0x82, 0x00, 0x10, 0x00, 0x03, 0x00, 0x00, 0x00, 
    0x0a, 0x00, 0x10, 0x00, 0x02, 0x00, 0x00, 0x00, 0x01, 0x40, 0x00, 0x00, 
    0x00, 0x00, 0x00, 0x40, 0x01, 0x40, 0x00, 0x00, 0xcd, 0xcc, 0xcc, 0x3d, 
    0x1d, 0x00, 0x00, 0x07, 0x82, 0x00, 0x10, 0x00, 0x03, 0x00, 0x00, 0x00, 
    0x3a, 0x00, 0x10, 0x00, 0x03, 0x00, 0x00, 0x00, 0x0a, 0x00, 0x10, 0x00, 
    0x03, 0x00, 0x00, 0x00, 0x01, 0x00, 0x00, 0x07, 0x22, 0x00, 0x10, 0x00, 
    0x03, 0x00, 0x00, 0x00, 0x3a, 0x00, 0x10, 0x00, 0x03, 0x00, 0x00, 0x00, 
    0x1a, 0x00, 0x10, 0x00, 0x03, 0x00, 0x00, 0x00, 0x37, 0x00, 0x00, 0x09, 
    0x42, 0x00, 0x10, 0x00, 0x03, 0x00, 0x00, 0x00, 0x1a, 0x00, 0x10, 0x00, 
    0x03, 0x00, 0x00, 0x00, 0x01, 0x40, 0x00, 0x00, 0x14, 0x00, 0x00, 0x00, 
    0x2a, 0x00, 0x10, 0x00, 0x03, 0x00, 0x00, 0x00, 0x37, 0x00, 0x00, 0x09, 
    0x12, 0x00, 0x10, 0x00, 0x02, 0x00, 0x00, 0x00, 0x1a, 0x00, 0x10, 0x00, 
    0x03, 0x00, 0x00, 0x00, 0x0a, 0x00, 0x10, 0x00, 0x03, 0x00, 0x00, 0x00, 
    0x0a, 0x00, 0x10, 0x00, 0x02, 0x00, 0x00, 0x00, 0x00, 0x00, 0x00, 0x08, 
    0x12, 0x00, 0x10, 0x00, 0x03, 0x00, 0x00, 0x00, 0x3a, 0x00, 0x10, 0x80, 
    0x41, 0x00, 0x00, 0x00, 0x00, 0x00, 0x00, 0x00, 0x2a, 0x00, 0x10, 0x00, 
    0x0a, 0x00, 0x00, 0x00, 0x00, 0x00, 0x00, 0x07, 0x82, 0x00, 0x10, 0x00, 
    0x03, 0x00, 0x00, 0x00, 0x2a, 0x00, 0x10, 0x00, 0x02, 0x00, 0x00, 0x00, 
    0x01, 0x40, 0x00, 0x00, 0x0a, 0xd7, 0x23, 0x3c, 0x81, 0x00, 0x00, 0x05, 
    0x82, 0x00, 0x10, 0x00, 0x03, 0x00, 0x00, 0x00, 0x3a, 0x00, 0x10, 0x00, 
    0x03, 0x00, 0x00, 0x00, 0x38, 0x00, 0x00, 0x08, 0x12, 0x00, 0x10, 0x00, 
    0x03, 0x00, 0x00, 0x00, 0x3a, 0x00, 0x10, 0x00, 0x03, 0x00, 0x00, 0x00, 
    0x0a, 0x00, 0x10, 0x80, 0x81, 0x00, 0x00, 0x00, 0x03, 0x00, 0x00, 0x00, 
    0x32, 0x00, 0x00, 0x09, 0x82, 0x00, 0x10, 0x00, 0x03, 0x00, 0x00, 0x00, 
    0x0a, 0x00, 0x10, 0x00, 0x02, 0x00, 0x00, 0x00, 0x01, 0x40, 0x00, 0x00, 
    0x00, 0x00, 0x00, 0x40, 0x01, 0x40, 0x00, 0x00, 0xcd, 0xcc, 0xcc, 0x3d, 
    0x1d, 0x00, 0x00, 0x07, 0x82, 0x00, 0x10, 0x00, 0x03, 0x00, 0x00, 0x00, 
    0x3a, 0x00, 0x10, 0x00, 0x03, 0x00, 0x00, 0x00, 0x0a, 0x00, 0x10, 0x00, 
    0x03, 0x00, 0x00, 0x00, 0x01, 0x00, 0x00, 0x07, 0x22, 0x00, 0x10, 0x00, 
    0x03, 0x00, 0x00, 0x00, 0x3a, 0x00, 0x10, 0x00, 0x03, 0x00, 0x00, 0x00, 
    0x1a, 0x00, 0x10, 0x00, 0x03, 0x00, 0x00, 0x00, 0x37, 0x00, 0x00, 0x09, 
    0x42, 0x00, 0x10, 0x00, 0x03, 0x00, 0x00, 0x00, 0x1a, 0x00, 0x10, 0x00, 
    0x03, 0x00, 0x00, 0x00, 0x01, 0x40, 0x00, 0x00, 0x15, 0x00, 0x00, 0x00, 
    0x2a, 0x00, 0x10, 0x00, 0x03, 0x00, 0x00, 0x00, 0x37, 0x00, 0x00, 0x09, 
    0x12, 0x00, 0x10, 0x00, 0x02, 0x00, 0x00, 0x00, 0x1a, 0x00, 0x10, 0x00, 
    0x03, 0x00, 0x00, 0x00, 0x0a, 0x00, 0x10, 0x00, 0x03, 0x00, 0x00, 0x00, 
    0x0a, 0x00, 0x10, 0x00, 0x02, 0x00, 0x00, 0x00, 0x00, 0x00, 0x00, 0x08, 
    0x42, 0x00, 0x10, 0x00, 0x02, 0x00, 0x00, 0x00, 0x3a, 0x00, 0x10, 0x80, 
    0x41, 0x00, 0x00, 0x00, 0x02, 0x00, 0x00, 0x00, 0x2a, 0x00, 0x10, 0x00, 
    0x02, 0x00, 0x00, 0x00, 0x00, 0x00, 0x00, 0x07, 0x12, 0x00, 0x10, 0x00, 
    0x03, 0x00, 0x00, 0x00, 0x3a, 0x00, 0x10, 0x00, 0x00, 0x00, 0x00, 0x00, 
    0x01, 0x40, 0x00, 0x00, 0x0a, 0xd7, 0x23, 0x3c, 0x81, 0x00, 0x00, 0x05, 
    0x12, 0x00, 0x10, 0x00, 0x03, 0x00, 0x00, 0x00, 0x0a, 0x00, 0x10, 0x00, 
    0x03, 0x00, 0x00, 0x00, 0x38, 0x00, 0x00, 0x08, 0x42, 0x00, 0x10, 0x00, 
    0x02, 0x00, 0x00, 0x00, 0x2a, 0x00, 0x10, 0x80, 0x81, 0x00, 0x00, 0x00, 
    0x02, 0x00, 0x00, 0x00, 0x0a, 0x00, 0x10, 0x00, 0x03, 0x00, 0x00, 0x00, 
    0x32, 0x00, 0x00, 0x09, 0x12, 0x00, 0x10, 0x00, 0x03, 0x00, 0x00, 0x00, 
    0x0a, 0x00, 0x10, 0x00, 0x02, 0x00, 0x00, 0x00, 0x01, 0x40, 0x00, 0x00, 
    0x00, 0x00, 0x00, 0x40, 0x01, 0x40, 0x00, 0x00, 0xcd, 0xcc, 0xcc, 0x3d, 
    0x1d, 0x00, 0x00, 0x07, 0x12, 0x00, 0x10, 0x00, 0x03, 0x00, 0x00, 0x00, 
    0x0a, 0x00, 0x10, 0x00, 0x03, 0x00, 0x00, 0x00, 0x2a, 0x00, 0x10, 0x00, 
    0x02, 0x00, 0x00, 0x00, 0x01, 0x00, 0x00, 0x07, 0x12, 0x00, 0x10, 0x00, 
    0x03, 0x00, 0x00, 0x00, 0x0a, 0x00, 0x10, 0x00, 0x03, 0x00, 0x00, 0x00, 
    0x1a, 0x00, 0x10, 0x00, 0x03, 0x00, 0x00, 0x00, 0x37, 0x00, 0x00, 0x09, 
    0x22, 0x00, 0x10, 0x00, 0x03, 0x00, 0x00, 0x00, 0x0a, 0x00, 0x10, 0x00, 
    0x03, 0x00, 0x00, 0x00, 0x01, 0x40, 0x00, 0x00, 0x16, 0x00, 0x00, 0x00, 
    0x2a, 0x00, 0x10, 0x00, 0x03, 0x00, 0x00, 0x00, 0x37, 0x00, 0x00, 0x09, 
    0x12, 0x00, 0x10, 0x00, 0x02, 0x00, 0x00, 0x00, 0x0a, 0x00, 0x10, 0x00, 
    0x03, 0x00, 0x00, 0x00, 0x2a, 0x00, 0x10, 0x00, 0x02, 0x00, 0x00, 0x00, 
    0x0a, 0x00, 0x10, 0x00, 0x02, 0x00, 0x00, 0x00, 0x00, 0x00, 0x00, 0x08, 
    0x42, 0x00, 0x10, 0x00, 0x00, 0x00, 0x00, 0x00, 0x2a, 0x00, 0x10, 0x80, 
    0x41, 0x00, 0x00, 0x00, 0x00, 0x00, 0x00, 0x00, 0x3a, 0x00, 0x10, 0x00, 
    0x00, 0x00, 0x00, 0x00, 0x00, 0x00, 0x00, 0x07, 0x82, 0x00, 0x10, 0x00, 
    0x00, 0x00, 0x00, 0x00, 0x3a, 0x00, 0x10, 0x00, 0x02, 0x00, 0x00, 0x00, 
    0x01, 0x40, 0x00, 0x00, 0x0a, 0xd7, 0x23, 0x3c, 0x81, 0x00, 0x00, 0x05, 
    0x82, 0x00, 0x10, 0x00, 0x00, 0x00, 0x00, 0x00, 0x3a, 0x00, 0x10, 0x00, 
    0x00, 0x00, 0x00, 0x00, 0x38, 0x00, 0x00, 0x08, 0x42, 0x00, 0x10, 0x00, 
    0x00, 0x00, 0x00, 0x00, 0x3a, 0x00, 0x10, 0x00, 0x00, 0x00, 0x00, 0x00, 
    0x2a, 0x00, 0x10, 0x80, 0x81, 0x00, 0x00, 0x00, 0x00, 0x00, 0x00, 0x00, 
    0x32, 0x00, 0x00, 0x09, 0x82, 0x00, 0x10, 0x00, 0x00, 0x00, 0x00, 0x00, 
    0x0a, 0x00, 0x10, 0x00, 0x02, 0x00, 0x00, 0x00, 0x01, 0x40, 0x00, 0x00, 
    0x00, 0x00, 0x00, 0x40, 0x01, 0x40, 0x00, 0x00, 0xcd, 0xcc, 0xcc, 0x3d, 
    0x1d, 0x00, 0x00, 0x07, 0x42, 0x00, 0x10, 0x00, 0x00, 0x00, 0x00, 0x00, 
    0x3a, 0x00, 0x10, 0x00, 0x00, 0x00, 0x00, 0x00, 0x2a, 0x00, 0x10, 0x00, 
    0x00, 0x00, 0x00, 0x00, 0x01, 0x00, 0x00, 0x07, 0x42, 0x00, 0x10, 0x00, 
    0x00, 0x00, 0x00, 0x00, 0x2a, 0x00, 0x10, 0x00, 0x00, 0x00, 0x00, 0x00, 
    0x0a, 0x00, 0x10, 0x00, 0x03, 0x00, 0x00, 0x00, 0x37, 0x00, 0x00, 0x09, 
    0x42, 0x00, 0x10, 0x00, 0x00, 0x00, 0x00, 0x00, 0x2a, 0x00, 0x10, 0x00, 
    0x00, 0x00, 0x00, 0x00, 0x01, 0x40, 0x00, 0x00, 0x17, 0x00, 0x00, 0x00, 
    0x1a, 0x00, 0x10, 0x00, 0x03, 0x00, 0x00, 0x00, 0x2b, 0x00, 0x00, 0x05, 
    0x82, 0x00, 0x10, 0x00, 0x00, 0x00, 0x00, 0x00, 0x2a, 0x00, 0x10, 0x00, 
    0x00, 0x00, 0x00, 0x00, 0x32, 0x00, 0x00, 0x09, 0x82, 0x00, 0x10, 0x00, 
    0x00, 0x00, 0x00, 0x00, 0x3a, 0x00, 0x10, 0x00, 0x00, 0x00, 0x00, 0x00, 
    0x01, 0x40, 0x00, 0x00, 0xab, 0xaa, 0x2a, 0x3d, 0x01, 0x40, 0x00, 0x00, 
    0x66, 0x66, 0x66, 0xbf, 0x38, 0x20, 0x00, 0x07, 0x82, 0x00, 0x10, 0x00, 
    0x00, 0x00, 0x00, 0x00, 0x3a, 0x00, 0x10, 0x00, 0x00, 0x00, 0x00, 0x00, 
    0x01, 0x40, 0x00, 0x00, 0x01, 0x00, 0xa0, 0xbf, 0x32, 0x00, 0x00, 0x09, 
    0x12, 0x00, 0x10, 0x00, 0x02, 0x00, 0x00, 0x00, 0x3a, 0x00, 0x10, 0x00, 
    0x00, 0x00, 0x00, 0x00, 0x01, 0x40, 0x00, 0x00, 0x00, 0x00, 0x00, 0xc0, 
    0x01, 0x40, 0x00, 0x00, 0x00, 0x00, 0x40, 0x40, 0x38, 0x00, 0x00, 0x07, 
    0x82, 0x00, 0x10, 0x00, 0x00, 0x00, 0x00, 0x00, 0x3a, 0x00, 0x10, 0x00, 
    0x00, 0x00, 0x00, 0x00, 0x3a, 0x00, 0x10, 0x00, 0x00, 0x00, 0x00, 0x00, 
    0x38, 0x00, 0x00, 0x07, 0x82, 0x00, 0x10, 0x00, 0x00, 0x00, 0x00, 0x00, 
    0x3a, 0x00, 0x10, 0x00, 0x00, 0x00, 0x00, 0x00, 0x0a, 0x00, 0x10, 0x00, 
    0x02, 0x00, 0x00, 0x00, 0x4b, 0x00, 0x00, 0x05, 0x82, 0x00, 0x10, 0x00, 
    0x03, 0x00, 0x00, 0x00, 0x3a, 0x00, 0x10, 0x00, 0x00, 0x00, 0x00, 0x00, 
    0x36, 0x00, 0x00, 0x07, 0x42, 0x00, 0x10, 0x00, 0x00, 0x00, 0x00, 0x00, 
    0x0a, 0x30, 0x20, 0x04, 0x00, 0x00, 0x00, 0x00, 0x2a, 0x00, 0x10, 0x00, 
    0x00, 0x00, 0x00, 0x00, 0x4e, 0x00, 0x00, 0x09, 0x12, 0x00, 0x10, 0x00, 
    0x04, 0x00, 0x00, 0x00, 0x12, 0x00, 0x10, 0x00, 0x02, 0x00, 0x00, 0x00, 
    0x2a, 0x00, 0x10, 0x00, 0x00, 0x00, 0x00, 0x00, 0x01, 0x40, 0x00, 0x00, 
    0x05, 0x00, 0x00, 0x00, 0x36, 0x00, 0x00, 0x05, 0x22, 0x00, 0x10, 0x00, 
    0x04, 0x00, 0x00, 0x00, 0x0a, 0x00, 0x10, 0x00, 0x02, 0x00, 0x00, 0x00, 
    0x1e, 0x00, 0x00, 0x06, 0xc2, 0x00, 0x10, 0x00, 0x00, 0x00, 0x00, 0x00, 
    0x06, 0x04, 0x10, 0x00, 0x04, 0x00, 0x00, 0x00, 0x06, 0x24, 0x02, 0x00, 
    0x29, 0x00, 0x00, 0x07, 0x82, 0x00, 0x10, 0x00, 0x00, 0x00, 0x00, 0x00, 
    0x3a, 0x00, 0x10, 0x00, 0x00, 0x00, 0x00, 0x00, 0x01, 0x40, 0x00, 0x00, 
    0x04, 0x00, 0x00, 0x00, 0xa7, 0x00, 0x00, 0x09, 0xd2, 0x00, 0x10, 0x00, 
    0x02, 0x00, 0x00, 0x00, 0x2a, 0x00, 0x10, 0x00, 0x00, 0x00, 0x00, 0x00, 
    0x3a, 0x00, 0x10, 0x00, 0x00, 0x00, 0x00, 0x00, 0x06, 0xf9, 0x11, 0x00, 
    0x00, 0x00, 0x00, 0x00, 0x33, 0x00, 0x00, 0x07, 0x72, 0x00, 0x10, 0x00, 
    0x04, 0x00, 0x00, 0x00, 0x96, 0x07, 0x10, 0x00, 0x07, 0x00, 0x00, 0x00, 
    0x86, 0x03, 0x10, 0x00, 0x02, 0x00, 0x00, 0x00, 0x32, 0x00, 0x00, 0x0d, 
    0xd2, 0x00, 0x10, 0x00, 0x02, 0x00, 0x00, 0x00, 0x06, 0x0e, 0x10, 0x00, 
    0x02, 0x00, 0x00, 0x00, 0x02, 0x40, 0x00, 0x00, 0xcd, 0xcc, 0x4c, 0x3e, 
    0x00, 0x00, 0x00, 0x00, 0xcd, 0xcc, 0x4c, 0x3e, 0xcd, 0xcc, 0x4c, 0x3e, 
    0x06, 0x09, 0x10, 0x80, 0x41, 0x00, 0x00, 0x00, 0x04, 0x00, 0x00, 0x00, 
    0x32, 0x00, 0x00, 0x09, 0x72, 0x00, 0x10, 0x00, 0x03, 0x00, 0x00, 0x00, 
    0xf6, 0x0f, 0x10, 0x00, 0x03, 0x00, 0x00, 0x00, 0x86, 0x03, 0x10, 0x00, 
    0x02, 0x00, 0x00, 0x00, 0x46, 0x02, 0x10, 0x00, 0x04, 0x00, 0x00, 0x00, 
    0x1e, 0x00, 0x00, 0x07, 0x42, 0x00, 0x10, 0x00, 0x00, 0x00, 0x00, 0x00, 
    0x1a, 0x00, 0x10, 0x00, 0x02, 0x00, 0x00, 0x00, 0x01, 0x40, 0x00, 0x00, 
    0x04, 0x00, 0x00, 0x00, 0x1e, 0x00, 0x00, 0x09, 0x32, 0x00, 0x10, 0x00, 
    0x02, 0x00, 0x00, 0x00, 0x46, 0x20, 0x02, 0x00, 0x02, 0x40, 0x00, 0x00, 
    0x01, 0x00, 0x00, 0x00, 0x01, 0x00, 0x00, 0x00, 0x00, 0x00, 0x00, 0x00, 
    0x00, 0x00, 0x00, 0x00, 0xa7, 0x00, 0x00, 0x09, 0x22, 0x00, 0x10, 0x00, 
    0x00, 0x00, 0x00, 0x00, 0x1a, 0x00, 0x10, 0x00, 0x00, 0x00, 0x00, 0x00, 
    0x2a, 0x00, 0x10, 0x00, 0x00, 0x00, 0x00, 0x00, 0x06, 0xf0, 0x11, 0x00, 
    0x01, 0x00, 0x00, 0x00, 0xa7, 0x00, 0x00, 0x08, 0x82, 0x00, 0x10, 0x00, 
    0x00, 0x00, 0x00, 0x00, 0x0a, 0x20, 0x02, 0x00, 0x2a, 0x00, 0x10, 0x00, 
    0x00, 0x00, 0x00, 0x00, 0x06, 0xf0, 0x11, 0x00, 0x01, 0x00, 0x00, 0x00, 
    0x00, 0x00, 0x00, 0x08, 0xd2, 0x00, 0x10, 0x00, 0x04, 0x00, 0x00, 0x00, 
    0xf6, 0x0f, 0x10, 0x80, 0x41, 0x00, 0x00, 0x00, 0x00, 0x00, 0x00, 0x00, 
    0x56, 0x05, 0x10, 0x00, 0x00, 0x00, 0x00, 0x00, 0xa7, 0x00, 0x00, 0x09, 
    0x32, 0x00, 0x10, 0x00, 0x00, 0x00, 0x00, 0x00, 0x0a, 0x00, 0x10, 0x00, 
    0x00, 0x00, 0x00, 0x00, 0x2a, 0x00, 0x10, 0x00, 0x00, 0x00, 0x00, 0x00, 
    0x46, 0xf0, 0x11, 0x00, 0x01, 0x00, 0x00, 0x00, 0x29, 0x00, 0x00, 0x07, 
    0x42, 0x00, 0x10, 0x00, 0x00, 0x00, 0x00, 0x00, 0x1a, 0x00, 0x10, 0x00, 
    0x02, 0x00, 0x00, 0x00, 0x01, 0x40, 0x00, 0x00, 0x02, 0x00, 0x00, 0x00, 
    0x1e, 0x00, 0x00, 0x07, 0x42, 0x00, 0x10, 0x00, 0x00, 0x00, 0x00, 0x00, 
    0x2a, 0x00, 0x10, 0x00, 0x00, 0x00, 0x00, 0x00, 0x01, 0x40, 0x00, 0x00, 
    0xfc, 0xff, 0xff, 0xff, 0xa7, 0x00, 0x00, 0x09, 0x42, 0x00, 0x10, 0x00, 
    0x00, 0x00, 0x00, 0x00, 0x0a, 0x00, 0x10, 0x00, 0x02, 0x00, 0x00, 0x00, 
    0x2a, 0x00, 0x10, 0x00, 0x00, 0x00, 0x00, 0x00, 0x06, 0xf0, 0x11, 0x00, 
    0x01, 0x00, 0x00, 0x00, 0x00, 0x00, 0x00, 0x08, 0x22, 0x00, 0x10, 0x00, 
    0x04, 0x00, 0x00, 0x00, 0x2a, 0x00, 0x10, 0x80, 0x41, 0x00, 0x00, 0x00, 
    0x00, 0x00, 0x00, 0x00, 0x1a, 0x00, 0x10, 0x00, 0x00, 0x00, 0x00, 0x00, 
    0x38, 0x00, 0x00, 0x0a, 0xf2, 0x00, 0x10, 0x00, 0x02, 0x00, 0x00, 0x00, 
    0x46, 0x0e, 0x10, 0x00, 0x04, 0x00, 0x00, 0x00, 0x02, 0x40, 0x00, 0x00, 
    0x00, 0x00, 0x00, 0x3f, 0x00, 0x00, 0x00, 0x3f, 0x00, 0x00, 0x00, 0x3f, 
    0x00, 0x00, 0x00, 0x3f, 0xa4, 0x00, 0x00, 0x07, 0xf2, 0xe0, 0x11, 0x00, 
    0x00, 0x00, 0x00, 0x00, 0xc6, 0x0f, 0x10, 0x00, 0x01, 0x00, 0x00, 0x00, 
    0x46, 0x0e, 0x10, 0x00, 0x03, 0x00, 0x00, 0x00, 0xa4, 0x00, 0x00, 0x07, 
    0xf2, 0xe0, 0x11, 0x00, 0x01, 0x00, 0x00, 0x00, 0xc6, 0x0f, 0x10, 0x00, 
    0x01, 0x00, 0x00, 0x00, 0x06, 0x00, 0x10, 0x00, 0x00, 0x00, 0x00, 0x00, 
    0xa4, 0x00, 0x00, 0x07, 0xf2, 0xe0, 0x11, 0x00, 0x02, 0x00, 0x00, 0x00, 
    0x46, 0x0e, 0x10, 0x00, 0x01, 0x00, 0x00, 0x00, 0x46, 0x0e, 0x10, 0x00, 
    0x02, 0x00, 0x00, 0x00, 0x3e, 0x00, 0x00, 0x01, 0x53, 0x54, 0x41, 0x54, 
    0x94, 0x00, 0x00, 0x00, 0x95, 0x03, 0x00, 0x00, 0x1f, 0x00, 0x00, 0x00, 
    0x00, 0x00, 0x00, 0x00, 0x02, 0x00, 0x00, 0x00, 0x23, 0x02, 0x00, 0x00, 
    0x26, 0x00, 0x00, 0x00, 0x1b, 0x00, 0x00, 0x00, 0x04, 0x00, 0x00, 0x00, 
    0x05, 0x00, 0x00, 0x00, 0x00, 0x00, 0x00, 0x00, 0x19, 0x00, 0x00, 0x00, 
    0x17, 0x00, 0x00, 0x00, 0x00, 0x00, 0x00, 0x00, 0x00, 0x00, 0x00, 0x00, 
    0x00, 0x00, 0x00, 0x00, 0x05, 0x00, 0x00, 0x00, 0x00, 0x00, 0x00, 0x00, 
    0x00, 0x00, 0x00, 0x00, 0x00, 0x00, 0x00, 0x00, 0x10, 0x00, 0x00, 0x00, 
    0x38, 0x00, 0x00, 0x00, 0x05, 0x00, 0x00, 0x00, 0x00, 0x00, 0x00, 0x00, 
    0x00, 0x00, 0x00, 0x00, 0x00, 0x00, 0x00, 0x00, 0x00, 0x00, 0x00, 0x00, 
    0x00, 0x00, 0x00, 0x00, 0x00, 0x00, 0x00, 0x00, 0x00, 0x00, 0x00, 0x00, 
    0x00, 0x00, 0x00, 0x00, 0x00, 0x00, 0x00, 0x00, 0x00, 0x00, 0x00, 0x00, 
    0x00, 0x00, 0x00, 0x00, 0x00, 0x00, 0x00, 0x00, 0x01, 0x00, 0x00, 0x00, 
    0x00, 0x00, 0x00, 0x00, 0x03, 0x00, 0x00, 0x00, 0x52, 0x54, 0x53, 0x30, 
    0xbc, 0x00, 0x00, 0x00, 0x02, 0x00, 0x00, 0x00, 0x03, 0x00, 0x00, 0x00, 
    0x18, 0x00, 0x00, 0x00, 0x01, 0x00, 0x00, 0x00, 0x88, 0x00, 0x00, 0x00, 
    0x00, 0x00, 0x00, 0x00, 0x02, 0x00, 0x00, 0x00, 0x00, 0x00, 0x00, 0x00, 
    0x3c, 0x00, 0x00, 0x00, 0x00, 0x00, 0x00, 0x00, 0x00, 0x00, 0x00, 0x00, 
    0x48, 0x00, 0x00, 0x00, 0x00, 0x00, 0x00, 0x00, 0x00, 0x00, 0x00, 0x00, 
    0x68, 0x00, 0x00, 0x00, 0x00, 0x00, 0x00, 0x00, 0x00, 0x00, 0x00, 0x00, 
    0x00, 0x00, 0x00, 0x00, 0x01, 0x00, 0x00, 0x00, 0x50, 0x00, 0x00, 0x00, 
    0x00, 0x00, 0x00, 0x00, 0x03, 0x00, 0x00, 0x00, 0x00, 0x00, 0x00, 0x00, 
    0x00, 0x00, 0x00, 0x00, 0x00, 0x00, 0x00, 0x00, 0xff, 0xff, 0xff, 0xff, 
    0x01, 0x00, 0x00, 0x00, 0x70, 0x00, 0x00, 0x00, 0x01, 0x00, 0x00, 0x00, 
    0x03, 0x00, 0x00, 0x00, 0x00, 0x00, 0x00, 0x00, 0x00, 0x00, 0x00, 0x00, 
    0x00, 0x00, 0x00, 0x00, 0xff, 0xff, 0xff, 0xff, 0x15, 0x00, 0x00, 0x00, 
    0x03, 0x00, 0x00, 0x00, 0x03, 0x00, 0x00, 0x00, 0x03, 0x00, 0x00, 0x00, 
    0x00, 0x00, 0x00, 0x00, 0x10, 0x00, 0x00, 0x00, 0x04, 0x00, 0x00, 0x00, 
    0x02, 0x00, 0x00, 0x00, 0x00, 0x00, 0x00, 0x00, 0xff, 0xff, 0x7f, 0x7f, 
    0x00, 0x00, 0x00, 0x00, 0x00, 0x00, 0x00, 0x00, 0x00, 0x00, 0x00, 0x00
    
};
