#pragma once

inline static const unsigned char FSRDOutputComp_cso[] = {
    0x44, 0x58, 0x42, 0x43, 0x08, 0x61, 0x52, 0xda, 0xf3, 0x09, 0x4c, 0x86, 
    0x5f, 0xcf, 0xc4, 0xe7, 0xea, 0xdb, 0xa1, 0x38, 0x01, 0x00, 0x00, 0x00, 
    0xd8, 0x78, 0x00, 0x00, 0x06, 0x00, 0x00, 0x00, 0x38, 0x00, 0x00, 0x00, 
    0xc4, 0x03, 0x00, 0x00, 0xd4, 0x03, 0x00, 0x00, 0xe4, 0x03, 0x00, 0x00, 
    0x78, 0x77, 0x00, 0x00, 0x14, 0x78, 0x00, 0x00, 0x52, 0x44, 0x45, 0x46, 
    0x84, 0x03, 0x00, 0x00, 0x01, 0x00, 0x00, 0x00, 0xcc, 0x01, 0x00, 0x00, 
    0x09, 0x00, 0x00, 0x00, 0x3c, 0x00, 0x00, 0x00, 0x00, 0x05, 0x53, 0x43, 
    0x00, 0x01, 0x00, 0x00, 0x5c, 0x03, 0x00, 0x00, 0x52, 0x44, 0x31, 0x31, 
    0x3c, 0x00, 0x00, 0x00, 0x18, 0x00, 0x00, 0x00, 0x20, 0x00, 0x00, 0x00, 
    0x28, 0x00, 0x00, 0x00, 0x24, 0x00, 0x00, 0x00, 0x0c, 0x00, 0x00, 0x00, 
    0x00, 0x00, 0x00, 0x00, 0x5c, 0x01, 0x00, 0x00, 0x03, 0x00, 0x00, 0x00, 
    0x00, 0x00, 0x00, 0x00, 0x00, 0x00, 0x00, 0x00, 0x00, 0x00, 0x00, 0x00, 
    0x00, 0x00, 0x00, 0x00, 0x01, 0x00, 0x00, 0x00, 0x01, 0x00, 0x00, 0x00, 
    0x6a, 0x01, 0x00, 0x00, 0x02, 0x00, 0x00, 0x00, 0x05, 0x00, 0x00, 0x00, 
    0x04, 0x00, 0x00, 0x00, 0xff, 0xff, 0xff, 0xff, 0x00, 0x00, 0x00, 0x00, 
    0x01, 0x00, 0x00, 0x00, 0x0d, 0x00, 0x00, 0x00, 0x7c, 0x01, 0x00, 0x00, 
    0x02, 0x00, 0x00, 0x00, 0x05, 0x00, 0x00, 0x00, 0x04, 0x00, 0x00, 0x00, 
    0xff, 0xff, 0xff, 0xff, 0x01, 0x00, 0x00, 0x00, 0x01, 0x00, 0x00, 0x00, 
    0x0d, 0x00, 0x00, 0x00, 0x86, 0x01, 0x00, 0x00, 0x02, 0x00, 0x00, 0x00, 
    0x05, 0x00, 0x00, 0x00, 0x04, 0x00, 0x00, 0x00, 0xff, 0xff, 0xff, 0xff, 
    0x02, 0x00, 0x00, 0x00, 0x01, 0x00, 0x00, 0x00, 0x0d, 0x00, 0x00, 0x00, 
    0x98, 0x01, 0x00, 0x00, 0x02, 0x00, 0x00, 0x00, 0x05, 0x00, 0x00, 0x00, 
    0x04, 0x00, 0x00, 0x00, 0xff, 0xff, 0xff, 0xff, 0x03, 0x00, 0x00, 0x00, 
    0x01, 0x00, 0x00, 0x00, 0x0d, 0x00, 0x00, 0x00, 0xa2, 0x01, 0x00, 0x00, 
    0x02, 0x00, 0x00, 0x00, 0x05, 0x00, 0x00, 0x00, 0x04, 0x00, 0x00, 0x00, 
    0xff, 0xff, 0xff, 0xff, 0x04, 0x00, 0x00, 0x00, 0x01, 0x00, 0x00, 0x00, 
    0x0d, 0x00, 0x00, 0x00, 0xaf, 0x01, 0x00, 0x00, 0x02, 0x00, 0x00, 0x00, 
    0x05, 0x00, 0x00, 0x00, 0x04, 0x00, 0x00, 0x00, 0xff, 0xff, 0xff, 0xff, 
    0x05, 0x00, 0x00, 0x00, 0x01, 0x00, 0x00, 0x00, 0x0d, 0x00, 0x00, 0x00, 
    0xba, 0x01, 0x00, 0x00, 0x04, 0x00, 0x00, 0x00, 0x05, 0x00, 0x00, 0x00, 
    0x04, 0x00, 0x00, 0x00, 0xff, 0xff, 0xff, 0xff, 0x00, 0x00, 0x00, 0x00, 
    0x01, 0x00, 0x00, 0x00, 0x0d, 0x00, 0x00, 0x00, 0xc3, 0x01, 0x00, 0x00, 
    0x00, 0x00, 0x00, 0x00, 0x00, 0x00, 0x00, 0x00, 0x00, 0x00, 0x00, 0x00, 
    0x00, 0x00, 0x00, 0x00, 0x00, 0x00, 0x00, 0x00, 0x01, 0x00, 0x00, 0x00, 
    0x01, 0x00, 0x00, 0x00, 0x4c, 0x69, 0x6e, 0x65, 0x61, 0x72, 0x53, 0x61, 
    0x6d, 0x70, 0x6c, 0x65, 0x72, 0x00, 0x49, 0x6e, 0x44, 0x65, 0x6e, 0x6f, 
    0x69, 0x73, 0x65, 0x64, 0x53, 0x69, 0x67, 0x6e, 0x61, 0x6c, 0x31, 0x00, 
    0x49, 0x6e, 0x41, 0x6c, 0x62, 0x65, 0x64, 0x6f, 0x31, 0x00, 0x49, 0x6e, 
    0x44, 0x65, 0x6e, 0x6f, 0x69, 0x73, 0x65, 0x64, 0x53, 0x69, 0x67, 0x6e, 
    0x61, 0x6c, 0x32, 0x00, 0x49, 0x6e, 0x41, 0x6c, 0x62, 0x65, 0x64, 0x6f, 
    0x32, 0x00, 0x49, 0x6e, 0x53, 0x6b, 0x69, 0x70, 0x53, 0x69, 0x67, 0x6e, 
    0x61, 0x6c, 0x00, 0x49, 0x6e, 0x52, 0x61, 0x77, 0x43, 0x6f, 0x6c, 0x6f, 
    0x72, 0x00, 0x4f, 0x75, 0x74, 0x43, 0x6f, 0x6c, 0x6f, 0x72, 0x00, 0x43, 
    0x42, 0x5f, 0x43, 0x6f, 0x6d, 0x70, 0x00, 0xab, 0xc3, 0x01, 0x00, 0x00, 
    0x04, 0x00, 0x00, 0x00, 0xe4, 0x01, 0x00, 0x00, 0x20, 0x00, 0x00, 0x00, 
    0x00, 0x00, 0x00, 0x00, 0x00, 0x00, 0x00, 0x00, 0x84, 0x02, 0x00, 0x00, 
    0x00, 0x00, 0x00, 0x00, 0x10, 0x00, 0x00, 0x00, 0x02, 0x00, 0x00, 0x00, 
    0x98, 0x02, 0x00, 0x00, 0x00, 0x00, 0x00, 0x00, 0xff, 0xff, 0xff, 0xff, 
    0x00, 0x00, 0x00, 0x00, 0xff, 0xff, 0xff, 0xff, 0x00, 0x00, 0x00, 0x00, 
    0xbc, 0x02, 0x00, 0x00, 0x10, 0x00, 0x00, 0x00, 0x04, 0x00, 0x00, 0x00, 
    0x02, 0x00, 0x00, 0x00, 0xd4, 0x02, 0x00, 0x00, 0x00, 0x00, 0x00, 0x00, 
    0xff, 0xff, 0xff, 0xff, 0x00, 0x00, 0x00, 0x00, 0xff, 0xff, 0xff, 0xff, 
    0x00, 0x00, 0x00, 0x00, 0xf8, 0x02, 0x00, 0x00, 0x14, 0x00, 0x00, 0x00, 
    0x04, 0x00, 0x00, 0x00, 0x02, 0x00, 0x00, 0x00, 0x04, 0x03, 0x00, 0x00, 
    0x00, 0x00, 0x00, 0x00, 0xff, 0xff, 0xff, 0xff, 0x00, 0x00, 0x00, 0x00, 
    0xff, 0xff, 0xff, 0xff, 0x00, 0x00, 0x00, 0x00, 0x28, 0x03, 0x00, 0x00, 
    0x18, 0x00, 0x00, 0x00, 0x08, 0x00, 0x00, 0x00, 0x00, 0x00, 0x00, 0x00, 
    0x38, 0x03, 0x00, 0x00, 0x00, 0x00, 0x00, 0x00, 0xff, 0xff, 0xff, 0xff, 
    0x00, 0x00, 0x00, 0x00, 0xff, 0xff, 0xff, 0xff, 0x00, 0x00, 0x00, 0x00, 
    0x44, 0x73, 0x74, 0x54, 0x65, 0x78, 0x53, 0x69, 0x7a, 0x65, 0x00, 0x66, 
    0x6c, 0x6f, 0x61, 0x74, 0x34, 0x00, 0xab, 0xab, 0x01, 0x00, 0x03, 0x00, 
    0x01, 0x00, 0x04, 0x00, 0x00, 0x00, 0x00, 0x00, 0x00, 0x00, 0x00, 0x00, 
    0x00, 0x00, 0x00, 0x00, 0x00, 0x00, 0x00, 0x00, 0x00, 0x00, 0x00, 0x00, 
    0x00, 0x00, 0x00, 0x00, 0x8f, 0x02, 0x00, 0x00, 0x43, 0x6f, 0x72, 0x72, 
    0x65, 0x6c, 0x61, 0x74, 0x69, 0x6f, 0x6e, 0x42, 0x69, 0x61, 0x73, 0x00, 
    0x66, 0x6c, 0x6f, 0x61, 0x74, 0x00, 0xab, 0xab, 0x00, 0x00, 0x03, 0x00, 
    0x01, 0x00, 0x01, 0x00, 0x00, 0x00, 0x00, 0x00, 0x00, 0x00, 0x00, 0x00, 
    0x00, 0x00, 0x00, 0x00, 0x00, 0x00, 0x00, 0x00, 0x00, 0x00, 0x00, 0x00, 
    0x00, 0x00, 0x00, 0x00, 0xcc, 0x02, 0x00, 0x00, 0x46, 0x6c, 0x61, 0x67, 
    0x73, 0x00, 0x64, 0x77, 0x6f, 0x72, 0x64, 0x00, 0x00, 0x00, 0x13, 0x00, 
    0x01, 0x00, 0x01, 0x00, 0x00, 0x00, 0x00, 0x00, 0x00, 0x00, 0x00, 0x00, 
    0x00, 0x00, 0x00, 0x00, 0x00, 0x00, 0x00, 0x00, 0x00, 0x00, 0x00, 0x00, 
    0x00, 0x00, 0x00, 0x00, 0xfe, 0x02, 0x00, 0x00, 0x5f, 0x50, 0x61, 0x64, 
    0x64, 0x69, 0x6e, 0x67, 0x00, 0x66, 0x6c, 0x6f, 0x61, 0x74, 0x32, 0x00, 
    0x01, 0x00, 0x03, 0x00, 0x01, 0x00, 0x02, 0x00, 0x00, 0x00, 0x00, 0x00, 
    0x00, 0x00, 0x00, 0x00, 0x00, 0x00, 0x00, 0x00, 0x00, 0x00, 0x00, 0x00, 
    0x00, 0x00, 0x00, 0x00, 0x00, 0x00, 0x00, 0x00, 0x31, 0x03, 0x00, 0x00, 
    0x4d, 0x69, 0x63, 0x72, 0x6f, 0x73, 0x6f, 0x66, 0x74, 0x20, 0x28, 0x52, 
    0x29, 0x20, 0x48, 0x4c, 0x53, 0x4c, 0x20, 0x53, 0x68, 0x61, 0x64, 0x65, 
    0x72, 0x20, 0x43, 0x6f, 0x6d, 0x70, 0x69, 0x6c, 0x65, 0x72, 0x20, 0x31, 
    0x30, 0x2e, 0x31, 0x00, 0x49, 0x53, 0x47, 0x4e, 0x08, 0x00, 0x00, 0x00, 
    0x00, 0x00, 0x00, 0x00, 0x08, 0x00, 0x00, 0x00, 0x4f, 0x53, 0x47, 0x4e, 
    0x08, 0x00, 0x00, 0x00, 0x00, 0x00, 0x00, 0x00, 0x08, 0x00, 0x00, 0x00, 
    0x53, 0x48, 0x45, 0x58, 0x8c, 0x73, 0x00, 0x00, 0x50, 0x00, 0x05, 0x00, 
    0xe3, 0x1c, 0x00, 0x00, 0x6a, 0x08, 0x00, 0x01, 0x59, 0x00, 0x00, 0x04, 
    0x46, 0x8e, 0x20, 0x00, 0x00, 0x00, 0x00, 0x00, 0x02, 0x00, 0x00, 0x00, 
    0x5a, 0x00, 0x00, 0x03, 0x00, 0x60, 0x10, 0x00, 0x00, 0x00, 0x00, 0x00, 
    0x58, 0x18, 0x00, 0x04, 0x00, 0x70, 0x10, 0x00, 0x00, 0x00, 0x00, 0x00, 
    0x55, 0x55, 0x00, 0x00, 0x58, 0x18, 0x00, 0x04, 0x00, 0x70, 0x10, 0x00, 
    0x01, 0x00, 0x00, 0x00, 0x55, 0x55, 0x00, 0x00, 0x58, 0x18, 0x00, 0x04, 
    0x00, 0x70, 0x10, 0x00, 0x02, 0x00, 0x00, 0x00, 0x55, 0x55, 0x00, 0x00, 
    0x58, 0x18, 0x00, 0x04, 0x00, 0x70, 0x10, 0x00, 0x03, 0x00, 0x00, 0x00, 
    0x55, 0x55, 0x00, 0x00, 0x58, 0x18, 0x00, 0x04, 0x00, 0x70, 0x10, 0x00, 
    0x04, 0x00, 0x00, 0x00, 0x55, 0x55, 0x00, 0x00, 0x58, 0x18, 0x00, 0x04, 
    0x00, 0x70, 0x10, 0x00, 0x05, 0x00, 0x00, 0x00, 0x55, 0x55, 0x00, 0x00, 
    0x9c, 0x18, 0x00, 0x04, 0x00, 0xe0, 0x11, 0x00, 0x00, 0x00, 0x00, 0x00, 
    0x55, 0x55, 0x00, 0x00, 0x5f, 0x00, 0x00, 0x02, 0x32, 0x10, 0x02, 0x00, 
    0x5f, 0x00, 0x00, 0x02, 0x32, 0x20, 0x02, 0x00, 0x68, 0x00, 0x00, 0x02, 
    0x0b, 0x00, 0x00, 0x00, 0xa0, 0x00, 0x00, 0x05, 0x00, 0xf0, 0x11, 0x00, 
    0x00, 0x00, 0x00, 0x00, 0xc0, 0x00, 0x00, 0x00, 0x0c, 0x00, 0x00, 0x00, 
    0xa0, 0x00, 0x00, 0x05, 0x00, 0xf0, 0x11, 0x00, 0x01, 0x00, 0x00, 0x00, 
    0xc0, 0x00, 0x00, 0x00, 0x0c, 0x00, 0x00, 0x00, 0x9b, 0x00, 0x00, 0x04, 
    0x08, 0x00, 0x00, 0x00, 0x08, 0x00, 0x00, 0x00, 0x01, 0x00, 0x00, 0x00, 
    0x29, 0x00, 0x00, 0x09, 0x32, 0x00, 0x10, 0x00, 0x00, 0x00, 0x00, 0x00, 
    0x46, 0x10, 0x02, 0x00, 0x02, 0x40, 0x00, 0x00, 0x03, 0x00, 0x00, 0x00, 
    0x03, 0x00, 0x00, 0x00, 0x00, 0x00, 0x00, 0x00, 0x00, 0x00, 0x00, 0x00, 
    0x23, 0x00, 0x00, 0x0a, 0x32, 0x00, 0x10, 0x00, 0x01, 0x00, 0x00, 0x00, 
    0x46, 0x10, 0x02, 0x00, 0x02, 0x40, 0x00, 0x00, 0x08, 0x00, 0x00, 0x00, 
    0x08, 0x00, 0x00, 0x00, 0x00, 0x00, 0x00, 0x00, 0x00, 0x00, 0x00, 0x00, 
    0x46, 0x20, 0x02, 0x00, 0x56, 0x00, 0x00, 0x05, 0xc2, 0x00, 0x10, 0x00, 
    0x00, 0x00, 0x00, 0x00, 0x06, 0x04, 0x10, 0x00, 0x01, 0x00, 0x00, 0x00, 
    0x31, 0x00, 0x00, 0x08, 0x32, 0x00, 0x10, 0x00, 0x02, 0x00, 0x00, 0x00, 
    0xe6, 0x0a, 0x10, 0x00, 0x00, 0x00, 0x00, 0x00, 0x46, 0x80, 0x20, 0x00, 
    0x00, 0x00, 0x00, 0x00, 0x00, 0x00, 0x00, 0x00, 0x01, 0x00, 0x00, 0x07, 
    0x12, 0x00, 0x10, 0x00, 0x02, 0x00, 0x00, 0x00, 0x1a, 0x00, 0x10, 0x00, 
    0x02, 0x00, 0x00, 0x00, 0x0a, 0x00, 0x10, 0x00, 0x02, 0x00, 0x00, 0x00, 
    0x01, 0x00, 0x00, 0x08, 0x22, 0x00, 0x10, 0x00, 0x02, 0x00, 0x00, 0x00, 
    0x1a, 0x80, 0x20, 0x00, 0x00, 0x00, 0x00, 0x00, 0x01, 0x00, 0x00, 0x00, 
    0x01, 0x40, 0x00, 0x00, 0x01, 0x00, 0x00, 0x00, 0x20, 0x00, 0x00, 0x07, 
    0x22, 0x00, 0x10, 0x00, 0x02, 0x00, 0x00, 0x00, 0x1a, 0x00, 0x10, 0x00, 
    0x02, 0x00, 0x00, 0x00, 0x01, 0x40, 0x00, 0x00, 0x01, 0x00, 0x00, 0x00, 
    0x1e, 0x00, 0x00, 0x0a, 0x32, 0x00, 0x10, 0x00, 0x00, 0x00, 0x00, 0x00, 
    0x46, 0x00, 0x10, 0x00, 0x00, 0x00, 0x00, 0x00, 0x02, 0x40, 0x00, 0x00, 
    0xfe, 0xff, 0xff, 0xff, 0xfe, 0xff, 0xff, 0xff, 0x00, 0x00, 0x00, 0x00, 
    0x00, 0x00, 0x00, 0x00, 0x23, 0x00, 0x00, 0x07, 0x42, 0x00, 0x10, 0x00, 
    0x02, 0x00, 0x00, 0x00, 0x1a, 0x20, 0x02, 0x00, 0x01, 0x40, 0x00, 0x00, 
    0x08, 0x00, 0x00, 0x00, 0x0a, 0x20, 0x02, 0x00, 0x1b, 0x00, 0x00, 0x06, 
    0x32, 0x00, 0x10, 0x00, 0x03, 0x00, 0x00, 0x00, 0x46, 0x80, 0x20, 0x00, 
    0x00, 0x00, 0x00, 0x00, 0x00, 0x00, 0x00, 0x00, 0x1e, 0x00, 0x00, 0x0a, 
    0x32, 0x00, 0x10, 0x00, 0x03, 0x00, 0x00, 0x00, 0x46, 0x00, 0x10, 0x00, 
    0x03, 0x00, 0x00, 0x00, 0x02, 0x40, 0x00, 0x00, 0xff, 0xff, 0xff, 0xff, 
    0xff, 0xff, 0xff, 0xff, 0x00, 0x00, 0x00, 0x00, 0x00, 0x00, 0x00, 0x00, 
    0x1f, 0x00, 0x00, 0x03, 0x1a, 0x00, 0x10, 0x00, 0x02, 0x00, 0x00, 0x00, 
    0x4e, 0x00, 0x00, 0x09, 0x12, 0x00, 0x10, 0x00, 0x04, 0x00, 0x00, 0x00, 
    0x12, 0x00, 0x10, 0x00, 0x05, 0x00, 0x00, 0x00, 0x2a, 0x00, 0x10, 0x00, 
    0x02, 0x00, 0x00, 0x00, 0x01, 0x40, 0x00, 0x00, 0x0c, 0x00, 0x00, 0x00, 
    0x36, 0x00, 0x00, 0x05, 0x22, 0x00, 0x10, 0x00, 0x05, 0x00, 0x00, 0x00, 
    0x0a, 0x00, 0x10, 0x00, 0x04, 0x00, 0x00, 0x00, 0x1e, 0x00, 0x00, 0x07, 
    0xc2, 0x00, 0x10, 0x00, 0x03, 0x00, 0x00, 0x00, 0x06, 0x04, 0x10, 0x00, 
    0x00, 0x00, 0x00, 0x00, 0x06, 0x04, 0x10, 0x00, 0x05, 0x00, 0x00, 0x00, 
    0x24, 0x00, 0x00, 0x0a, 0xc2, 0x00, 0x10, 0x00, 0x03, 0x00, 0x00, 0x00, 
    0xa6, 0x0e, 0x10, 0x00, 0x03, 0x00, 0x00, 0x00, 0x02, 0x40, 0x00, 0x00, 
    0x00, 0x00, 0x00, 0x00, 0x00, 0x00, 0x00, 0x00, 0x00, 0x00, 0x00, 0x00, 
    0x00, 0x00, 0x00, 0x00, 0x25, 0x00, 0x00, 0x07, 0x32, 0x00, 0x10, 0x00, 
    0x06, 0x00, 0x00, 0x00, 0x46, 0x00, 0x10, 0x00, 0x03, 0x00, 0x00, 0x00, 
    0xe6, 0x0a, 0x10, 0x00, 0x03, 0x00, 0x00, 0x00, 0x01, 0x00, 0x00, 0x08, 
    0x82, 0x00, 0x10, 0x00, 0x02, 0x00, 0x00, 0x00, 0x1a, 0x80, 0x20, 0x00, 
    0x00, 0x00, 0x00, 0x00, 0x01, 0x00, 0x00, 0x00, 0x01, 0x40, 0x00, 0x00, 
    0x04, 0x00, 0x00, 0x00, 0x20, 0x00, 0x00, 0x07, 0x82, 0x00, 0x10, 0x00, 
    0x02, 0x00, 0x00, 0x00, 0x3a, 0x00, 0x10, 0x00, 0x02, 0x00, 0x00, 0x00, 
    0x01, 0x40, 0x00, 0x00, 0x04, 0x00, 0x00, 0x00, 0x1f, 0x00, 0x04, 0x03, 
    0x3a, 0x00, 0x10, 0x00, 0x02, 0x00, 0x00, 0x00, 0x36, 0x00, 0x00, 0x05, 
    0x42, 0x00, 0x10, 0x00, 0x06, 0x00, 0x00, 0x00, 0x01, 0x40, 0x00, 0x00, 
    0x00, 0x00, 0x00, 0x00, 0x2d, 0x00, 0x00, 0x89, 0xc2, 0x00, 0x00, 0x80, 
    0x43, 0x55, 0x15, 0x00, 0xe2, 0x00, 0x10, 0x00, 0x04, 0x00, 0x00, 0x00, 
    0x46, 0x0a, 0x10, 0x00, 0x06, 0x00, 0x00, 0x00, 0x36, 0x79, 0x10, 0x00, 
    0x00, 0x00, 0x00, 0x00, 0x01, 0x00, 0x00, 0x0a, 0xe2, 0x00, 0x10, 0x00, 
    0x05, 0x00, 0x00, 0x00, 0x56, 0x0e, 0x10, 0x00, 0x04, 0x00, 0x00, 0x00, 
    0x02, 0x40, 0x00, 0x00, 0x00, 0x00, 0x00, 0x00, 0x00, 0x00, 0x80, 0x7f, 
    0x00, 0x00, 0x80, 0x7f, 0x00, 0x00, 0x80, 0x7f, 0x27, 0x00, 0x00, 0x0a, 
    0xe2, 0x00, 0x10, 0x00, 0x05, 0x00, 0x00, 0x00, 0x56, 0x0e, 0x10, 0x00, 
    0x05, 0x00, 0x00, 0x00, 0x02, 0x40, 0x00, 0x00, 0x00, 0x00, 0x00, 0x00, 
    0x00, 0x00, 0x80, 0x7f, 0x00, 0x00, 0x80, 0x7f, 0x00, 0x00, 0x80, 0x7f, 
    0x01, 0x00, 0x00, 0x07, 0x42, 0x00, 0x10, 0x00, 0x03, 0x00, 0x00, 0x00, 
    0x2a, 0x00, 0x10, 0x00, 0x05, 0x00, 0x00, 0x00, 0x1a, 0x00, 0x10, 0x00, 
    0x05, 0x00, 0x00, 0x00, 0x01, 0x00, 0x00, 0x07, 0x42, 0x00, 0x10, 0x00, 
    0x03, 0x00, 0x00, 0x00, 0x3a, 0x00, 0x10, 0x00, 0x05, 0x00, 0x00, 0x00, 
    0x2a, 0x00, 0x10, 0x00, 0x03, 0x00, 0x00, 0x00, 0x34, 0x00, 0x00, 0x0a, 
    0xe2, 0x00, 0x10, 0x00, 0x04, 0x00, 0x00, 0x00, 0x56, 0x0e, 0x10, 0x00, 
    0x04, 0x00, 0x00, 0x00, 0x02, 0x40, 0x00, 0x00, 0x00, 0x00, 0x00, 0x00, 
    0x00, 0x00, 0x00, 0x00, 0x00, 0x00, 0x00, 0x00, 0x00, 0x00, 0x00, 0x00, 
    0x33, 0x00, 0x00, 0x0a, 0xe2, 0x00, 0x10, 0x00, 0x04, 0x00, 0x00, 0x00, 
    0x56, 0x0e, 0x10, 0x00, 0x04, 0x00, 0x00, 0x00, 0x02, 0x40, 0x00, 0x00, 
    0x00, 0x00, 0x00, 0x00, 0x00, 0xe8, 0x7d, 0x47, 0x00, 0xe8, 0x7d, 0x47, 
    0x00, 0xe8, 0x7d, 0x47, 0x01, 0x00, 0x00, 0x07, 0xe2, 0x00, 0x10, 0x00, 
    0x04, 0x00, 0x00, 0x00, 0xa6, 0x0a, 0x10, 0x00, 0x03, 0x00, 0x00, 0x00, 
    0x56, 0x0e, 0x10, 0x00, 0x04, 0x00, 0x00, 0x00, 0x2d, 0x00, 0x00, 0x89, 
    0xc2, 0x00, 0x00, 0x80, 0x43, 0x55, 0x15, 0x00, 0xe2, 0x00, 0x10, 0x00, 
    0x05, 0x00, 0x00, 0x00, 0x46, 0x0a, 0x10, 0x00, 0x06, 0x00, 0x00, 0x00, 
    0x36, 0x79, 0x10, 0x00, 0x02, 0x00, 0x00, 0x00, 0x01, 0x00, 0x00, 0x0a, 
    0x72, 0x00, 0x10, 0x00, 0x07, 0x00, 0x00, 0x00, 0x96, 0x07, 0x10, 0x00, 
    0x05, 0x00, 0x00, 0x00, 0x02, 0x40, 0x00, 0x00, 0x00, 0x00, 0x80, 0x7f, 
    0x00, 0x00, 0x80, 0x7f, 0x00, 0x00, 0x80, 0x7f, 0x00, 0x00, 0x00, 0x00, 
    0x27, 0x00, 0x00, 0x0a, 0x72, 0x00, 0x10, 0x00, 0x07, 0x00, 0x00, 0x00, 
    0x46, 0x02, 0x10, 0x00, 0x07, 0x00, 0x00, 0x00, 0x02, 0x40, 0x00, 0x00, 
    0x00, 0x00, 0x80, 0x7f, 0x00, 0x00, 0x80, 0x7f, 0x00, 0x00, 0x80, 0x7f, 
    0x00, 0x00, 0x00, 0x00, 0x01, 0x00, 0x00, 0x07, 0x42, 0x00, 0x10, 0x00, 
    0x03, 0x00, 0x00, 0x00, 0x1a, 0x00, 0x10, 0x00, 0x07, 0x00, 0x00, 0x00, 
    0x0a, 0x00, 0x10, 0x00, 0x07, 0x00, 0x00, 0x00, 0x01, 0x00, 0x00, 0x07, 
    0x42, 0x00, 0x10, 0x00, 0x03, 0x00, 0x00, 0x00, 0x2a, 0x00, 0x10, 0x00, 
    0x07, 0x00, 0x00, 0x00, 0x2a, 0x00, 0x10, 0x00, 0x03, 0x00, 0x00, 0x00, 
    0x34, 0x00, 0x00, 0x0a, 0xe2, 0x00, 0x10, 0x00, 0x05, 0x00, 0x00, 0x00, 
    0x56, 0x0e, 0x10, 0x00, 0x05, 0x00, 0x00, 0x00, 0x02, 0x40, 0x00, 0x00, 
    0x00, 0x00, 0x00, 0x00, 0x00, 0x00, 0x00, 0x00, 0x00, 0x00, 0x00, 0x00, 
    0x00, 0x00, 0x00, 0x00, 0x33, 0x00, 0x00, 0x0a, 0xe2, 0x00, 0x10, 0x00, 
    0x05, 0x00, 0x00, 0x00, 0x56, 0x0e, 0x10, 0x00, 0x05, 0x00, 0x00, 0x00, 
    0x02, 0x40, 0x00, 0x00, 0x00, 0x00, 0x00, 0x00, 0x00, 0xe8, 0x7d, 0x47, 
    0x00, 0xe8, 0x7d, 0x47, 0x00, 0xe8, 0x7d, 0x47, 0x01, 0x00, 0x00, 0x07, 
    0xe2, 0x00, 0x10, 0x00, 0x05, 0x00, 0x00, 0x00, 0xa6, 0x0a, 0x10, 0x00, 
    0x03, 0x00, 0x00, 0x00, 0x56, 0x0e, 0x10, 0x00, 0x05, 0x00, 0x00, 0x00, 
    0x2d, 0x00, 0x00, 0x89, 0xc2, 0x00, 0x00, 0x80, 0x43, 0x55, 0x15, 0x00, 
    0x72, 0x00, 0x10, 0x00, 0x07, 0x00, 0x00, 0x00, 0x46, 0x0a, 0x10, 0x00, 
    0x06, 0x00, 0x00, 0x00, 0x46, 0x7e, 0x10, 0x00, 0x01, 0x00, 0x00, 0x00, 
    0x01, 0x00, 0x00, 0x0a, 0x72, 0x00, 0x10, 0x00, 0x08, 0x00, 0x00, 0x00, 
    0x46, 0x02, 0x10, 0x00, 0x07, 0x00, 0x00, 0x00, 0x02, 0x40, 0x00, 0x00, 
    0x00, 0x00, 0x80, 0x7f, 0x00, 0x00, 0x80, 0x7f, 0x00, 0x00, 0x80, 0x7f, 
    0x00, 0x00, 0x00, 0x00, 0x27, 0x00, 0x00, 0x0a, 0x72, 0x00, 0x10, 0x00, 
    0x08, 0x00, 0x00, 0x00, 0x46, 0x02, 0x10, 0x00, 0x08, 0x00, 0x00, 0x00, 
    0x02, 0x40, 0x00, 0x00, 0x00, 0x00, 0x80, 0x7f, 0x00, 0x00, 0x80, 0x7f, 
    0x00, 0x00, 0x80, 0x7f, 0x00, 0x00, 0x00, 0x00, 0x01, 0x00, 0x00, 0x07, 
    0x42, 0x00, 0x10, 0x00, 0x03, 0x00, 0x00, 0x00, 0x1a, 0x00, 0x10, 0x00, 
    0x08, 0x00, 0x00, 0x00, 0x0a, 0x00, 0x10, 0x00, 0x08, 0x00, 0x00, 0x00, 
    0x01, 0x00, 0x00, 0x07, 0x42, 0x00, 0x10, 0x00, 0x03, 0x00, 0x00, 0x00, 
    0x2a, 0x00, 0x10, 0x00, 0x08, 0x00, 0x00, 0x00, 0x2a, 0x00, 0x10, 0x00, 
    0x03, 0x00, 0x00, 0x00, 0x34, 0x00, 0x00, 0x0a, 0x72, 0x00, 0x10, 0x00, 
    0x07, 0x00, 0x00, 0x00, 0x46, 0x02, 0x10, 0x00, 0x07, 0x00, 0x00, 0x00, 
    0x02, 0x40, 0x00, 0x00, 0x00, 0x00, 0x00, 0x00, 0x00, 0x00, 0x00, 0x00, 
    0x00, 0x00, 0x00, 0x00, 0x00, 0x00, 0x00, 0x00, 0x33, 0x00, 0x00, 0x0a, 
    0x72, 0x00, 0x10, 0x00, 0x07, 0x00, 0x00, 0x00, 0x46, 0x02, 0x10, 0x00, 
    0x07, 0x00, 0x00, 0x00, 0x02, 0x40, 0x00, 0x00, 0x00, 0x00, 0x80, 0x40, 
    0x00, 0x00, 0x80, 0x40, 0x00, 0x00, 0x80, 0x40, 0x00, 0x00, 0x00, 0x00, 
    0x01, 0x00, 0x00, 0x07, 0x72, 0x00, 0x10, 0x00, 0x07, 0x00, 0x00, 0x00, 
    0xa6, 0x0a, 0x10, 0x00, 0x03, 0x00, 0x00, 0x00, 0x46, 0x02, 0x10, 0x00, 
    0x07, 0x00, 0x00, 0x00, 0x2d, 0x00, 0x00, 0x89, 0xc2, 0x00, 0x00, 0x80, 
    0x43, 0x55, 0x15, 0x00, 0x72, 0x00, 0x10, 0x00, 0x08, 0x00, 0x00, 0x00, 
    0x46, 0x0a, 0x10, 0x00, 0x06, 0x00, 0x00, 0x00, 0x46, 0x7e, 0x10, 0x00, 
    0x03, 0x00, 0x00, 0x00, 0x01, 0x00, 0x00, 0x0a, 0x72, 0x00, 0x10, 0x00, 
    0x09, 0x00, 0x00, 0x00, 0x46, 0x02, 0x10, 0x00, 0x08, 0x00, 0x00, 0x00, 
    0x02, 0x40, 0x00, 0x00, 0x00, 0x00, 0x80, 0x7f, 0x00, 0x00, 0x80, 0x7f, 
    0x00, 0x00, 0x80, 0x7f, 0x00, 0x00, 0x00, 0x00, 0x27, 0x00, 0x00, 0x0a, 
    0x72, 0x00, 0x10, 0x00, 0x09, 0x00, 0x00, 0x00, 0x46, 0x02, 0x10, 0x00, 
    0x09, 0x00, 0x00, 0x00, 0x02, 0x40, 0x00, 0x00, 0x00, 0x00, 0x80, 0x7f, 
    0x00, 0x00, 0x80, 0x7f, 0x00, 0x00, 0x80, 0x7f, 0x00, 0x00, 0x00, 0x00, 
    0x01, 0x00, 0x00, 0x07, 0x42, 0x00, 0x10, 0x00, 0x03, 0x00, 0x00, 0x00, 
    0x1a, 0x00, 0x10, 0x00, 0x09, 0x00, 0x00, 0x00, 0x0a, 0x00, 0x10, 0x00, 
    0x09, 0x00, 0x00, 0x00, 0x01, 0x00, 0x00, 0x07, 0x42, 0x00, 0x10, 0x00, 
    0x03, 0x00, 0x00, 0x00, 0x2a, 0x00, 0x10, 0x00, 0x09, 0x00, 0x00, 0x00, 
    0x2a, 0x00, 0x10, 0x00, 0x03, 0x00, 0x00, 0x00, 0x34, 0x00, 0x00, 0x0a, 
    0x72, 0x00, 0x10, 0x00, 0x08, 0x00, 0x00, 0x00, 0x46, 0x02, 0x10, 0x00, 
    0x08, 0x00, 0x00, 0x00, 0x02, 0x40, 0x00, 0x00, 0x00, 0x00, 0x00, 0x00, 
    0x00, 0x00, 0x00, 0x00, 0x00, 0x00, 0x00, 0x00, 0x00, 0x00, 0x00, 0x00, 
    0x33, 0x00, 0x00, 0x0a, 0x72, 0x00, 0x10, 0x00, 0x08, 0x00, 0x00, 0x00, 
    0x46, 0x02, 0x10, 0x00, 0x08, 0x00, 0x00, 0x00, 0x02, 0x40, 0x00, 0x00, 
    0x00, 0x00, 0x80, 0x40, 0x00, 0x00, 0x80, 0x40, 0x00, 0x00, 0x80, 0x40, 
    0x00, 0x00, 0x00, 0x00, 0x01, 0x00, 0x00, 0x07, 0x72, 0x00, 0x10, 0x00, 
    0x08, 0x00, 0x00, 0x00, 0xa6, 0x0a, 0x10, 0x00, 0x03, 0x00, 0x00, 0x00, 
    0x46, 0x02, 0x10, 0x00, 0x08, 0x00, 0x00, 0x00, 0x00, 0x00, 0x00, 0x07, 
    0x72, 0x00, 0x10, 0x00, 0x09, 0x00, 0x00, 0x00, 0x46, 0x02, 0x10, 0x00, 
    0x07, 0x00, 0x00, 0x00, 0x46, 0x02, 0x10, 0x00, 0x08, 0x00, 0x00, 0x00, 
    0x38, 0x00, 0x00, 0x07, 0xe2, 0x00, 0x10, 0x00, 0x05, 0x00, 0x00, 0x00, 
    0x56, 0x0e, 0x10, 0x00, 0x05, 0x00, 0x00, 0x00, 0x06, 0x09, 0x10, 0x00, 
    0x08, 0x00, 0x00, 0x00, 0x32, 0x00, 0x00, 0x09, 0xe2, 0x00, 0x10, 0x00, 
    0x04, 0x00, 0x00, 0x00, 0x56, 0x0e, 0x10, 0x00, 0x04, 0x00, 0x00, 0x00, 
    0x06, 0x09, 0x10, 0x00, 0x07, 0x00, 0x00, 0x00, 0x56, 0x0e, 0x10, 0x00, 
    0x05, 0x00, 0x00, 0x00, 0x12, 0x00, 0x00, 0x01, 0x36, 0x00, 0x00, 0x05, 
    0x82, 0x00, 0x10, 0x00, 0x06, 0x00, 0x00, 0x00, 0x01, 0x40, 0x00, 0x00, 
    0x00, 0x00, 0x00, 0x00, 0x2d, 0x00, 0x00, 0x89, 0xc2, 0x00, 0x00, 0x80, 
    0x43, 0x55, 0x15, 0x00, 0xe2, 0x00, 0x10, 0x00, 0x05, 0x00, 0x00, 0x00, 
    0x46, 0x0f, 0x10, 0x00, 0x06, 0x00, 0x00, 0x00, 0x36, 0x79, 0x10, 0x00, 
    0x01, 0x00, 0x00, 0x00, 0x01, 0x00, 0x00, 0x0a, 0x72, 0x00, 0x10, 0x00, 
    0x07, 0x00, 0x00, 0x00, 0x96, 0x07, 0x10, 0x00, 0x05, 0x00, 0x00, 0x00, 
    0x02, 0x40, 0x00, 0x00, 0x00, 0x00, 0x80, 0x7f, 0x00, 0x00, 0x80, 0x7f, 
    0x00, 0x00, 0x80, 0x7f, 0x00, 0x00, 0x00, 0x00, 0x27, 0x00, 0x00, 0x0a, 
    0x72, 0x00, 0x10, 0x00, 0x07, 0x00, 0x00, 0x00, 0x46, 0x02, 0x10, 0x00, 
    0x07, 0x00, 0x00, 0x00, 0x02, 0x40, 0x00, 0x00, 0x00, 0x00, 0x80, 0x7f, 
    0x00, 0x00, 0x80, 0x7f, 0x00, 0x00, 0x80, 0x7f, 0x00, 0x00, 0x00, 0x00, 
    0x01, 0x00, 0x00, 0x07, 0x42, 0x00, 0x10, 0x00, 0x03, 0x00, 0x00, 0x00, 
    0x1a, 0x00, 0x10, 0x00, 0x07, 0x00, 0x00, 0x00, 0x0a, 0x00, 0x10, 0x00, 
    0x07, 0x00, 0x00, 0x00, 0x01, 0x00, 0x00, 0x07, 0x42, 0x00, 0x10, 0x00, 
    0x03, 0x00, 0x00, 0x00, 0x2a, 0x00, 0x10, 0x00, 0x07, 0x00, 0x00, 0x00, 
    0x2a, 0x00, 0x10, 0x00, 0x03, 0x00, 0x00, 0x00, 0x34, 0x00, 0x00, 0x0a, 
    0xe2, 0x00, 0x10, 0x00, 0x05, 0x00, 0x00, 0x00, 0x56, 0x0e, 0x10, 0x00, 
    0x05, 0x00, 0x00, 0x00, 0x02, 0x40, 0x00, 0x00, 0x00, 0x00, 0x00, 0x00, 
    0x00, 0x00, 0x00, 0x00, 0x00, 0x00, 0x00, 0x00, 0x00, 0x00, 0x00, 0x00, 
    0x33, 0x00, 0x00, 0x0a, 0xe2, 0x00, 0x10, 0x00, 0x05, 0x00, 0x00, 0x00, 
    0x56, 0x0e, 0x10, 0x00, 0x05, 0x00, 0x00, 0x00, 0x02, 0x40, 0x00, 0x00, 
    0x00, 0x00, 0x00, 0x00, 0x00, 0x00, 0x80, 0x40, 0x00, 0x00, 0x80, 0x40, 
    0x00, 0x00, 0x80, 0x40, 0x01, 0x00, 0x00, 0x07, 0x72, 0x00, 0x10, 0x00, 
    0x09, 0x00, 0x00, 0x00, 0xa6, 0x0a, 0x10, 0x00, 0x03, 0x00, 0x00, 0x00, 
    0x96, 0x07, 0x10, 0x00, 0x05, 0x00, 0x00, 0x00, 0x2d, 0x00, 0x00, 0x89, 
    0xc2, 0x00, 0x00, 0x80, 0x43, 0x55, 0x15, 0x00, 0xe2, 0x00, 0x10, 0x00, 
    0x05, 0x00, 0x00, 0x00, 0x46, 0x0f, 0x10, 0x00, 0x06, 0x00, 0x00, 0x00, 
    0x36, 0x79, 0x10, 0x00, 0x00, 0x00, 0x00, 0x00, 0x01, 0x00, 0x00, 0x0a, 
    0x72, 0x00, 0x10, 0x00, 0x07, 0x00, 0x00, 0x00, 0x96, 0x07, 0x10, 0x00, 
    0x05, 0x00, 0x00, 0x00, 0x02, 0x40, 0x00, 0x00, 0x00, 0x00, 0x80, 0x7f, 
    0x00, 0x00, 0x80, 0x7f, 0x00, 0x00, 0x80, 0x7f, 0x00, 0x00, 0x00, 0x00, 
    0x27, 0x00, 0x00, 0x0a, 0x72, 0x00, 0x10, 0x00, 0x07, 0x00, 0x00, 0x00, 
    0x46, 0x02, 0x10, 0x00, 0x07, 0x00, 0x00, 0x00, 0x02, 0x40, 0x00, 0x00, 
    0x00, 0x00, 0x80, 0x7f, 0x00, 0x00, 0x80, 0x7f, 0x00, 0x00, 0x80, 0x7f, 
    0x00, 0x00, 0x00, 0x00, 0x01, 0x00, 0x00, 0x07, 0x42, 0x00, 0x10, 0x00, 
    0x03, 0x00, 0x00, 0x00, 0x1a, 0x00, 0x10, 0x00, 0x07, 0x00, 0x00, 0x00, 
    0x0a, 0x00, 0x10, 0x00, 0x07, 0x00, 0x00, 0x00, 0x01, 0x00, 0x00, 0x07, 
    0x42, 0x00, 0x10, 0x00, 0x03, 0x00, 0x00, 0x00, 0x2a, 0x00, 0x10, 0x00, 
    0x07, 0x00, 0x00, 0x00, 0x2a, 0x00, 0x10, 0x00, 0x03, 0x00, 0x00, 0x00, 
    0x34, 0x00, 0x00, 0x0a, 0xe2, 0x00, 0x10, 0x00, 0x05, 0x00, 0x00, 0x00, 
    0x56, 0x0e, 0x10, 0x00, 0x05, 0x00, 0x00, 0x00, 0x02, 0x40, 0x00, 0x00, 
    0x00, 0x00, 0x00, 0x00, 0x00, 0x00, 0x00, 0x00, 0x00, 0x00, 0x00, 0x00, 
    0x00, 0x00, 0x00, 0x00, 0x33, 0x00, 0x00, 0x0a, 0xe2, 0x00, 0x10, 0x00, 
    0x05, 0x00, 0x00, 0x00, 0x56, 0x0e, 0x10, 0x00, 0x05, 0x00, 0x00, 0x00, 
    0x02, 0x40, 0x00, 0x00, 0x00, 0x00, 0x00, 0x00, 0x00, 0xe8, 0x7d, 0x47, 
    0x00, 0xe8, 0x7d, 0x47, 0x00, 0xe8, 0x7d, 0x47, 0x01, 0x00, 0x00, 0x07, 
    0xe2, 0x00, 0x10, 0x00, 0x05, 0x00, 0x00, 0x00, 0xa6, 0x0a, 0x10, 0x00, 
    0x03, 0x00, 0x00, 0x00, 0x56, 0x0e, 0x10, 0x00, 0x05, 0x00, 0x00, 0x00, 
    0x38, 0x00, 0x00, 0x07, 0xe2, 0x00, 0x10, 0x00, 0x04, 0x00, 0x00, 0x00, 
    0x06, 0x09, 0x10, 0x00, 0x09, 0x00, 0x00, 0x00, 0x56, 0x0e, 0x10, 0x00, 
    0x05, 0x00, 0x00, 0x00, 0x15, 0x00, 0x00, 0x01, 0x36, 0x00, 0x00, 0x08, 
    0xc2, 0x00, 0x10, 0x00, 0x06, 0x00, 0x00, 0x00, 0x02, 0x40, 0x00, 0x00, 
    0x00, 0x00, 0x00, 0x00, 0x00, 0x00, 0x00, 0x00, 0x00, 0x00, 0x00, 0x00, 
    0x00, 0x00, 0x00, 0x00, 0x2d, 0x00, 0x00, 0x89, 0xc2, 0x00, 0x00, 0x80, 
    0x43, 0x55, 0x15, 0x00, 0xe2, 0x00, 0x10, 0x00, 0x05, 0x00, 0x00, 0x00, 
    0x46, 0x0f, 0x10, 0x00, 0x06, 0x00, 0x00, 0x00, 0x36, 0x79, 0x10, 0x00, 
    0x04, 0x00, 0x00, 0x00, 0x01, 0x00, 0x00, 0x0a, 0x72, 0x00, 0x10, 0x00, 
    0x07, 0x00, 0x00, 0x00, 0x96, 0x07, 0x10, 0x00, 0x05, 0x00, 0x00, 0x00, 
    0x02, 0x40, 0x00, 0x00, 0x00, 0x00, 0x80, 0x7f, 0x00, 0x00, 0x80, 0x7f, 
    0x00, 0x00, 0x80, 0x7f, 0x00, 0x00, 0x00, 0x00, 0x27, 0x00, 0x00, 0x0a, 
    0x72, 0x00, 0x10, 0x00, 0x07, 0x00, 0x00, 0x00, 0x46, 0x02, 0x10, 0x00, 
    0x07, 0x00, 0x00, 0x00, 0x02, 0x40, 0x00, 0x00, 0x00, 0x00, 0x80, 0x7f, 
    0x00, 0x00, 0x80, 0x7f, 0x00, 0x00, 0x80, 0x7f, 0x00, 0x00, 0x00, 0x00, 
    0x01, 0x00, 0x00, 0x07, 0x42, 0x00, 0x10, 0x00, 0x03, 0x00, 0x00, 0x00, 
    0x1a, 0x00, 0x10, 0x00, 0x07, 0x00, 0x00, 0x00, 0x0a, 0x00, 0x10, 0x00, 
    0x07, 0x00, 0x00, 0x00, 0x01, 0x00, 0x00, 0x07, 0x42, 0x00, 0x10, 0x00, 
    0x03, 0x00, 0x00, 0x00, 0x2a, 0x00, 0x10, 0x00, 0x07, 0x00, 0x00, 0x00, 
    0x2a, 0x00, 0x10, 0x00, 0x03, 0x00, 0x00, 0x00, 0x34, 0x00, 0x00, 0x0a, 
    0xe2, 0x00, 0x10, 0x00, 0x05, 0x00, 0x00, 0x00, 0x56, 0x0e, 0x10, 0x00, 
    0x05, 0x00, 0x00, 0x00, 0x02, 0x40, 0x00, 0x00, 0x00, 0x00, 0x00, 0x00, 
    0x00, 0x00, 0x00, 0x00, 0x00, 0x00, 0x00, 0x00, 0x00, 0x00, 0x00, 0x00, 
    0x33, 0x00, 0x00, 0x0a, 0xe2, 0x00, 0x10, 0x00, 0x05, 0x00, 0x00, 0x00, 
    0x56, 0x0e, 0x10, 0x00, 0x05, 0x00, 0x00, 0x00, 0x02, 0x40, 0x00, 0x00, 
    0x00, 0x00, 0x00, 0x00, 0x00, 0xe8, 0x7d, 0x47, 0x00, 0xe8, 0x7d, 0x47, 
    0x00, 0xe8, 0x7d, 0x47, 0x01, 0x00, 0x00, 0x07, 0xe2, 0x00, 0x10, 0x00, 
    0x05, 0x00, 0x00, 0x00, 0xa6, 0x0a, 0x10, 0x00, 0x03, 0x00, 0x00, 0x00, 
    0x56, 0x0e, 0x10, 0x00, 0x05, 0x00, 0x00, 0x00, 0x00, 0x00, 0x00, 0x07, 
    0xe2, 0x00, 0x10, 0x00, 0x04, 0x00, 0x00, 0x00, 0x56, 0x0e, 0x10, 0x00, 
    0x04, 0x00, 0x00, 0x00, 0x56, 0x0e, 0x10, 0x00, 0x05, 0x00, 0x00, 0x00, 
    0x33, 0x00, 0x00, 0x0a, 0x72, 0x00, 0x10, 0x00, 0x07, 0x00, 0x00, 0x00, 
    0x96, 0x07, 0x10, 0x00, 0x04, 0x00, 0x00, 0x00, 0x02, 0x40, 0x00, 0x00, 
    0x00, 0xe8, 0x7d, 0x47, 0x00, 0xe8, 0x7d, 0x47, 0x00, 0xe8, 0x7d, 0x47, 
    0x00, 0x00, 0x00, 0x00, 0x2d, 0x00, 0x00, 0x89, 0xc2, 0x00, 0x00, 0x80, 
    0x43, 0x55, 0x15, 0x00, 0xe2, 0x00, 0x10, 0x00, 0x04, 0x00, 0x00, 0x00, 
    0x46, 0x0e, 0x10, 0x00, 0x06, 0x00, 0x00, 0x00, 0x36, 0x79, 0x10, 0x00, 
    0x05, 0x00, 0x00, 0x00, 0x01, 0x00, 0x00, 0x0a, 0xe2, 0x00, 0x10, 0x00, 
    0x05, 0x00, 0x00, 0x00, 0x56, 0x0e, 0x10, 0x00, 0x04, 0x00, 0x00, 0x00, 
    0x02, 0x40, 0x00, 0x00, 0x00, 0x00, 0x00, 0x00, 0x00, 0x00, 0x80, 0x7f, 
    0x00, 0x00, 0x80, 0x7f, 0x00, 0x00, 0x80, 0x7f, 0x27, 0x00, 0x00, 0x0a, 
    0xe2, 0x00, 0x10, 0x00, 0x05, 0x00, 0x00, 0x00, 0x56, 0x0e, 0x10, 0x00, 
    0x05, 0x00, 0x00, 0x00, 0x02, 0x40, 0x00, 0x00, 0x00, 0x00, 0x00, 0x00, 
    0x00, 0x00, 0x80, 0x7f, 0x00, 0x00, 0x80, 0x7f, 0x00, 0x00, 0x80, 0x7f, 
    0x01, 0x00, 0x00, 0x07, 0x42, 0x00, 0x10, 0x00, 0x03, 0x00, 0x00, 0x00, 
    0x2a, 0x00, 0x10, 0x00, 0x05, 0x00, 0x00, 0x00, 0x1a, 0x00, 0x10, 0x00, 
    0x05, 0x00, 0x00, 0x00, 0x01, 0x00, 0x00, 0x07, 0x42, 0x00, 0x10, 0x00, 
    0x03, 0x00, 0x00, 0x00, 0x3a, 0x00, 0x10, 0x00, 0x05, 0x00, 0x00, 0x00, 
    0x2a, 0x00, 0x10, 0x00, 0x03, 0x00, 0x00, 0x00, 0x34, 0x00, 0x00, 0x0a, 
    0xe2, 0x00, 0x10, 0x00, 0x04, 0x00, 0x00, 0x00, 0x56, 0x0e, 0x10, 0x00, 
    0x04, 0x00, 0x00, 0x00, 0x02, 0x40, 0x00, 0x00, 0x00, 0x00, 0x00, 0x00, 
    0x00, 0x00, 0x00, 0x00, 0x00, 0x00, 0x00, 0x00, 0x00, 0x00, 0x00, 0x00, 
    0x33, 0x00, 0x00, 0x0a, 0xe2, 0x00, 0x10, 0x00, 0x04, 0x00, 0x00, 0x00, 
    0x56, 0x0e, 0x10, 0x00, 0x04, 0x00, 0x00, 0x00, 0x02, 0x40, 0x00, 0x00, 
    0x00, 0x00, 0x00, 0x00, 0x00, 0xe8, 0x7d, 0x47, 0x00, 0xe8, 0x7d, 0x47, 
    0x00, 0xe8, 0x7d, 0x47, 0x01, 0x00, 0x00, 0x07, 0x72, 0x00, 0x10, 0x00, 
    0x06, 0x00, 0x00, 0x00, 0xa6, 0x0a, 0x10, 0x00, 0x03, 0x00, 0x00, 0x00, 
    0x96, 0x07, 0x10, 0x00, 0x04, 0x00, 0x00, 0x00, 0x34, 0x00, 0x00, 0x0a, 
    0xe2, 0x00, 0x10, 0x00, 0x04, 0x00, 0x00, 0x00, 0x06, 0x09, 0x10, 0x00, 
    0x09, 0x00, 0x00, 0x00, 0x02, 0x40, 0x00, 0x00, 0x00, 0x00, 0x00, 0x00, 
    0x6f, 0x12, 0x83, 0x3a, 0x6f, 0x12, 0x83, 0x3a, 0x6f, 0x12, 0x83, 0x3a, 
    0x81, 0x00, 0x00, 0x05, 0xe2, 0x00, 0x10, 0x00, 0x04, 0x00, 0x00, 0x00, 
    0x56, 0x0e, 0x10, 0x00, 0x04, 0x00, 0x00, 0x00, 0x38, 0x00, 0x00, 0x07, 
    0xe2, 0x00, 0x10, 0x00, 0x05, 0x00, 0x00, 0x00, 0x56, 0x0e, 0x10, 0x00, 
    0x04, 0x00, 0x00, 0x00, 0x06, 0x09, 0x10, 0x00, 0x06, 0x00, 0x00, 0x00, 
    0x33, 0x00, 0x00, 0x0a, 0xe2, 0x00, 0x10, 0x00, 0x05, 0x00, 0x00, 0x00, 
    0x56, 0x0e, 0x10, 0x00, 0x05, 0x00, 0x00, 0x00, 0x02, 0x40, 0x00, 0x00, 
    0x00, 0x00, 0x00, 0x00, 0x00, 0xe8, 0x7d, 0x47, 0x00, 0xe8, 0x7d, 0x47, 
    0x00, 0xe8, 0x7d, 0x47, 0x10, 0x00, 0x00, 0x0a, 0x82, 0x00, 0x10, 0x00, 
    0x06, 0x00, 0x00, 0x00, 0x96, 0x07, 0x10, 0x00, 0x05, 0x00, 0x00, 0x00, 
    0x02, 0x40, 0x00, 0x00, 0xd0, 0xb3, 0x59, 0x3e, 0x59, 0x17, 0x37, 0x3f, 
    0x98, 0xdd, 0x93, 0x3d, 0x00, 0x00, 0x00, 0x00, 0x38, 0x00, 0x00, 0x07, 
    0xe2, 0x00, 0x10, 0x00, 0x04, 0x00, 0x00, 0x00, 0x56, 0x0e, 0x10, 0x00, 
    0x04, 0x00, 0x00, 0x00, 0x06, 0x09, 0x10, 0x00, 0x07, 0x00, 0x00, 0x00, 
    0x33, 0x00, 0x00, 0x0a, 0xe2, 0x00, 0x10, 0x00, 0x04, 0x00, 0x00, 0x00, 
    0x56, 0x0e, 0x10, 0x00, 0x04, 0x00, 0x00, 0x00, 0x02, 0x40, 0x00, 0x00, 
    0x00, 0x00, 0x00, 0x00, 0x00, 0xe8, 0x7d, 0x47, 0x00, 0xe8, 0x7d, 0x47, 
    0x00, 0xe8, 0x7d, 0x47, 0x10, 0x00, 0x00, 0x0a, 0x82, 0x00, 0x10, 0x00, 
    0x07, 0x00, 0x00, 0x00, 0x96, 0x07, 0x10, 0x00, 0x04, 0x00, 0x00, 0x00, 
    0x02, 0x40, 0x00, 0x00, 0xd0, 0xb3, 0x59, 0x3e, 0x59, 0x17, 0x37, 0x3f, 
    0x98, 0xdd, 0x93, 0x3d, 0x00, 0x00, 0x00, 0x00, 0x29, 0x00, 0x00, 0x07, 
    0x42, 0x00, 0x10, 0x00, 0x03, 0x00, 0x00, 0x00, 0x0a, 0x00, 0x10, 0x00, 
    0x04, 0x00, 0x00, 0x00, 0x01, 0x40, 0x00, 0x00, 0x04, 0x00, 0x00, 0x00, 
    0xa8, 0x00, 0x00, 0x09, 0xf2, 0xf0, 0x11, 0x00, 0x00, 0x00, 0x00, 0x00, 
    0x0a, 0x00, 0x10, 0x00, 0x05, 0x00, 0x00, 0x00, 0x2a, 0x00, 0x10, 0x00, 
    0x03, 0x00, 0x00, 0x00, 0x46, 0x0e, 0x10, 0x00, 0x06, 0x00, 0x00, 0x00, 
    0xa8, 0x00, 0x00, 0x09, 0xf2, 0xf0, 0x11, 0x00, 0x01, 0x00, 0x00, 0x00, 
    0x0a, 0x00, 0x10, 0x00, 0x05, 0x00, 0x00, 0x00, 0x2a, 0x00, 0x10, 0x00, 
    0x03, 0x00, 0x00, 0x00, 0x46, 0x0e, 0x10, 0x00, 0x07, 0x00, 0x00, 0x00, 
    0x1e, 0x00, 0x00, 0x07, 0x42, 0x00, 0x10, 0x00, 0x03, 0x00, 0x00, 0x00, 
    0x2a, 0x00, 0x10, 0x00, 0x02, 0x00, 0x00, 0x00, 0x01, 0x40, 0x00, 0x00, 
    0x40, 0x00, 0x00, 0x00, 0x4e, 0x00, 0x00, 0x09, 0x12, 0x00, 0x10, 0x00, 
    0x04, 0x00, 0x00, 0x00, 0x12, 0x00, 0x10, 0x00, 0x05, 0x00, 0x00, 0x00, 
    0x2a, 0x00, 0x10, 0x00, 0x03, 0x00, 0x00, 0x00, 0x01, 0x40, 0x00, 0x00, 
    0x0c, 0x00, 0x00, 0x00, 0x36, 0x00, 0x00, 0x05, 0x22, 0x00, 0x10, 0x00, 
    0x04, 0x00, 0x00, 0x00, 0x0a, 0x00, 0x10, 0x00, 0x05, 0x00, 0x00, 0x00, 
    0x36, 0x00, 0x00, 0x05, 0x42, 0x00, 0x10, 0x00, 0x04, 0x00, 0x00, 0x00, 
    0x0a, 0x00, 0x10, 0x00, 0x04, 0x00, 0x00, 0x00, 0x1e, 0x00, 0x00, 0x07, 
    0x62, 0x00, 0x10, 0x00, 0x06, 0x00, 0x00, 0x00, 0x06, 0x01, 0x10, 0x00, 
    0x00, 0x00, 0x00, 0x00, 0x56, 0x06, 0x10, 0x00, 0x04, 0x00, 0x00, 0x00, 
    0x24, 0x00, 0x00, 0x07, 0x12, 0x00, 0x10, 0x00, 0x06, 0x00, 0x00, 0x00, 
    0x1a, 0x00, 0x10, 0x00, 0x06, 0x00, 0x00, 0x00, 0x01, 0x40, 0x00, 0x00, 
    0x00, 0x00, 0x00, 0x00, 0x25, 0x00, 0x00, 0x07, 0x32, 0x00, 0x10, 0x00, 
    0x06, 0x00, 0x00, 0x00, 0x46, 0x00, 0x10, 0x00, 0x03, 0x00, 0x00, 0x00, 
    0x86, 0x00, 0x10, 0x00, 0x06, 0x00, 0x00, 0x00, 0x1f, 0x00, 0x04, 0x03, 
    0x3a, 0x00, 0x10, 0x00, 0x02, 0x00, 0x00, 0x00, 0x36, 0x00, 0x00, 0x05, 
    0x42, 0x00, 0x10, 0x00, 0x06, 0x00, 0x00, 0x00, 0x01, 0x40, 0x00, 0x00, 
    0x00, 0x00, 0x00, 0x00, 0x2d, 0x00, 0x00, 0x89, 0xc2, 0x00, 0x00, 0x80, 
    0x43, 0x55, 0x15, 0x00, 0xe2, 0x00, 0x10, 0x00, 0x04, 0x00, 0x00, 0x00, 
    0x46, 0x0a, 0x10, 0x00, 0x06, 0x00, 0x00, 0x00, 0x36, 0x79, 0x10, 0x00, 
    0x00, 0x00, 0x00, 0x00, 0x01, 0x00, 0x00, 0x0a, 0xe2, 0x00, 0x10, 0x00, 
    0x05, 0x00, 0x00, 0x00, 0x56, 0x0e, 0x10, 0x00, 0x04, 0x00, 0x00, 0x00, 
    0x02, 0x40, 0x00, 0x00, 0x00, 0x00, 0x00, 0x00, 0x00, 0x00, 0x80, 0x7f, 
    0x00, 0x00, 0x80, 0x7f, 0x00, 0x00, 0x80, 0x7f, 0x27, 0x00, 0x00, 0x0a, 
    0xe2, 0x00, 0x10, 0x00, 0x05, 0x00, 0x00, 0x00, 0x56, 0x0e, 0x10, 0x00, 
    0x05, 0x00, 0x00, 0x00, 0x02, 0x40, 0x00, 0x00, 0x00, 0x00, 0x00, 0x00, 
    0x00, 0x00, 0x80, 0x7f, 0x00, 0x00, 0x80, 0x7f, 0x00, 0x00, 0x80, 0x7f, 
    0x01, 0x00, 0x00, 0x07, 0x82, 0x00, 0x10, 0x00, 0x02, 0x00, 0x00, 0x00, 
    0x2a, 0x00, 0x10, 0x00, 0x05, 0x00, 0x00, 0x00, 0x1a, 0x00, 0x10, 0x00, 
    0x05, 0x00, 0x00, 0x00, 0x01, 0x00, 0x00, 0x07, 0x82, 0x00, 0x10, 0x00, 
    0x02, 0x00, 0x00, 0x00, 0x3a, 0x00, 0x10, 0x00, 0x05, 0x00, 0x00, 0x00, 
    0x3a, 0x00, 0x10, 0x00, 0x02, 0x00, 0x00, 0x00, 0x34, 0x00, 0x00, 0x0a, 
    0xe2, 0x00, 0x10, 0x00, 0x04, 0x00, 0x00, 0x00, 0x56, 0x0e, 0x10, 0x00, 
    0x04, 0x00, 0x00, 0x00, 0x02, 0x40, 0x00, 0x00, 0x00, 0x00, 0x00, 0x00, 
    0x00, 0x00, 0x00, 0x00, 0x00, 0x00, 0x00, 0x00, 0x00, 0x00, 0x00, 0x00, 
    0x33, 0x00, 0x00, 0x0a, 0xe2, 0x00, 0x10, 0x00, 0x04, 0x00, 0x00, 0x00, 
    0x56, 0x0e, 0x10, 0x00, 0x04, 0x00, 0x00, 0x00, 0x02, 0x40, 0x00, 0x00, 
    0x00, 0x00, 0x00, 0x00, 0x00, 0xe8, 0x7d, 0x47, 0x00, 0xe8, 0x7d, 0x47, 
    0x00, 0xe8, 0x7d, 0x47, 0x01, 0x00, 0x00, 0x07, 0xe2, 0x00, 0x10, 0x00, 
    0x04, 0x00, 0x00, 0x00, 0xf6, 0x0f, 0x10, 0x00, 0x02, 0x00, 0x00, 0x00, 
    0x56, 0x0e, 0x10, 0x00, 0x04, 0x00, 0x00, 0x00, 0x2d, 0x00, 0x00, 0x89, 
    0xc2, 0x00, 0x00, 0x80, 0x43, 0x55, 0x15, 0x00, 0xe2, 0x00, 0x10, 0x00, 
    0x05, 0x00, 0x00, 0x00, 0x46, 0x0a, 0x10, 0x00, 0x06, 0x00, 0x00, 0x00, 
    0x36, 0x79, 0x10, 0x00, 0x02, 0x00, 0x00, 0x00, 0x01, 0x00, 0x00, 0x0a, 
    0x72, 0x00, 0x10, 0x00, 0x07, 0x00, 0x00, 0x00, 0x96, 0x07, 0x10, 0x00, 
    0x05, 0x00, 0x00, 0x00, 0x02, 0x40, 0x00, 0x00, 0x00, 0x00, 0x80, 0x7f, 
    0x00, 0x00, 0x80, 0x7f, 0x00, 0x00, 0x80, 0x7f, 0x00, 0x00, 0x00, 0x00, 
    0x27, 0x00, 0x00, 0x0a, 0x72, 0x00, 0x10, 0x00, 0x07, 0x00, 0x00, 0x00, 
    0x46, 0x02, 0x10, 0x00, 0x07, 0x00, 0x00, 0x00, 0x02, 0x40, 0x00, 0x00, 
    0x00, 0x00, 0x80, 0x7f, 0x00, 0x00, 0x80, 0x7f, 0x00, 0x00, 0x80, 0x7f, 
    0x00, 0x00, 0x00, 0x00, 0x01, 0x00, 0x00, 0x07, 0x82, 0x00, 0x10, 0x00, 
    0x02, 0x00, 0x00, 0x00, 0x1a, 0x00, 0x10, 0x00, 0x07, 0x00, 0x00, 0x00, 
    0x0a, 0x00, 0x10, 0x00, 0x07, 0x00, 0x00, 0x00, 0x01, 0x00, 0x00, 0x07, 
    0x82, 0x00, 0x10, 0x00, 0x02, 0x00, 0x00, 0x00, 0x2a, 0x00, 0x10, 0x00, 
    0x07, 0x00, 0x00, 0x00, 0x3a, 0x00, 0x10, 0x00, 0x02, 0x00, 0x00, 0x00, 
    0x34, 0x00, 0x00, 0x0a, 0xe2, 0x00, 0x10, 0x00, 0x05, 0x00, 0x00, 0x00, 
    0x56, 0x0e, 0x10, 0x00, 0x05, 0x00, 0x00, 0x00, 0x02, 0x40, 0x00, 0x00, 
    0x00, 0x00, 0x00, 0x00, 0x00, 0x00, 0x00, 0x00, 0x00, 0x00, 0x00, 0x00, 
    0x00, 0x00, 0x00, 0x00, 0x33, 0x00, 0x00, 0x0a, 0xe2, 0x00, 0x10, 0x00, 
    0x05, 0x00, 0x00, 0x00, 0x56, 0x0e, 0x10, 0x00, 0x05, 0x00, 0x00, 0x00, 
    0x02, 0x40, 0x00, 0x00, 0x00, 0x00, 0x00, 0x00, 0x00, 0xe8, 0x7d, 0x47, 
    0x00, 0xe8, 0x7d, 0x47, 0x00, 0xe8, 0x7d, 0x47, 0x01, 0x00, 0x00, 0x07, 
    0xe2, 0x00, 0x10, 0x00, 0x05, 0x00, 0x00, 0x00, 0xf6, 0x0f, 0x10, 0x00, 
    0x02, 0x00, 0x00, 0x00, 0x56, 0x0e, 0x10, 0x00, 0x05, 0x00, 0x00, 0x00, 
    0x2d, 0x00, 0x00, 0x89, 0xc2, 0x00, 0x00, 0x80, 0x43, 0x55, 0x15, 0x00, 
    0x72, 0x00, 0x10, 0x00, 0x07, 0x00, 0x00, 0x00, 0x46, 0x0a, 0x10, 0x00, 
    0x06, 0x00, 0x00, 0x00, 0x46, 0x7e, 0x10, 0x00, 0x01, 0x00, 0x00, 0x00, 
    0x01, 0x00, 0x00, 0x0a, 0x72, 0x00, 0x10, 0x00, 0x08, 0x00, 0x00, 0x00, 
    0x46, 0x02, 0x10, 0x00, 0x07, 0x00, 0x00, 0x00, 0x02, 0x40, 0x00, 0x00, 
    0x00, 0x00, 0x80, 0x7f, 0x00, 0x00, 0x80, 0x7f, 0x00, 0x00, 0x80, 0x7f, 
    0x00, 0x00, 0x00, 0x00, 0x27, 0x00, 0x00, 0x0a, 0x72, 0x00, 0x10, 0x00, 
    0x08, 0x00, 0x00, 0x00, 0x46, 0x02, 0x10, 0x00, 0x08, 0x00, 0x00, 0x00, 
    0x02, 0x40, 0x00, 0x00, 0x00, 0x00, 0x80, 0x7f, 0x00, 0x00, 0x80, 0x7f, 
    0x00, 0x00, 0x80, 0x7f, 0x00, 0x00, 0x00, 0x00, 0x01, 0x00, 0x00, 0x07, 
    0x82, 0x00, 0x10, 0x00, 0x02, 0x00, 0x00, 0x00, 0x1a, 0x00, 0x10, 0x00, 
    0x08, 0x00, 0x00, 0x00, 0x0a, 0x00, 0x10, 0x00, 0x08, 0x00, 0x00, 0x00, 
    0x01, 0x00, 0x00, 0x07, 0x82, 0x00, 0x10, 0x00, 0x02, 0x00, 0x00, 0x00, 
    0x2a, 0x00, 0x10, 0x00, 0x08, 0x00, 0x00, 0x00, 0x3a, 0x00, 0x10, 0x00, 
    0x02, 0x00, 0x00, 0x00, 0x34, 0x00, 0x00, 0x0a, 0x72, 0x00, 0x10, 0x00, 
    0x07, 0x00, 0x00, 0x00, 0x46, 0x02, 0x10, 0x00, 0x07, 0x00, 0x00, 0x00, 
    0x02, 0x40, 0x00, 0x00, 0x00, 0x00, 0x00, 0x00, 0x00, 0x00, 0x00, 0x00, 
    0x00, 0x00, 0x00, 0x00, 0x00, 0x00, 0x00, 0x00, 0x33, 0x00, 0x00, 0x0a, 
    0x72, 0x00, 0x10, 0x00, 0x07, 0x00, 0x00, 0x00, 0x46, 0x02, 0x10, 0x00, 
    0x07, 0x00, 0x00, 0x00, 0x02, 0x40, 0x00, 0x00, 0x00, 0x00, 0x80, 0x40, 
    0x00, 0x00, 0x80, 0x40, 0x00, 0x00, 0x80, 0x40, 0x00, 0x00, 0x00, 0x00, 
    0x01, 0x00, 0x00, 0x07, 0x72, 0x00, 0x10, 0x00, 0x07, 0x00, 0x00, 0x00, 
    0xf6, 0x0f, 0x10, 0x00, 0x02, 0x00, 0x00, 0x00, 0x46, 0x02, 0x10, 0x00, 
    0x07, 0x00, 0x00, 0x00, 0x2d, 0x00, 0x00, 0x89, 0xc2, 0x00, 0x00, 0x80, 
    0x43, 0x55, 0x15, 0x00, 0x72, 0x00, 0x10, 0x00, 0x08, 0x00, 0x00, 0x00, 
    0x46, 0x0a, 0x10, 0x00, 0x06, 0x00, 0x00, 0x00, 0x46, 0x7e, 0x10, 0x00, 
    0x03, 0x00, 0x00, 0x00, 0x01, 0x00, 0x00, 0x0a, 0x72, 0x00, 0x10, 0x00, 
    0x09, 0x00, 0x00, 0x00, 0x46, 0x02, 0x10, 0x00, 0x08, 0x00, 0x00, 0x00, 
    0x02, 0x40, 0x00, 0x00, 0x00, 0x00, 0x80, 0x7f, 0x00, 0x00, 0x80, 0x7f, 
    0x00, 0x00, 0x80, 0x7f, 0x00, 0x00, 0x00, 0x00, 0x27, 0x00, 0x00, 0x0a, 
    0x72, 0x00, 0x10, 0x00, 0x09, 0x00, 0x00, 0x00, 0x46, 0x02, 0x10, 0x00, 
    0x09, 0x00, 0x00, 0x00, 0x02, 0x40, 0x00, 0x00, 0x00, 0x00, 0x80, 0x7f, 
    0x00, 0x00, 0x80, 0x7f, 0x00, 0x00, 0x80, 0x7f, 0x00, 0x00, 0x00, 0x00, 
    0x01, 0x00, 0x00, 0x07, 0x82, 0x00, 0x10, 0x00, 0x02, 0x00, 0x00, 0x00, 
    0x1a, 0x00, 0x10, 0x00, 0x09, 0x00, 0x00, 0x00, 0x0a, 0x00, 0x10, 0x00, 
    0x09, 0x00, 0x00, 0x00, 0x01, 0x00, 0x00, 0x07, 0x82, 0x00, 0x10, 0x00, 
    0x02, 0x00, 0x00, 0x00, 0x2a, 0x00, 0x10, 0x00, 0x09, 0x00, 0x00, 0x00, 
    0x3a, 0x00, 0x10, 0x00, 0x02, 0x00, 0x00, 0x00, 0x34, 0x00, 0x00, 0x0a, 
    0x72, 0x00, 0x10, 0x00, 0x08, 0x00, 0x00, 0x00, 0x46, 0x02, 0x10, 0x00, 
    0x08, 0x00, 0x00, 0x00, 0x02, 0x40, 0x00, 0x00, 0x00, 0x00, 0x00, 0x00, 
    0x00, 0x00, 0x00, 0x00, 0x00, 0x00, 0x00, 0x00, 0x00, 0x00, 0x00, 0x00, 
    0x33, 0x00, 0x00, 0x0a, 0x72, 0x00, 0x10, 0x00, 0x08, 0x00, 0x00, 0x00, 
    0x46, 0x02, 0x10, 0x00, 0x08, 0x00, 0x00, 0x00, 0x02, 0x40, 0x00, 0x00, 
    0x00, 0x00, 0x80, 0x40, 0x00, 0x00, 0x80, 0x40, 0x00, 0x00, 0x80, 0x40, 
    0x00, 0x00, 0x00, 0x00, 0x01, 0x00, 0x00, 0x07, 0x72, 0x00, 0x10, 0x00, 
    0x08, 0x00, 0x00, 0x00, 0xf6, 0x0f, 0x10, 0x00, 0x02, 0x00, 0x00, 0x00, 
    0x46, 0x02, 0x10, 0x00, 0x08, 0x00, 0x00, 0x00, 0x00, 0x00, 0x00, 0x07, 
    0x72, 0x00, 0x10, 0x00, 0x09, 0x00, 0x00, 0x00, 0x46, 0x02, 0x10, 0x00, 
    0x07, 0x00, 0x00, 0x00, 0x46, 0x02, 0x10, 0x00, 0x08, 0x00, 0x00, 0x00, 
    0x38, 0x00, 0x00, 0x07, 0xe2, 0x00, 0x10, 0x00, 0x05, 0x00, 0x00, 0x00, 
    0x56, 0x0e, 0x10, 0x00, 0x05, 0x00, 0x00, 0x00, 0x06, 0x09, 0x10, 0x00, 
    0x08, 0x00, 0x00, 0x00, 0x32, 0x00, 0x00, 0x09, 0xe2, 0x00, 0x10, 0x00, 
    0x04, 0x00, 0x00, 0x00, 0x56, 0x0e, 0x10, 0x00, 0x04, 0x00, 0x00, 0x00, 
    0x06, 0x09, 0x10, 0x00, 0x07, 0x00, 0x00, 0x00, 0x56, 0x0e, 0x10, 0x00, 
    0x05, 0x00, 0x00, 0x00, 0x12, 0x00, 0x00, 0x01, 0x36, 0x00, 0x00, 0x05, 
    0x82, 0x00, 0x10, 0x00, 0x06, 0x00, 0x00, 0x00, 0x01, 0x40, 0x00, 0x00, 
    0x00, 0x00, 0x00, 0x00, 0x2d, 0x00, 0x00, 0x89, 0xc2, 0x00, 0x00, 0x80, 
    0x43, 0x55, 0x15, 0x00, 0xe2, 0x00, 0x10, 0x00, 0x05, 0x00, 0x00, 0x00, 
    0x46, 0x0f, 0x10, 0x00, 0x06, 0x00, 0x00, 0x00, 0x36, 0x79, 0x10, 0x00, 
    0x01, 0x00, 0x00, 0x00, 0x01, 0x00, 0x00, 0x0a, 0x72, 0x00, 0x10, 0x00, 
    0x07, 0x00, 0x00, 0x00, 0x96, 0x07, 0x10, 0x00, 0x05, 0x00, 0x00, 0x00, 
    0x02, 0x40, 0x00, 0x00, 0x00, 0x00, 0x80, 0x7f, 0x00, 0x00, 0x80, 0x7f, 
    0x00, 0x00, 0x80, 0x7f, 0x00, 0x00, 0x00, 0x00, 0x27, 0x00, 0x00, 0x0a, 
    0x72, 0x00, 0x10, 0x00, 0x07, 0x00, 0x00, 0x00, 0x46, 0x02, 0x10, 0x00, 
    0x07, 0x00, 0x00, 0x00, 0x02, 0x40, 0x00, 0x00, 0x00, 0x00, 0x80, 0x7f, 
    0x00, 0x00, 0x80, 0x7f, 0x00, 0x00, 0x80, 0x7f, 0x00, 0x00, 0x00, 0x00, 
    0x01, 0x00, 0x00, 0x07, 0x82, 0x00, 0x10, 0x00, 0x02, 0x00, 0x00, 0x00, 
    0x1a, 0x00, 0x10, 0x00, 0x07, 0x00, 0x00, 0x00, 0x0a, 0x00, 0x10, 0x00, 
    0x07, 0x00, 0x00, 0x00, 0x01, 0x00, 0x00, 0x07, 0x82, 0x00, 0x10, 0x00, 
    0x02, 0x00, 0x00, 0x00, 0x2a, 0x00, 0x10, 0x00, 0x07, 0x00, 0x00, 0x00, 
    0x3a, 0x00, 0x10, 0x00, 0x02, 0x00, 0x00, 0x00, 0x34, 0x00, 0x00, 0x0a, 
    0xe2, 0x00, 0x10, 0x00, 0x05, 0x00, 0x00, 0x00, 0x56, 0x0e, 0x10, 0x00, 
    0x05, 0x00, 0x00, 0x00, 0x02, 0x40, 0x00, 0x00, 0x00, 0x00, 0x00, 0x00, 
    0x00, 0x00, 0x00, 0x00, 0x00, 0x00, 0x00, 0x00, 0x00, 0x00, 0x00, 0x00, 
    0x33, 0x00, 0x00, 0x0a, 0xe2, 0x00, 0x10, 0x00, 0x05, 0x00, 0x00, 0x00, 
    0x56, 0x0e, 0x10, 0x00, 0x05, 0x00, 0x00, 0x00, 0x02, 0x40, 0x00, 0x00, 
    0x00, 0x00, 0x00, 0x00, 0x00, 0x00, 0x80, 0x40, 0x00, 0x00, 0x80, 0x40, 
    0x00, 0x00, 0x80, 0x40, 0x01, 0x00, 0x00, 0x07, 0x72, 0x00, 0x10, 0x00, 
    0x09, 0x00, 0x00, 0x00, 0xf6, 0x0f, 0x10, 0x00, 0x02, 0x00, 0x00, 0x00, 
    0x96, 0x07, 0x10, 0x00, 0x05, 0x00, 0x00, 0x00, 0x2d, 0x00, 0x00, 0x89, 
    0xc2, 0x00, 0x00, 0x80, 0x43, 0x55, 0x15, 0x00, 0xe2, 0x00, 0x10, 0x00, 
    0x05, 0x00, 0x00, 0x00, 0x46, 0x0f, 0x10, 0x00, 0x06, 0x00, 0x00, 0x00, 
    0x36, 0x79, 0x10, 0x00, 0x00, 0x00, 0x00, 0x00, 0x01, 0x00, 0x00, 0x0a, 
    0x72, 0x00, 0x10, 0x00, 0x07, 0x00, 0x00, 0x00, 0x96, 0x07, 0x10, 0x00, 
    0x05, 0x00, 0x00, 0x00, 0x02, 0x40, 0x00, 0x00, 0x00, 0x00, 0x80, 0x7f, 
    0x00, 0x00, 0x80, 0x7f, 0x00, 0x00, 0x80, 0x7f, 0x00, 0x00, 0x00, 0x00, 
    0x27, 0x00, 0x00, 0x0a, 0x72, 0x00, 0x10, 0x00, 0x07, 0x00, 0x00, 0x00, 
    0x46, 0x02, 0x10, 0x00, 0x07, 0x00, 0x00, 0x00, 0x02, 0x40, 0x00, 0x00, 
    0x00, 0x00, 0x80, 0x7f, 0x00, 0x00, 0x80, 0x7f, 0x00, 0x00, 0x80, 0x7f, 
    0x00, 0x00, 0x00, 0x00, 0x01, 0x00, 0x00, 0x07, 0x82, 0x00, 0x10, 0x00, 
    0x02, 0x00, 0x00, 0x00, 0x1a, 0x00, 0x10, 0x00, 0x07, 0x00, 0x00, 0x00, 
    0x0a, 0x00, 0x10, 0x00, 0x07, 0x00, 0x00, 0x00, 0x01, 0x00, 0x00, 0x07, 
    0x82, 0x00, 0x10, 0x00, 0x02, 0x00, 0x00, 0x00, 0x2a, 0x00, 0x10, 0x00, 
    0x07, 0x00, 0x00, 0x00, 0x3a, 0x00, 0x10, 0x00, 0x02, 0x00, 0x00, 0x00, 
    0x34, 0x00, 0x00, 0x0a, 0xe2, 0x00, 0x10, 0x00, 0x05, 0x00, 0x00, 0x00, 
    0x56, 0x0e, 0x10, 0x00, 0x05, 0x00, 0x00, 0x00, 0x02, 0x40, 0x00, 0x00, 
    0x00, 0x00, 0x00, 0x00, 0x00, 0x00, 0x00, 0x00, 0x00, 0x00, 0x00, 0x00, 
    0x00, 0x00, 0x00, 0x00, 0x33, 0x00, 0x00, 0x0a, 0xe2, 0x00, 0x10, 0x00, 
    0x05, 0x00, 0x00, 0x00, 0x56, 0x0e, 0x10, 0x00, 0x05, 0x00, 0x00, 0x00, 
    0x02, 0x40, 0x00, 0x00, 0x00, 0x00, 0x00, 0x00, 0x00, 0xe8, 0x7d, 0x47, 
    0x00, 0xe8, 0x7d, 0x47, 0x00, 0xe8, 0x7d, 0x47, 0x01, 0x00, 0x00, 0x07, 
    0xe2, 0x00, 0x10, 0x00, 0x05, 0x00, 0x00, 0x00, 0xf6, 0x0f, 0x10, 0x00, 
    0x02, 0x00, 0x00, 0x00, 0x56, 0x0e, 0x10, 0x00, 0x05, 0x00, 0x00, 0x00, 
    0x38, 0x00, 0x00, 0x07, 0xe2, 0x00, 0x10, 0x00, 0x04, 0x00, 0x00, 0x00, 
    0x06, 0x09, 0x10, 0x00, 0x09, 0x00, 0x00, 0x00, 0x56, 0x0e, 0x10, 0x00, 
    0x05, 0x00, 0x00, 0x00, 0x15, 0x00, 0x00, 0x01, 0x36, 0x00, 0x00, 0x08, 
    0xc2, 0x00, 0x10, 0x00, 0x06, 0x00, 0x00, 0x00, 0x02, 0x40, 0x00, 0x00, 
    0x00, 0x00, 0x00, 0x00, 0x00, 0x00, 0x00, 0x00, 0x00, 0x00, 0x00, 0x00, 
    0x00, 0x00, 0x00, 0x00, 0x2d, 0x00, 0x00, 0x89, 0xc2, 0x00, 0x00, 0x80, 
    0x43, 0x55, 0x15, 0x00, 0xe2, 0x00, 0x10, 0x00, 0x05, 0x00, 0x00, 0x00, 
    0x46, 0x0f, 0x10, 0x00, 0x06, 0x00, 0x00, 0x00, 0x36, 0x79, 0x10, 0x00, 
    0x04, 0x00, 0x00, 0x00, 0x01, 0x00, 0x00, 0x0a, 0x72, 0x00, 0x10, 0x00, 
    0x07, 0x00, 0x00, 0x00, 0x96, 0x07, 0x10, 0x00, 0x05, 0x00, 0x00, 0x00, 
    0x02, 0x40, 0x00, 0x00, 0x00, 0x00, 0x80, 0x7f, 0x00, 0x00, 0x80, 0x7f, 
    0x00, 0x00, 0x80, 0x7f, 0x00, 0x00, 0x00, 0x00, 0x27, 0x00, 0x00, 0x0a, 
    0x72, 0x00, 0x10, 0x00, 0x07, 0x00, 0x00, 0x00, 0x46, 0x02, 0x10, 0x00, 
    0x07, 0x00, 0x00, 0x00, 0x02, 0x40, 0x00, 0x00, 0x00, 0x00, 0x80, 0x7f, 
    0x00, 0x00, 0x80, 0x7f, 0x00, 0x00, 0x80, 0x7f, 0x00, 0x00, 0x00, 0x00, 
    0x01, 0x00, 0x00, 0x07, 0x82, 0x00, 0x10, 0x00, 0x02, 0x00, 0x00, 0x00, 
    0x1a, 0x00, 0x10, 0x00, 0x07, 0x00, 0x00, 0x00, 0x0a, 0x00, 0x10, 0x00, 
    0x07, 0x00, 0x00, 0x00, 0x01, 0x00, 0x00, 0x07, 0x82, 0x00, 0x10, 0x00, 
    0x02, 0x00, 0x00, 0x00, 0x2a, 0x00, 0x10, 0x00, 0x07, 0x00, 0x00, 0x00, 
    0x3a, 0x00, 0x10, 0x00, 0x02, 0x00, 0x00, 0x00, 0x34, 0x00, 0x00, 0x0a, 
    0xe2, 0x00, 0x10, 0x00, 0x05, 0x00, 0x00, 0x00, 0x56, 0x0e, 0x10, 0x00, 
    0x05, 0x00, 0x00, 0x00, 0x02, 0x40, 0x00, 0x00, 0x00, 0x00, 0x00, 0x00, 
    0x00, 0x00, 0x00, 0x00, 0x00, 0x00, 0x00, 0x00, 0x00, 0x00, 0x00, 0x00, 
    0x33, 0x00, 0x00, 0x0a, 0xe2, 0x00, 0x10, 0x00, 0x05, 0x00, 0x00, 0x00, 
    0x56, 0x0e, 0x10, 0x00, 0x05, 0x00, 0x00, 0x00, 0x02, 0x40, 0x00, 0x00, 
    0x00, 0x00, 0x00, 0x00, 0x00, 0xe8, 0x7d, 0x47, 0x00, 0xe8, 0x7d, 0x47, 
    0x00, 0xe8, 0x7d, 0x47, 0x01, 0x00, 0x00, 0x07, 0xe2, 0x00, 0x10, 0x00, 
    0x05, 0x00, 0x00, 0x00, 0xf6, 0x0f, 0x10, 0x00, 0x02, 0x00, 0x00, 0x00, 
    0x56, 0x0e, 0x10, 0x00, 0x05, 0x00, 0x00, 0x00, 0x00, 0x00, 0x00, 0x07, 
    0xe2, 0x00, 0x10, 0x00, 0x04, 0x00, 0x00, 0x00, 0x56, 0x0e, 0x10, 0x00, 
    0x04, 0x00, 0x00, 0x00, 0x56, 0x0e, 0x10, 0x00, 0x05, 0x00, 0x00, 0x00, 
    0x33, 0x00, 0x00, 0x0a, 0x72, 0x00, 0x10, 0x00, 0x07, 0x00, 0x00, 0x00, 
    0x96, 0x07, 0x10, 0x00, 0x04, 0x00, 0x00, 0x00, 0x02, 0x40, 0x00, 0x00, 
    0x00, 0xe8, 0x7d, 0x47, 0x00, 0xe8, 0x7d, 0x47, 0x00, 0xe8, 0x7d, 0x47, 
    0x00, 0x00, 0x00, 0x00, 0x2d, 0x00, 0x00, 0x89, 0xc2, 0x00, 0x00, 0x80, 
    0x43, 0x55, 0x15, 0x00, 0xe2, 0x00, 0x10, 0x00, 0x04, 0x00, 0x00, 0x00, 
    0x46, 0x0e, 0x10, 0x00, 0x06, 0x00, 0x00, 0x00, 0x36, 0x79, 0x10, 0x00, 
    0x05, 0x00, 0x00, 0x00, 0x01, 0x00, 0x00, 0x0a, 0xe2, 0x00, 0x10, 0x00, 
    0x05, 0x00, 0x00, 0x00, 0x56, 0x0e, 0x10, 0x00, 0x04, 0x00, 0x00, 0x00, 
    0x02, 0x40, 0x00, 0x00, 0x00, 0x00, 0x00, 0x00, 0x00, 0x00, 0x80, 0x7f, 
    0x00, 0x00, 0x80, 0x7f, 0x00, 0x00, 0x80, 0x7f, 0x27, 0x00, 0x00, 0x0a, 
    0xe2, 0x00, 0x10, 0x00, 0x05, 0x00, 0x00, 0x00, 0x56, 0x0e, 0x10, 0x00, 
    0x05, 0x00, 0x00, 0x00, 0x02, 0x40, 0x00, 0x00, 0x00, 0x00, 0x00, 0x00, 
    0x00, 0x00, 0x80, 0x7f, 0x00, 0x00, 0x80, 0x7f, 0x00, 0x00, 0x80, 0x7f, 
    0x01, 0x00, 0x00, 0x07, 0x82, 0x00, 0x10, 0x00, 0x02, 0x00, 0x00, 0x00, 
    0x2a, 0x00, 0x10, 0x00, 0x05, 0x00, 0x00, 0x00, 0x1a, 0x00, 0x10, 0x00, 
    0x05, 0x00, 0x00, 0x00, 0x01, 0x00, 0x00, 0x07, 0x82, 0x00, 0x10, 0x00, 
    0x02, 0x00, 0x00, 0x00, 0x3a, 0x00, 0x10, 0x00, 0x05, 0x00, 0x00, 0x00, 
    0x3a, 0x00, 0x10, 0x00, 0x02, 0x00, 0x00, 0x00, 0x34, 0x00, 0x00, 0x0a, 
    0xe2, 0x00, 0x10, 0x00, 0x04, 0x00, 0x00, 0x00, 0x56, 0x0e, 0x10, 0x00, 
    0x04, 0x00, 0x00, 0x00, 0x02, 0x40, 0x00, 0x00, 0x00, 0x00, 0x00, 0x00, 
    0x00, 0x00, 0x00, 0x00, 0x00, 0x00, 0x00, 0x00, 0x00, 0x00, 0x00, 0x00, 
    0x33, 0x00, 0x00, 0x0a, 0xe2, 0x00, 0x10, 0x00, 0x04, 0x00, 0x00, 0x00, 
    0x56, 0x0e, 0x10, 0x00, 0x04, 0x00, 0x00, 0x00, 0x02, 0x40, 0x00, 0x00, 
    0x00, 0x00, 0x00, 0x00, 0x00, 0xe8, 0x7d, 0x47, 0x00, 0xe8, 0x7d, 0x47, 
    0x00, 0xe8, 0x7d, 0x47, 0x01, 0x00, 0x00, 0x07, 0x72, 0x00, 0x10, 0x00, 
    0x06, 0x00, 0x00, 0x00, 0xf6, 0x0f, 0x10, 0x00, 0x02, 0x00, 0x00, 0x00, 
    0x96, 0x07, 0x10, 0x00, 0x04, 0x00, 0x00, 0x00, 0x34, 0x00, 0x00, 0x0a, 
    0xe2, 0x00, 0x10, 0x00, 0x04, 0x00, 0x00, 0x00, 0x06, 0x09, 0x10, 0x00, 
    0x09, 0x00, 0x00, 0x00, 0x02, 0x40, 0x00, 0x00, 0x00, 0x00, 0x00, 0x00, 
    0x6f, 0x12, 0x83, 0x3a, 0x6f, 0x12, 0x83, 0x3a, 0x6f, 0x12, 0x83, 0x3a, 
    0x81, 0x00, 0x00, 0x05, 0xe2, 0x00, 0x10, 0x00, 0x04, 0x00, 0x00, 0x00, 
    0x56, 0x0e, 0x10, 0x00, 0x04, 0x00, 0x00, 0x00, 0x38, 0x00, 0x00, 0x07, 
    0xe2, 0x00, 0x10, 0x00, 0x05, 0x00, 0x00, 0x00, 0x56, 0x0e, 0x10, 0x00, 
    0x04, 0x00, 0x00, 0x00, 0x06, 0x09, 0x10, 0x00, 0x06, 0x00, 0x00, 0x00, 
    0x33, 0x00, 0x00, 0x0a, 0xe2, 0x00, 0x10, 0x00, 0x05, 0x00, 0x00, 0x00, 
    0x56, 0x0e, 0x10, 0x00, 0x05, 0x00, 0x00, 0x00, 0x02, 0x40, 0x00, 0x00, 
    0x00, 0x00, 0x00, 0x00, 0x00, 0xe8, 0x7d, 0x47, 0x00, 0xe8, 0x7d, 0x47, 
    0x00, 0xe8, 0x7d, 0x47, 0x10, 0x00, 0x00, 0x0a, 0x82, 0x00, 0x10, 0x00, 
    0x06, 0x00, 0x00, 0x00, 0x96, 0x07, 0x10, 0x00, 0x05, 0x00, 0x00, 0x00, 
    0x02, 0x40, 0x00, 0x00, 0xd0, 0xb3, 0x59, 0x3e, 0x59, 0x17, 0x37, 0x3f, 
    0x98, 0xdd, 0x93, 0x3d, 0x00, 0x00, 0x00, 0x00, 0x38, 0x00, 0x00, 0x07, 
    0xe2, 0x00, 0x10, 0x00, 0x04, 0x00, 0x00, 0x00, 0x56, 0x0e, 0x10, 0x00, 
    0x04, 0x00, 0x00, 0x00, 0x06, 0x09, 0x10, 0x00, 0x07, 0x00, 0x00, 0x00, 
    0x33, 0x00, 0x00, 0x0a, 0xe2, 0x00, 0x10, 0x00, 0x04, 0x00, 0x00, 0x00, 
    0x56, 0x0e, 0x10, 0x00, 0x04, 0x00, 0x00, 0x00, 0x02, 0x40, 0x00, 0x00, 
    0x00, 0x00, 0x00, 0x00, 0x00, 0xe8, 0x7d, 0x47, 0x00, 0xe8, 0x7d, 0x47, 
    0x00, 0xe8, 0x7d, 0x47, 0x10, 0x00, 0x00, 0x0a, 0x82, 0x00, 0x10, 0x00, 
    0x07, 0x00, 0x00, 0x00, 0x96, 0x07, 0x10, 0x00, 0x04, 0x00, 0x00, 0x00, 
    0x02, 0x40, 0x00, 0x00, 0xd0, 0xb3, 0x59, 0x3e, 0x59, 0x17, 0x37, 0x3f, 
    0x98, 0xdd, 0x93, 0x3d, 0x00, 0x00, 0x00, 0x00, 0x29, 0x00, 0x00, 0x07, 
    0x82, 0x00, 0x10, 0x00, 0x02, 0x00, 0x00, 0x00, 0x0a, 0x00, 0x10, 0x00, 
    0x04, 0x00, 0x00, 0x00, 0x01, 0x40, 0x00, 0x00, 0x04, 0x00, 0x00, 0x00, 
    0xa8, 0x00, 0x00, 0x09, 0xf2, 0xf0, 0x11, 0x00, 0x00, 0x00, 0x00, 0x00, 
    0x0a, 0x00, 0x10, 0x00, 0x05, 0x00, 0x00, 0x00, 0x3a, 0x00, 0x10, 0x00, 
    0x02, 0x00, 0x00, 0x00, 0x46, 0x0e, 0x10, 0x00, 0x06, 0x00, 0x00, 0x00, 
    0xa8, 0x00, 0x00, 0x09, 0xf2, 0xf0, 0x11, 0x00, 0x01, 0x00, 0x00, 0x00, 
    0x0a, 0x00, 0x10, 0x00, 0x05, 0x00, 0x00, 0x00, 0x3a, 0x00, 0x10, 0x00, 
    0x02, 0x00, 0x00, 0x00, 0x46, 0x0e, 0x10, 0x00, 0x07, 0x00, 0x00, 0x00, 
    0x15, 0x00, 0x00, 0x01, 0x1e, 0x00, 0x00, 0x07, 0x42, 0x00, 0x10, 0x00, 
    0x02, 0x00, 0x00, 0x00, 0x2a, 0x00, 0x10, 0x00, 0x02, 0x00, 0x00, 0x00, 
    0x01, 0x40, 0x00, 0x00, 0x80, 0x00, 0x00, 0x00, 0x4f, 0x00, 0x00, 0x07, 
    0x82, 0x00, 0x10, 0x00, 0x02, 0x00, 0x00, 0x00, 0x2a, 0x00, 0x10, 0x00, 
    0x02, 0x00, 0x00, 0x00, 0x01, 0x40, 0x00, 0x00, 0x90, 0x00, 0x00, 0x00, 
    0x1f, 0x00, 0x04, 0x03, 0x3a, 0x00, 0x10, 0x00, 0x02, 0x00, 0x00, 0x00, 
    0x1f, 0x00, 0x00, 0x03, 0x1a, 0x00, 0x10, 0x00, 0x02, 0x00, 0x00, 0x00, 
    0x4e, 0x00, 0x00, 0x09, 0x12, 0x00, 0x10, 0x00, 0x04, 0x00, 0x00, 0x00, 
    0x12, 0x00, 0x10, 0x00, 0x05, 0x00, 0x00, 0x00, 0x2a, 0x00, 0x10, 0x00, 
    0x02, 0x00, 0x00, 0x00, 0x01, 0x40, 0x00, 0x00, 0x0c, 0x00, 0x00, 0x00, 
    0x36, 0x00, 0x00, 0x05, 0x22, 0x00, 0x10, 0x00, 0x04, 0x00, 0x00, 0x00, 
    0x0a, 0x00, 0x10, 0x00, 0x05, 0x00, 0x00, 0x00, 0x36, 0x00, 0x00, 0x05, 
    0x42, 0x00, 0x10, 0x00, 0x04, 0x00, 0x00, 0x00, 0x0a, 0x00, 0x10, 0x00, 
    0x04, 0x00, 0x00, 0x00, 0x1e, 0x00, 0x00, 0x07, 0x62, 0x00, 0x10, 0x00, 
    0x06, 0x00, 0x00, 0x00, 0x06, 0x01, 0x10, 0x00, 0x00, 0x00, 0x00, 0x00, 
    0x56, 0x06, 0x10, 0x00, 0x04, 0x00, 0x00, 0x00, 0x24, 0x00, 0x00, 0x07, 
    0x12, 0x00, 0x10, 0x00, 0x06, 0x00, 0x00, 0x00, 0x1a, 0x00, 0x10, 0x00, 
    0x06, 0x00, 0x00, 0x00, 0x01, 0x40, 0x00, 0x00, 0x00, 0x00, 0x00, 0x00, 
    0x25, 0x00, 0x00, 0x07, 0x32, 0x00, 0x10, 0x00, 0x03, 0x00, 0x00, 0x00, 
    0x46, 0x00, 0x10, 0x00, 0x03, 0x00, 0x00, 0x00, 0x86, 0x00, 0x10, 0x00, 
    0x06, 0x00, 0x00, 0x00, 0x01, 0x00, 0x00, 0x08, 0x12, 0x00, 0x10, 0x00, 
    0x00, 0x00, 0x00, 0x00, 0x1a, 0x80, 0x20, 0x00, 0x00, 0x00, 0x00, 0x00, 
    0x01, 0x00, 0x00, 0x00, 0x01, 0x40, 0x00, 0x00, 0x04, 0x00, 0x00, 0x00, 
    0x20, 0x00, 0x00, 0x07, 0x12, 0x00, 0x10, 0x00, 0x00, 0x00, 0x00, 0x00, 
    0x0a, 0x00, 0x10, 0x00, 0x00, 0x00, 0x00, 0x00, 0x01, 0x40, 0x00, 0x00, 
    0x04, 0x00, 0x00, 0x00, 0x1f, 0x00, 0x04, 0x03, 0x0a, 0x00, 0x10, 0x00, 
    0x00, 0x00, 0x00, 0x00, 0x36, 0x00, 0x00, 0x05, 0x42, 0x00, 0x10, 0x00, 
    0x03, 0x00, 0x00, 0x00, 0x01, 0x40, 0x00, 0x00, 0x00, 0x00, 0x00, 0x00, 
    0x2d, 0x00, 0x00, 0x89, 0xc2, 0x00, 0x00, 0x80, 0x43, 0x55, 0x15, 0x00, 
    0xe2, 0x00, 0x10, 0x00, 0x04, 0x00, 0x00, 0x00, 0x46, 0x0a, 0x10, 0x00, 
    0x03, 0x00, 0x00, 0x00, 0x36, 0x79, 0x10, 0x00, 0x00, 0x00, 0x00, 0x00, 
    0x01, 0x00, 0x00, 0x0a, 0xe2, 0x00, 0x10, 0x00, 0x05, 0x00, 0x00, 0x00, 
    0x56, 0x0e, 0x10, 0x00, 0x04, 0x00, 0x00, 0x00, 0x02, 0x40, 0x00, 0x00, 
    0x00, 0x00, 0x00, 0x00, 0x00, 0x00, 0x80, 0x7f, 0x00, 0x00, 0x80, 0x7f, 
    0x00, 0x00, 0x80, 0x7f, 0x27, 0x00, 0x00, 0x0a, 0xe2, 0x00, 0x10, 0x00, 
    0x05, 0x00, 0x00, 0x00, 0x56, 0x0e, 0x10, 0x00, 0x05, 0x00, 0x00, 0x00, 
    0x02, 0x40, 0x00, 0x00, 0x00, 0x00, 0x00, 0x00, 0x00, 0x00, 0x80, 0x7f, 
    0x00, 0x00, 0x80, 0x7f, 0x00, 0x00, 0x80, 0x7f, 0x01, 0x00, 0x00, 0x07, 
    0x12, 0x00, 0x10, 0x00, 0x00, 0x00, 0x00, 0x00, 0x2a, 0x00, 0x10, 0x00, 
    0x05, 0x00, 0x00, 0x00, 0x1a, 0x00, 0x10, 0x00, 0x05, 0x00, 0x00, 0x00, 
    0x01, 0x00, 0x00, 0x07, 0x12, 0x00, 0x10, 0x00, 0x00, 0x00, 0x00, 0x00, 
    0x3a, 0x00, 0x10, 0x00, 0x05, 0x00, 0x00, 0x00, 0x0a, 0x00, 0x10, 0x00, 
    0x00, 0x00, 0x00, 0x00, 0x34, 0x00, 0x00, 0x0a, 0xe2, 0x00, 0x10, 0x00, 
    0x04, 0x00, 0x00, 0x00, 0x56, 0x0e, 0x10, 0x00, 0x04, 0x00, 0x00, 0x00, 
    0x02, 0x40, 0x00, 0x00, 0x00, 0x00, 0x00, 0x00, 0x00, 0x00, 0x00, 0x00, 
    0x00, 0x00, 0x00, 0x00, 0x00, 0x00, 0x00, 0x00, 0x33, 0x00, 0x00, 0x0a, 
    0xe2, 0x00, 0x10, 0x00, 0x04, 0x00, 0x00, 0x00, 0x56, 0x0e, 0x10, 0x00, 
    0x04, 0x00, 0x00, 0x00, 0x02, 0x40, 0x00, 0x00, 0x00, 0x00, 0x00, 0x00, 
    0x00, 0xe8, 0x7d, 0x47, 0x00, 0xe8, 0x7d, 0x47, 0x00, 0xe8, 0x7d, 0x47, 
    0x01, 0x00, 0x00, 0x07, 0xe2, 0x00, 0x10, 0x00, 0x04, 0x00, 0x00, 0x00, 
    0x06, 0x00, 0x10, 0x00, 0x00, 0x00, 0x00, 0x00, 0x56, 0x0e, 0x10, 0x00, 
    0x04, 0x00, 0x00, 0x00, 0x2d, 0x00, 0x00, 0x89, 0xc2, 0x00, 0x00, 0x80, 
    0x43, 0x55, 0x15, 0x00, 0xe2, 0x00, 0x10, 0x00, 0x05, 0x00, 0x00, 0x00, 
    0x46, 0x0a, 0x10, 0x00, 0x03, 0x00, 0x00, 0x00, 0x36, 0x79, 0x10, 0x00, 
    0x02, 0x00, 0x00, 0x00, 0x01, 0x00, 0x00, 0x0a, 0x72, 0x00, 0x10, 0x00, 
    0x06, 0x00, 0x00, 0x00, 0x96, 0x07, 0x10, 0x00, 0x05, 0x00, 0x00, 0x00, 
    0x02, 0x40, 0x00, 0x00, 0x00, 0x00, 0x80, 0x7f, 0x00, 0x00, 0x80, 0x7f, 
    0x00, 0x00, 0x80, 0x7f, 0x00, 0x00, 0x00, 0x00, 0x27, 0x00, 0x00, 0x0a, 
    0x72, 0x00, 0x10, 0x00, 0x06, 0x00, 0x00, 0x00, 0x46, 0x02, 0x10, 0x00, 
    0x06, 0x00, 0x00, 0x00, 0x02, 0x40, 0x00, 0x00, 0x00, 0x00, 0x80, 0x7f, 
    0x00, 0x00, 0x80, 0x7f, 0x00, 0x00, 0x80, 0x7f, 0x00, 0x00, 0x00, 0x00, 
    0x01, 0x00, 0x00, 0x07, 0x12, 0x00, 0x10, 0x00, 0x00, 0x00, 0x00, 0x00, 
    0x1a, 0x00, 0x10, 0x00, 0x06, 0x00, 0x00, 0x00, 0x0a, 0x00, 0x10, 0x00, 
    0x06, 0x00, 0x00, 0x00, 0x01, 0x00, 0x00, 0x07, 0x12, 0x00, 0x10, 0x00, 
    0x00, 0x00, 0x00, 0x00, 0x2a, 0x00, 0x10, 0x00, 0x06, 0x00, 0x00, 0x00, 
    0x0a, 0x00, 0x10, 0x00, 0x00, 0x00, 0x00, 0x00, 0x34, 0x00, 0x00, 0x0a, 
    0xe2, 0x00, 0x10, 0x00, 0x05, 0x00, 0x00, 0x00, 0x56, 0x0e, 0x10, 0x00, 
    0x05, 0x00, 0x00, 0x00, 0x02, 0x40, 0x00, 0x00, 0x00, 0x00, 0x00, 0x00, 
    0x00, 0x00, 0x00, 0x00, 0x00, 0x00, 0x00, 0x00, 0x00, 0x00, 0x00, 0x00, 
    0x33, 0x00, 0x00, 0x0a, 0xe2, 0x00, 0x10, 0x00, 0x05, 0x00, 0x00, 0x00, 
    0x56, 0x0e, 0x10, 0x00, 0x05, 0x00, 0x00, 0x00, 0x02, 0x40, 0x00, 0x00, 
    0x00, 0x00, 0x00, 0x00, 0x00, 0xe8, 0x7d, 0x47, 0x00, 0xe8, 0x7d, 0x47, 
    0x00, 0xe8, 0x7d, 0x47, 0x01, 0x00, 0x00, 0x07, 0xe2, 0x00, 0x10, 0x00, 
    0x05, 0x00, 0x00, 0x00, 0x06, 0x00, 0x10, 0x00, 0x00, 0x00, 0x00, 0x00, 
    0x56, 0x0e, 0x10, 0x00, 0x05, 0x00, 0x00, 0x00, 0x2d, 0x00, 0x00, 0x89, 
    0xc2, 0x00, 0x00, 0x80, 0x43, 0x55, 0x15, 0x00, 0x72, 0x00, 0x10, 0x00, 
    0x06, 0x00, 0x00, 0x00, 0x46, 0x0a, 0x10, 0x00, 0x03, 0x00, 0x00, 0x00, 
    0x46, 0x7e, 0x10, 0x00, 0x01, 0x00, 0x00, 0x00, 0x01, 0x00, 0x00, 0x0a, 
    0x72, 0x00, 0x10, 0x00, 0x07, 0x00, 0x00, 0x00, 0x46, 0x02, 0x10, 0x00, 
    0x06, 0x00, 0x00, 0x00, 0x02, 0x40, 0x00, 0x00, 0x00, 0x00, 0x80, 0x7f, 
    0x00, 0x00, 0x80, 0x7f, 0x00, 0x00, 0x80, 0x7f, 0x00, 0x00, 0x00, 0x00, 
    0x27, 0x00, 0x00, 0x0a, 0x72, 0x00, 0x10, 0x00, 0x07, 0x00, 0x00, 0x00, 
    0x46, 0x02, 0x10, 0x00, 0x07, 0x00, 0x00, 0x00, 0x02, 0x40, 0x00, 0x00, 
    0x00, 0x00, 0x80, 0x7f, 0x00, 0x00, 0x80, 0x7f, 0x00, 0x00, 0x80, 0x7f, 
    0x00, 0x00, 0x00, 0x00, 0x01, 0x00, 0x00, 0x07, 0x12, 0x00, 0x10, 0x00, 
    0x00, 0x00, 0x00, 0x00, 0x1a, 0x00, 0x10, 0x00, 0x07, 0x00, 0x00, 0x00, 
    0x0a, 0x00, 0x10, 0x00, 0x07, 0x00, 0x00, 0x00, 0x01, 0x00, 0x00, 0x07, 
    0x12, 0x00, 0x10, 0x00, 0x00, 0x00, 0x00, 0x00, 0x2a, 0x00, 0x10, 0x00, 
    0x07, 0x00, 0x00, 0x00, 0x0a, 0x00, 0x10, 0x00, 0x00, 0x00, 0x00, 0x00, 
    0x34, 0x00, 0x00, 0x0a, 0x72, 0x00, 0x10, 0x00, 0x06, 0x00, 0x00, 0x00, 
    0x46, 0x02, 0x10, 0x00, 0x06, 0x00, 0x00, 0x00, 0x02, 0x40, 0x00, 0x00, 
    0x00, 0x00, 0x00, 0x00, 0x00, 0x00, 0x00, 0x00, 0x00, 0x00, 0x00, 0x00, 
    0x00, 0x00, 0x00, 0x00, 0x33, 0x00, 0x00, 0x0a, 0x72, 0x00, 0x10, 0x00, 
    0x06, 0x00, 0x00, 0x00, 0x46, 0x02, 0x10, 0x00, 0x06, 0x00, 0x00, 0x00, 
    0x02, 0x40, 0x00, 0x00, 0x00, 0x00, 0x80, 0x40, 0x00, 0x00, 0x80, 0x40, 
    0x00, 0x00, 0x80, 0x40, 0x00, 0x00, 0x00, 0x00, 0x01, 0x00, 0x00, 0x07, 
    0x72, 0x00, 0x10, 0x00, 0x06, 0x00, 0x00, 0x00, 0x06, 0x00, 0x10, 0x00, 
    0x00, 0x00, 0x00, 0x00, 0x46, 0x02, 0x10, 0x00, 0x06, 0x00, 0x00, 0x00, 
    0x2d, 0x00, 0x00, 0x89, 0xc2, 0x00, 0x00, 0x80, 0x43, 0x55, 0x15, 0x00, 
    0x72, 0x00, 0x10, 0x00, 0x07, 0x00, 0x00, 0x00, 0x46, 0x0a, 0x10, 0x00, 
    0x03, 0x00, 0x00, 0x00, 0x46, 0x7e, 0x10, 0x00, 0x03, 0x00, 0x00, 0x00, 
    0x01, 0x00, 0x00, 0x0a, 0x72, 0x00, 0x10, 0x00, 0x08, 0x00, 0x00, 0x00, 
    0x46, 0x02, 0x10, 0x00, 0x07, 0x00, 0x00, 0x00, 0x02, 0x40, 0x00, 0x00, 
    0x00, 0x00, 0x80, 0x7f, 0x00, 0x00, 0x80, 0x7f, 0x00, 0x00, 0x80, 0x7f, 
    0x00, 0x00, 0x00, 0x00, 0x27, 0x00, 0x00, 0x0a, 0x72, 0x00, 0x10, 0x00, 
    0x08, 0x00, 0x00, 0x00, 0x46, 0x02, 0x10, 0x00, 0x08, 0x00, 0x00, 0x00, 
    0x02, 0x40, 0x00, 0x00, 0x00, 0x00, 0x80, 0x7f, 0x00, 0x00, 0x80, 0x7f, 
    0x00, 0x00, 0x80, 0x7f, 0x00, 0x00, 0x00, 0x00, 0x01, 0x00, 0x00, 0x07, 
    0x12, 0x00, 0x10, 0x00, 0x00, 0x00, 0x00, 0x00, 0x1a, 0x00, 0x10, 0x00, 
    0x08, 0x00, 0x00, 0x00, 0x0a, 0x00, 0x10, 0x00, 0x08, 0x00, 0x00, 0x00, 
    0x01, 0x00, 0x00, 0x07, 0x12, 0x00, 0x10, 0x00, 0x00, 0x00, 0x00, 0x00, 
    0x2a, 0x00, 0x10, 0x00, 0x08, 0x00, 0x00, 0x00, 0x0a, 0x00, 0x10, 0x00, 
    0x00, 0x00, 0x00, 0x00, 0x34, 0x00, 0x00, 0x0a, 0x72, 0x00, 0x10, 0x00, 
    0x07, 0x00, 0x00, 0x00, 0x46, 0x02, 0x10, 0x00, 0x07, 0x00, 0x00, 0x00, 
    0x02, 0x40, 0x00, 0x00, 0x00, 0x00, 0x00, 0x00, 0x00, 0x00, 0x00, 0x00, 
    0x00, 0x00, 0x00, 0x00, 0x00, 0x00, 0x00, 0x00, 0x33, 0x00, 0x00, 0x0a, 
    0x72, 0x00, 0x10, 0x00, 0x07, 0x00, 0x00, 0x00, 0x46, 0x02, 0x10, 0x00, 
    0x07, 0x00, 0x00, 0x00, 0x02, 0x40, 0x00, 0x00, 0x00, 0x00, 0x80, 0x40, 
    0x00, 0x00, 0x80, 0x40, 0x00, 0x00, 0x80, 0x40, 0x00, 0x00, 0x00, 0x00, 
    0x01, 0x00, 0x00, 0x07, 0x72, 0x00, 0x10, 0x00, 0x07, 0x00, 0x00, 0x00, 
    0x06, 0x00, 0x10, 0x00, 0x00, 0x00, 0x00, 0x00, 0x46, 0x02, 0x10, 0x00, 
    0x07, 0x00, 0x00, 0x00, 0x00, 0x00, 0x00, 0x07, 0x72, 0x00, 0x10, 0x00, 
    0x08, 0x00, 0x00, 0x00, 0x46, 0x02, 0x10, 0x00, 0x06, 0x00, 0x00, 0x00, 
    0x46, 0x02, 0x10, 0x00, 0x07, 0x00, 0x00, 0x00, 0x38, 0x00, 0x00, 0x07, 
    0xe2, 0x00, 0x10, 0x00, 0x05, 0x00, 0x00, 0x00, 0x56, 0x0e, 0x10, 0x00, 
    0x05, 0x00, 0x00, 0x00, 0x06, 0x09, 0x10, 0x00, 0x07, 0x00, 0x00, 0x00, 
    0x32, 0x00, 0x00, 0x09, 0xe2, 0x00, 0x10, 0x00, 0x04, 0x00, 0x00, 0x00, 
    0x56, 0x0e, 0x10, 0x00, 0x04, 0x00, 0x00, 0x00, 0x06, 0x09, 0x10, 0x00, 
    0x06, 0x00, 0x00, 0x00, 0x56, 0x0e, 0x10, 0x00, 0x05, 0x00, 0x00, 0x00, 
    0x12, 0x00, 0x00, 0x01, 0x36, 0x00, 0x00, 0x05, 0x82, 0x00, 0x10, 0x00, 
    0x03, 0x00, 0x00, 0x00, 0x01, 0x40, 0x00, 0x00, 0x00, 0x00, 0x00, 0x00, 
    0x2d, 0x00, 0x00, 0x89, 0xc2, 0x00, 0x00, 0x80, 0x43, 0x55, 0x15, 0x00, 
    0xe2, 0x00, 0x10, 0x00, 0x05, 0x00, 0x00, 0x00, 0x46, 0x0f, 0x10, 0x00, 
    0x03, 0x00, 0x00, 0x00, 0x36, 0x79, 0x10, 0x00, 0x01, 0x00, 0x00, 0x00, 
    0x01, 0x00, 0x00, 0x0a, 0x72, 0x00, 0x10, 0x00, 0x06, 0x00, 0x00, 0x00, 
    0x96, 0x07, 0x10, 0x00, 0x05, 0x00, 0x00, 0x00, 0x02, 0x40, 0x00, 0x00, 
    0x00, 0x00, 0x80, 0x7f, 0x00, 0x00, 0x80, 0x7f, 0x00, 0x00, 0x80, 0x7f, 
    0x00, 0x00, 0x00, 0x00, 0x27, 0x00, 0x00, 0x0a, 0x72, 0x00, 0x10, 0x00, 
    0x06, 0x00, 0x00, 0x00, 0x46, 0x02, 0x10, 0x00, 0x06, 0x00, 0x00, 0x00, 
    0x02, 0x40, 0x00, 0x00, 0x00, 0x00, 0x80, 0x7f, 0x00, 0x00, 0x80, 0x7f, 
    0x00, 0x00, 0x80, 0x7f, 0x00, 0x00, 0x00, 0x00, 0x01, 0x00, 0x00, 0x07, 
    0x12, 0x00, 0x10, 0x00, 0x00, 0x00, 0x00, 0x00, 0x1a, 0x00, 0x10, 0x00, 
    0x06, 0x00, 0x00, 0x00, 0x0a, 0x00, 0x10, 0x00, 0x06, 0x00, 0x00, 0x00, 
    0x01, 0x00, 0x00, 0x07, 0x12, 0x00, 0x10, 0x00, 0x00, 0x00, 0x00, 0x00, 
    0x2a, 0x00, 0x10, 0x00, 0x06, 0x00, 0x00, 0x00, 0x0a, 0x00, 0x10, 0x00, 
    0x00, 0x00, 0x00, 0x00, 0x34, 0x00, 0x00, 0x0a, 0xe2, 0x00, 0x10, 0x00, 
    0x05, 0x00, 0x00, 0x00, 0x56, 0x0e, 0x10, 0x00, 0x05, 0x00, 0x00, 0x00, 
    0x02, 0x40, 0x00, 0x00, 0x00, 0x00, 0x00, 0x00, 0x00, 0x00, 0x00, 0x00, 
    0x00, 0x00, 0x00, 0x00, 0x00, 0x00, 0x00, 0x00, 0x33, 0x00, 0x00, 0x0a, 
    0xe2, 0x00, 0x10, 0x00, 0x05, 0x00, 0x00, 0x00, 0x56, 0x0e, 0x10, 0x00, 
    0x05, 0x00, 0x00, 0x00, 0x02, 0x40, 0x00, 0x00, 0x00, 0x00, 0x00, 0x00, 
    0x00, 0x00, 0x80, 0x40, 0x00, 0x00, 0x80, 0x40, 0x00, 0x00, 0x80, 0x40, 
    0x01, 0x00, 0x00, 0x07, 0x72, 0x00, 0x10, 0x00, 0x08, 0x00, 0x00, 0x00, 
    0x06, 0x00, 0x10, 0x00, 0x00, 0x00, 0x00, 0x00, 0x96, 0x07, 0x10, 0x00, 
    0x05, 0x00, 0x00, 0x00, 0x2d, 0x00, 0x00, 0x89, 0xc2, 0x00, 0x00, 0x80, 
    0x43, 0x55, 0x15, 0x00, 0xe2, 0x00, 0x10, 0x00, 0x05, 0x00, 0x00, 0x00, 
    0x46, 0x0f, 0x10, 0x00, 0x03, 0x00, 0x00, 0x00, 0x36, 0x79, 0x10, 0x00, 
    0x00, 0x00, 0x00, 0x00, 0x01, 0x00, 0x00, 0x0a, 0x72, 0x00, 0x10, 0x00, 
    0x06, 0x00, 0x00, 0x00, 0x96, 0x07, 0x10, 0x00, 0x05, 0x00, 0x00, 0x00, 
    0x02, 0x40, 0x00, 0x00, 0x00, 0x00, 0x80, 0x7f, 0x00, 0x00, 0x80, 0x7f, 
    0x00, 0x00, 0x80, 0x7f, 0x00, 0x00, 0x00, 0x00, 0x27, 0x00, 0x00, 0x0a, 
    0x72, 0x00, 0x10, 0x00, 0x06, 0x00, 0x00, 0x00, 0x46, 0x02, 0x10, 0x00, 
    0x06, 0x00, 0x00, 0x00, 0x02, 0x40, 0x00, 0x00, 0x00, 0x00, 0x80, 0x7f, 
    0x00, 0x00, 0x80, 0x7f, 0x00, 0x00, 0x80, 0x7f, 0x00, 0x00, 0x00, 0x00, 
    0x01, 0x00, 0x00, 0x07, 0x12, 0x00, 0x10, 0x00, 0x00, 0x00, 0x00, 0x00, 
    0x1a, 0x00, 0x10, 0x00, 0x06, 0x00, 0x00, 0x00, 0x0a, 0x00, 0x10, 0x00, 
    0x06, 0x00, 0x00, 0x00, 0x01, 0x00, 0x00, 0x07, 0x12, 0x00, 0x10, 0x00, 
    0x00, 0x00, 0x00, 0x00, 0x2a, 0x00, 0x10, 0x00, 0x06, 0x00, 0x00, 0x00, 
    0x0a, 0x00, 0x10, 0x00, 0x00, 0x00, 0x00, 0x00, 0x34, 0x00, 0x00, 0x0a, 
    0xe2, 0x00, 0x10, 0x00, 0x05, 0x00, 0x00, 0x00, 0x56, 0x0e, 0x10, 0x00, 
    0x05, 0x00, 0x00, 0x00, 0x02, 0x40, 0x00, 0x00, 0x00, 0x00, 0x00, 0x00, 
    0x00, 0x00, 0x00, 0x00, 0x00, 0x00, 0x00, 0x00, 0x00, 0x00, 0x00, 0x00, 
    0x33, 0x00, 0x00, 0x0a, 0xe2, 0x00, 0x10, 0x00, 0x05, 0x00, 0x00, 0x00, 
    0x56, 0x0e, 0x10, 0x00, 0x05, 0x00, 0x00, 0x00, 0x02, 0x40, 0x00, 0x00, 
    0x00, 0x00, 0x00, 0x00, 0x00, 0xe8, 0x7d, 0x47, 0x00, 0xe8, 0x7d, 0x47, 
    0x00, 0xe8, 0x7d, 0x47, 0x01, 0x00, 0x00, 0x07, 0xe2, 0x00, 0x10, 0x00, 
    0x05, 0x00, 0x00, 0x00, 0x06, 0x00, 0x10, 0x00, 0x00, 0x00, 0x00, 0x00, 
    0x56, 0x0e, 0x10, 0x00, 0x05, 0x00, 0x00, 0x00, 0x38, 0x00, 0x00, 0x07, 
    0xe2, 0x00, 0x10, 0x00, 0x04, 0x00, 0x00, 0x00, 0x06, 0x09, 0x10, 0x00, 
    0x08, 0x00, 0x00, 0x00, 0x56, 0x0e, 0x10, 0x00, 0x05, 0x00, 0x00, 0x00, 
    0x15, 0x00, 0x00, 0x01, 0x36, 0x00, 0x00, 0x08, 0xc2, 0x00, 0x10, 0x00, 
    0x03, 0x00, 0x00, 0x00, 0x02, 0x40, 0x00, 0x00, 0x00, 0x00, 0x00, 0x00, 
    0x00, 0x00, 0x00, 0x00, 0x00, 0x00, 0x00, 0x00, 0x00, 0x00, 0x00, 0x00, 
    0x2d, 0x00, 0x00, 0x89, 0xc2, 0x00, 0x00, 0x80, 0x43, 0x55, 0x15, 0x00, 
    0xe2, 0x00, 0x10, 0x00, 0x05, 0x00, 0x00, 0x00, 0x46, 0x0f, 0x10, 0x00, 
    0x03, 0x00, 0x00, 0x00, 0x36, 0x79, 0x10, 0x00, 0x04, 0x00, 0x00, 0x00, 
    0x01, 0x00, 0x00, 0x0a, 0x72, 0x00, 0x10, 0x00, 0x06, 0x00, 0x00, 0x00, 
    0x96, 0x07, 0x10, 0x00, 0x05, 0x00, 0x00, 0x00, 0x02, 0x40, 0x00, 0x00, 
    0x00, 0x00, 0x80, 0x7f, 0x00, 0x00, 0x80, 0x7f, 0x00, 0x00, 0x80, 0x7f, 
    0x00, 0x00, 0x00, 0x00, 0x27, 0x00, 0x00, 0x0a, 0x72, 0x00, 0x10, 0x00, 
    0x06, 0x00, 0x00, 0x00, 0x46, 0x02, 0x10, 0x00, 0x06, 0x00, 0x00, 0x00, 
    0x02, 0x40, 0x00, 0x00, 0x00, 0x00, 0x80, 0x7f, 0x00, 0x00, 0x80, 0x7f, 
    0x00, 0x00, 0x80, 0x7f, 0x00, 0x00, 0x00, 0x00, 0x01, 0x00, 0x00, 0x07, 
    0x12, 0x00, 0x10, 0x00, 0x00, 0x00, 0x00, 0x00, 0x1a, 0x00, 0x10, 0x00, 
    0x06, 0x00, 0x00, 0x00, 0x0a, 0x00, 0x10, 0x00, 0x06, 0x00, 0x00, 0x00, 
    0x01, 0x00, 0x00, 0x07, 0x12, 0x00, 0x10, 0x00, 0x00, 0x00, 0x00, 0x00, 
    0x2a, 0x00, 0x10, 0x00, 0x06, 0x00, 0x00, 0x00, 0x0a, 0x00, 0x10, 0x00, 
    0x00, 0x00, 0x00, 0x00, 0x34, 0x00, 0x00, 0x0a, 0xe2, 0x00, 0x10, 0x00, 
    0x05, 0x00, 0x00, 0x00, 0x56, 0x0e, 0x10, 0x00, 0x05, 0x00, 0x00, 0x00, 
    0x02, 0x40, 0x00, 0x00, 0x00, 0x00, 0x00, 0x00, 0x00, 0x00, 0x00, 0x00, 
    0x00, 0x00, 0x00, 0x00, 0x00, 0x00, 0x00, 0x00, 0x33, 0x00, 0x00, 0x0a, 
    0xe2, 0x00, 0x10, 0x00, 0x05, 0x00, 0x00, 0x00, 0x56, 0x0e, 0x10, 0x00, 
    0x05, 0x00, 0x00, 0x00, 0x02, 0x40, 0x00, 0x00, 0x00, 0x00, 0x00, 0x00, 
    0x00, 0xe8, 0x7d, 0x47, 0x00, 0xe8, 0x7d, 0x47, 0x00, 0xe8, 0x7d, 0x47, 
    0x01, 0x00, 0x00, 0x07, 0xe2, 0x00, 0x10, 0x00, 0x05, 0x00, 0x00, 0x00, 
    0x06, 0x00, 0x10, 0x00, 0x00, 0x00, 0x00, 0x00, 0x56, 0x0e, 0x10, 0x00, 
    0x05, 0x00, 0x00, 0x00, 0x00, 0x00, 0x00, 0x07, 0xe2, 0x00, 0x10, 0x00, 
    0x04, 0x00, 0x00, 0x00, 0x56, 0x0e, 0x10, 0x00, 0x04, 0x00, 0x00, 0x00, 
    0x56, 0x0e, 0x10, 0x00, 0x05, 0x00, 0x00, 0x00, 0x33, 0x00, 0x00, 0x0a, 
    0xe2, 0x00, 0x10, 0x00, 0x04, 0x00, 0x00, 0x00, 0x56, 0x0e, 0x10, 0x00, 
    0x04, 0x00, 0x00, 0x00, 0x02, 0x40, 0x00, 0x00, 0x00, 0x00, 0x00, 0x00, 
    0x00, 0xe8, 0x7d, 0x47, 0x00, 0xe8, 0x7d, 0x47, 0x00, 0xe8, 0x7d, 0x47, 
    0x2d, 0x00, 0x00, 0x89, 0xc2, 0x00, 0x00, 0x80, 0x43, 0x55, 0x15, 0x00, 
    0x72, 0x00, 0x10, 0x00, 0x03, 0x00, 0x00, 0x00, 0x46, 0x0e, 0x10, 0x00, 
    0x03, 0x00, 0x00, 0x00, 0x46, 0x7e, 0x10, 0x00, 0x05, 0x00, 0x00, 0x00, 
    0x01, 0x00, 0x00, 0x0a, 0xe2, 0x00, 0x10, 0x00, 0x05, 0x00, 0x00, 0x00, 
    0x06, 0x09, 0x10, 0x00, 0x03, 0x00, 0x00, 0x00, 0x02, 0x40, 0x00, 0x00, 
    0x00, 0x00, 0x00, 0x00, 0x00, 0x00, 0x80, 0x7f, 0x00, 0x00, 0x80, 0x7f, 
    0x00, 0x00, 0x80, 0x7f, 0x27, 0x00, 0x00, 0x0a, 0xe2, 0x00, 0x10, 0x00, 
    0x05, 0x00, 0x00, 0x00, 0x56, 0x0e, 0x10, 0x00, 0x05, 0x00, 0x00, 0x00, 
    0x02, 0x40, 0x00, 0x00, 0x00, 0x00, 0x00, 0x00, 0x00, 0x00, 0x80, 0x7f, 
    0x00, 0x00, 0x80, 0x7f, 0x00, 0x00, 0x80, 0x7f, 0x01, 0x00, 0x00, 0x07, 
    0x12, 0x00, 0x10, 0x00, 0x00, 0x00, 0x00, 0x00, 0x2a, 0x00, 0x10, 0x00, 
    0x05, 0x00, 0x00, 0x00, 0x1a, 0x00, 0x10, 0x00, 0x05, 0x00, 0x00, 0x00, 
    0x01, 0x00, 0x00, 0x07, 0x12, 0x00, 0x10, 0x00, 0x00, 0x00, 0x00, 0x00, 
    0x3a, 0x00, 0x10, 0x00, 0x05, 0x00, 0x00, 0x00, 0x0a, 0x00, 0x10, 0x00, 
    0x00, 0x00, 0x00, 0x00, 0x34, 0x00, 0x00, 0x0a, 0x72, 0x00, 0x10, 0x00, 
    0x03, 0x00, 0x00, 0x00, 0x46, 0x02, 0x10, 0x00, 0x03, 0x00, 0x00, 0x00, 
    0x02, 0x40, 0x00, 0x00, 0x00, 0x00, 0x00, 0x00, 0x00, 0x00, 0x00, 0x00, 
    0x00, 0x00, 0x00, 0x00, 0x00, 0x00, 0x00, 0x00, 0x33, 0x00, 0x00, 0x0a, 
    0x72, 0x00, 0x10, 0x00, 0x03, 0x00, 0x00, 0x00, 0x46, 0x02, 0x10, 0x00, 
    0x03, 0x00, 0x00, 0x00, 0x02, 0x40, 0x00, 0x00, 0x00, 0xe8, 0x7d, 0x47, 
    0x00, 0xe8, 0x7d, 0x47, 0x00, 0xe8, 0x7d, 0x47, 0x00, 0x00, 0x00, 0x00, 
    0x01, 0x00, 0x00, 0x07, 0x72, 0x00, 0x10, 0x00, 0x03, 0x00, 0x00, 0x00, 
    0x06, 0x00, 0x10, 0x00, 0x00, 0x00, 0x00, 0x00, 0x46, 0x02, 0x10, 0x00, 
    0x03, 0x00, 0x00, 0x00, 0x34, 0x00, 0x00, 0x0a, 0xe2, 0x00, 0x10, 0x00, 
    0x05, 0x00, 0x00, 0x00, 0x06, 0x09, 0x10, 0x00, 0x08, 0x00, 0x00, 0x00, 
    0x02, 0x40, 0x00, 0x00, 0x00, 0x00, 0x00, 0x00, 0x6f, 0x12, 0x83, 0x3a, 
    0x6f, 0x12, 0x83, 0x3a, 0x6f, 0x12, 0x83, 0x3a, 0x81, 0x00, 0x00, 0x05, 
    0xe2, 0x00, 0x10, 0x00, 0x05, 0x00, 0x00, 0x00, 0x56, 0x0e, 0x10, 0x00, 
    0x05, 0x00, 0x00, 0x00, 0x38, 0x00, 0x00, 0x07, 0x72, 0x00, 0x10, 0x00, 
    0x03, 0x00, 0x00, 0x00, 0x46, 0x02, 0x10, 0x00, 0x03, 0x00, 0x00, 0x00, 
    0x96, 0x07, 0x10, 0x00, 0x05, 0x00, 0x00, 0x00, 0x33, 0x00, 0x00, 0x0a, 
    0x72, 0x00, 0x10, 0x00, 0x03, 0x00, 0x00, 0x00, 0x46, 0x02, 0x10, 0x00, 
    0x03, 0x00, 0x00, 0x00, 0x02, 0x40, 0x00, 0x00, 0x00, 0xe8, 0x7d, 0x47, 
    0x00, 0xe8, 0x7d, 0x47, 0x00, 0xe8, 0x7d, 0x47, 0x00, 0x00, 0x00, 0x00, 
    0x10, 0x00, 0x00, 0x0a, 0x12, 0x00, 0x10, 0x00, 0x00, 0x00, 0x00, 0x00, 
    0x46, 0x02, 0x10, 0x00, 0x03, 0x00, 0x00, 0x00, 0x02, 0x40, 0x00, 0x00, 
    0xd0, 0xb3, 0x59, 0x3e, 0x59, 0x17, 0x37, 0x3f, 0x98, 0xdd, 0x93, 0x3d, 
    0x00, 0x00, 0x00, 0x00, 0x38, 0x00, 0x00, 0x07, 0x72, 0x00, 0x10, 0x00, 
    0x03, 0x00, 0x00, 0x00, 0x96, 0x07, 0x10, 0x00, 0x04, 0x00, 0x00, 0x00, 
    0x96, 0x07, 0x10, 0x00, 0x05, 0x00, 0x00, 0x00, 0x33, 0x00, 0x00, 0x0a, 
    0x72, 0x00, 0x10, 0x00, 0x03, 0x00, 0x00, 0x00, 0x46, 0x02, 0x10, 0x00, 
    0x03, 0x00, 0x00, 0x00, 0x02, 0x40, 0x00, 0x00, 0x00, 0xe8, 0x7d, 0x47, 
    0x00, 0xe8, 0x7d, 0x47, 0x00, 0xe8, 0x7d, 0x47, 0x00, 0x00, 0x00, 0x00, 
    0x10, 0x00, 0x00, 0x0a, 0x22, 0x00, 0x10, 0x00, 0x00, 0x00, 0x00, 0x00, 
    0x46, 0x02, 0x10, 0x00, 0x03, 0x00, 0x00, 0x00, 0x02, 0x40, 0x00, 0x00, 
    0xd0, 0xb3, 0x59, 0x3e, 0x59, 0x17, 0x37, 0x3f, 0x98, 0xdd, 0x93, 0x3d, 
    0x00, 0x00, 0x00, 0x00, 0x29, 0x00, 0x00, 0x07, 0x42, 0x00, 0x10, 0x00, 
    0x02, 0x00, 0x00, 0x00, 0x0a, 0x00, 0x10, 0x00, 0x04, 0x00, 0x00, 0x00, 
    0x01, 0x40, 0x00, 0x00, 0x04, 0x00, 0x00, 0x00, 0x3c, 0x00, 0x00, 0x0a, 
    0x72, 0x00, 0x10, 0x00, 0x03, 0x00, 0x00, 0x00, 0xa6, 0x0a, 0x10, 0x00, 
    0x02, 0x00, 0x00, 0x00, 0x02, 0x40, 0x00, 0x00, 0x8c, 0x00, 0x00, 0x00, 
    0x84, 0x00, 0x00, 0x00, 0x88, 0x00, 0x00, 0x00, 0x00, 0x00, 0x00, 0x00, 
    0xa8, 0x00, 0x00, 0x09, 0x12, 0xf0, 0x11, 0x00, 0x00, 0x00, 0x00, 0x00, 
    0x0a, 0x00, 0x10, 0x00, 0x05, 0x00, 0x00, 0x00, 0x0a, 0x00, 0x10, 0x00, 
    0x03, 0x00, 0x00, 0x00, 0x0a, 0x00, 0x10, 0x00, 0x00, 0x00, 0x00, 0x00, 
    0xa8, 0x00, 0x00, 0x09, 0x12, 0xf0, 0x11, 0x00, 0x01, 0x00, 0x00, 0x00, 
    0x0a, 0x00, 0x10, 0x00, 0x05, 0x00, 0x00, 0x00, 0x2a, 0x00, 0x10, 0x00, 
    0x02, 0x00, 0x00, 0x00, 0x1a, 0x00, 0x10, 0x00, 0x04, 0x00, 0x00, 0x00, 
    0xa8, 0x00, 0x00, 0x09, 0x12, 0xf0, 0x11, 0x00, 0x01, 0x00, 0x00, 0x00, 
    0x0a, 0x00, 0x10, 0x00, 0x05, 0x00, 0x00, 0x00, 0x1a, 0x00, 0x10, 0x00, 
    0x03, 0x00, 0x00, 0x00, 0x2a, 0x00, 0x10, 0x00, 0x04, 0x00, 0x00, 0x00, 
    0xa8, 0x00, 0x00, 0x09, 0x12, 0xf0, 0x11, 0x00, 0x01, 0x00, 0x00, 0x00, 
    0x0a, 0x00, 0x10, 0x00, 0x05, 0x00, 0x00, 0x00, 0x2a, 0x00, 0x10, 0x00, 
    0x03, 0x00, 0x00, 0x00, 0x3a, 0x00, 0x10, 0x00, 0x04, 0x00, 0x00, 0x00, 
    0xa8, 0x00, 0x00, 0x09, 0x12, 0xf0, 0x11, 0x00, 0x01, 0x00, 0x00, 0x00, 
    0x0a, 0x00, 0x10, 0x00, 0x05, 0x00, 0x00, 0x00, 0x0a, 0x00, 0x10, 0x00, 
    0x03, 0x00, 0x00, 0x00, 0x1a, 0x00, 0x10, 0x00, 0x00, 0x00, 0x00, 0x00, 
    0x15, 0x00, 0x00, 0x01, 0x15, 0x00, 0x00, 0x01, 0xbe, 0x18, 0x00, 0x01, 
    0x1f, 0x00, 0x04, 0x03, 0x1a, 0x00, 0x10, 0x00, 0x02, 0x00, 0x00, 0x00, 
    0x1f, 0x00, 0x00, 0x03, 0x0a, 0x00, 0x10, 0x00, 0x02, 0x00, 0x00, 0x00, 
    0x3e, 0x00, 0x00, 0x01, 0x15, 0x00, 0x00, 0x01, 0x01, 0x00, 0x00, 0x08, 
    0x12, 0x00, 0x10, 0x00, 0x00, 0x00, 0x00, 0x00, 0x1a, 0x80, 0x20, 0x00, 
    0x00, 0x00, 0x00, 0x00, 0x01, 0x00, 0x00, 0x00, 0x01, 0x40, 0x00, 0x00, 
    0x02, 0x00, 0x00, 0x00, 0x20, 0x00, 0x00, 0x07, 0x12, 0x00, 0x10, 0x00, 
    0x00, 0x00, 0x00, 0x00, 0x0a, 0x00, 0x10, 0x00, 0x00, 0x00, 0x00, 0x00, 
    0x01, 0x40, 0x00, 0x00, 0x02, 0x00, 0x00, 0x00, 0x1f, 0x00, 0x04, 0x03, 
    0x0a, 0x00, 0x10, 0x00, 0x00, 0x00, 0x00, 0x00, 0x00, 0x00, 0x00, 0x0a, 
    0x32, 0x00, 0x10, 0x00, 0x00, 0x00, 0x00, 0x00, 0xe6, 0x0a, 0x10, 0x00, 
    0x00, 0x00, 0x00, 0x00, 0x02, 0x40, 0x00, 0x00, 0x00, 0x00, 0x00, 0x3f, 
    0x00, 0x00, 0x00, 0x3f, 0x00, 0x00, 0x00, 0x00, 0x00, 0x00, 0x00, 0x00, 
    0x38, 0x00, 0x00, 0x08, 0x32, 0x00, 0x10, 0x00, 0x00, 0x00, 0x00, 0x00, 
    0x46, 0x00, 0x10, 0x00, 0x00, 0x00, 0x00, 0x00, 0xe6, 0x8a, 0x20, 0x00, 
    0x00, 0x00, 0x00, 0x00, 0x00, 0x00, 0x00, 0x00, 0x48, 0x00, 0x00, 0x8d, 
    0xc2, 0x00, 0x00, 0x80, 0x43, 0x55, 0x15, 0x00, 0x72, 0x00, 0x10, 0x00, 
    0x00, 0x00, 0x00, 0x00, 0x46, 0x00, 0x10, 0x00, 0x00, 0x00, 0x00, 0x00, 
    0x46, 0x7e, 0x10, 0x00, 0x00, 0x00, 0x00, 0x00, 0x00, 0x60, 0x10, 0x00, 
    0x00, 0x00, 0x00, 0x00, 0x01, 0x40, 0x00, 0x00, 0x00, 0x00, 0x00, 0x00, 
    0x12, 0x00, 0x00, 0x01, 0x36, 0x00, 0x00, 0x05, 0x42, 0x00, 0x10, 0x00, 
    0x01, 0x00, 0x00, 0x00, 0x01, 0x40, 0x00, 0x00, 0x00, 0x00, 0x00, 0x00, 
    0x2d, 0x00, 0x00, 0x89, 0xc2, 0x00, 0x00, 0x80, 0x43, 0x55, 0x15, 0x00, 
    0x72, 0x00, 0x10, 0x00, 0x00, 0x00, 0x00, 0x00, 0x46, 0x0a, 0x10, 0x00, 
    0x01, 0x00, 0x00, 0x00, 0x46, 0x7e, 0x10, 0x00, 0x00, 0x00, 0x00, 0x00, 
    0x15, 0x00, 0x00, 0x01, 0x01, 0x00, 0x00, 0x0a, 0xe2, 0x00, 0x10, 0x00, 
    0x02, 0x00, 0x00, 0x00, 0x06, 0x09, 0x10, 0x00, 0x00, 0x00, 0x00, 0x00, 
    0x02, 0x40, 0x00, 0x00, 0x00, 0x00, 0x00, 0x00, 0x00, 0x00, 0x80, 0x7f, 
    0x00, 0x00, 0x80, 0x7f, 0x00, 0x00, 0x80, 0x7f, 0x27, 0x00, 0x00, 0x0a, 
    0xe2, 0x00, 0x10, 0x00, 0x02, 0x00, 0x00, 0x00, 0x56, 0x0e, 0x10, 0x00, 
    0x02, 0x00, 0x00, 0x00, 0x02, 0x40, 0x00, 0x00, 0x00, 0x00, 0x00, 0x00, 
    0x00, 0x00, 0x80, 0x7f, 0x00, 0x00, 0x80, 0x7f, 0x00, 0x00, 0x80, 0x7f, 
    0x01, 0x00, 0x00, 0x07, 0x82, 0x00, 0x10, 0x00, 0x00, 0x00, 0x00, 0x00, 
    0x2a, 0x00, 0x10, 0x00, 0x02, 0x00, 0x00, 0x00, 0x1a, 0x00, 0x10, 0x00, 
    0x02, 0x00, 0x00, 0x00, 0x01, 0x00, 0x00, 0x07, 0x82, 0x00, 0x10, 0x00, 
    0x00, 0x00, 0x00, 0x00, 0x3a, 0x00, 0x10, 0x00, 0x02, 0x00, 0x00, 0x00, 
    0x3a, 0x00, 0x10, 0x00, 0x00, 0x00, 0x00, 0x00, 0x34, 0x00, 0x00, 0x0a, 
    0x72, 0x00, 0x10, 0x00, 0x00, 0x00, 0x00, 0x00, 0x46, 0x02, 0x10, 0x00, 
    0x00, 0x00, 0x00, 0x00, 0x02, 0x40, 0x00, 0x00, 0x00, 0x00, 0x00, 0x00, 
    0x00, 0x00, 0x00, 0x00, 0x00, 0x00, 0x00, 0x00, 0x00, 0x00, 0x00, 0x00, 
    0x33, 0x00, 0x00, 0x0a, 0x72, 0x00, 0x10, 0x00, 0x00, 0x00, 0x00, 0x00, 
    0x46, 0x02, 0x10, 0x00, 0x00, 0x00, 0x00, 0x00, 0x02, 0x40, 0x00, 0x00, 
    0x00, 0xe8, 0x7d, 0x47, 0x00, 0xe8, 0x7d, 0x47, 0x00, 0xe8, 0x7d, 0x47, 
    0x00, 0x00, 0x00, 0x00, 0x01, 0x00, 0x00, 0x07, 0x72, 0x00, 0x10, 0x00, 
    0x00, 0x00, 0x00, 0x00, 0x46, 0x02, 0x10, 0x00, 0x00, 0x00, 0x00, 0x00, 
    0xf6, 0x0f, 0x10, 0x00, 0x00, 0x00, 0x00, 0x00, 0x36, 0x00, 0x00, 0x05, 
    0x82, 0x00, 0x10, 0x00, 0x00, 0x00, 0x00, 0x00, 0x01, 0x40, 0x00, 0x00, 
    0x00, 0x00, 0x80, 0x3f, 0xa4, 0x00, 0x00, 0x07, 0xf2, 0xe0, 0x11, 0x00, 
    0x00, 0x00, 0x00, 0x00, 0x46, 0x05, 0x10, 0x00, 0x01, 0x00, 0x00, 0x00, 
    0x46, 0x0e, 0x10, 0x00, 0x00, 0x00, 0x00, 0x00, 0x3e, 0x00, 0x00, 0x01, 
    0x15, 0x00, 0x00, 0x01, 0x1f, 0x00, 0x00, 0x03, 0x0a, 0x00, 0x10, 0x00, 
    0x02, 0x00, 0x00, 0x00, 0x3e, 0x00, 0x00, 0x01, 0x15, 0x00, 0x00, 0x01, 
    0x23, 0x00, 0x00, 0x08, 0x12, 0x00, 0x10, 0x00, 0x00, 0x00, 0x00, 0x00, 
    0x1a, 0x20, 0x02, 0x00, 0x01, 0x40, 0x00, 0x00, 0x10, 0x00, 0x00, 0x00, 
    0x01, 0x40, 0x00, 0x00, 0x0c, 0x00, 0x00, 0x00, 0xa7, 0x00, 0x00, 0x08, 
    0x22, 0x00, 0x10, 0x00, 0x00, 0x00, 0x00, 0x00, 0x0a, 0x20, 0x02, 0x00, 
    0x0a, 0x00, 0x10, 0x00, 0x00, 0x00, 0x00, 0x00, 0x06, 0xf0, 0x11, 0x00, 
    0x01, 0x00, 0x00, 0x00, 0xa7, 0x00, 0x00, 0x08, 0x12, 0x00, 0x10, 0x00, 
    0x00, 0x00, 0x00, 0x00, 0x0a, 0x20, 0x02, 0x00, 0x0a, 0x00, 0x10, 0x00, 
    0x00, 0x00, 0x00, 0x00, 0x06, 0xf0, 0x11, 0x00, 0x00, 0x00, 0x00, 0x00, 
    0x38, 0x00, 0x00, 0x07, 0x42, 0x00, 0x10, 0x00, 0x00, 0x00, 0x00, 0x00, 
    0x1a, 0x00, 0x10, 0x00, 0x00, 0x00, 0x00, 0x00, 0x1a, 0x00, 0x10, 0x00, 
    0x00, 0x00, 0x00, 0x00, 0x38, 0x00, 0x00, 0x07, 0x82, 0x00, 0x10, 0x00, 
    0x00, 0x00, 0x00, 0x00, 0x0a, 0x00, 0x10, 0x00, 0x00, 0x00, 0x00, 0x00, 
    0x01, 0x40, 0x00, 0x00, 0x83, 0xce, 0xa6, 0x3a, 0x38, 0x00, 0x00, 0x07, 
    0x12, 0x00, 0x10, 0x00, 0x02, 0x00, 0x00, 0x00, 0x0a, 0x00, 0x10, 0x00, 
    0x00, 0x00, 0x00, 0x00, 0x0a, 0x00, 0x10, 0x00, 0x00, 0x00, 0x00, 0x00, 
    0x1e, 0x00, 0x00, 0x09, 0xf2, 0x00, 0x10, 0x00, 0x03, 0x00, 0x00, 0x00, 
    0x46, 0x24, 0x02, 0x00, 0x02, 0x40, 0x00, 0x00, 0x02, 0x00, 0x00, 0x00, 
    0x02, 0x00, 0x00, 0x00, 0x00, 0x00, 0x00, 0x00, 0x01, 0x00, 0x00, 0x00, 
    0x23, 0x00, 0x00, 0x09, 0x22, 0x00, 0x10, 0x00, 0x02, 0x00, 0x00, 0x00, 
    0x3a, 0x00, 0x10, 0x00, 0x03, 0x00, 0x00, 0x00, 0x01, 0x40, 0x00, 0x00, 
    0x10, 0x00, 0x00, 0x00, 0x01, 0x40, 0x00, 0x00, 0x0c, 0x00, 0x00, 0x00, 
    0xa7, 0x00, 0x00, 0x09, 0x42, 0x00, 0x10, 0x00, 0x02, 0x00, 0x00, 0x00, 
    0x2a, 0x00, 0x10, 0x00, 0x03, 0x00, 0x00, 0x00, 0x1a, 0x00, 0x10, 0x00, 
    0x02, 0x00, 0x00, 0x00, 0x06, 0xf0, 0x11, 0x00, 0x01, 0x00, 0x00, 0x00, 
    0xa7, 0x00, 0x00, 0x09, 0x22, 0x00, 0x10, 0x00, 0x02, 0x00, 0x00, 0x00, 
    0x2a, 0x00, 0x10, 0x00, 0x03, 0x00, 0x00, 0x00, 0x1a, 0x00, 0x10, 0x00, 
    0x02, 0x00, 0x00, 0x00, 0x06, 0xf0, 0x11, 0x00, 0x00, 0x00, 0x00, 0x00, 
    0x38, 0x00, 0x00, 0x07, 0x82, 0x00, 0x10, 0x00, 0x02, 0x00, 0x00, 0x00, 
    0x2a, 0x00, 0x10, 0x00, 0x02, 0x00, 0x00, 0x00, 0x01, 0x40, 0x00, 0x00, 
    0xe3, 0x03, 0x7e, 0x3c, 0x32, 0x00, 0x00, 0x09, 0x82, 0x00, 0x10, 0x00, 
    0x02, 0x00, 0x00, 0x00, 0x1a, 0x00, 0x10, 0x00, 0x00, 0x00, 0x00, 0x00, 
    0x01, 0x40, 0x00, 0x00, 0x83, 0xce, 0xa6, 0x3a, 0x3a, 0x00, 0x10, 0x00, 
    0x02, 0x00, 0x00, 0x00, 0x38, 0x00, 0x00, 0x07, 0x82, 0x00, 0x10, 0x00, 
    0x03, 0x00, 0x00, 0x00, 0x2a, 0x00, 0x10, 0x00, 0x02, 0x00, 0x00, 0x00, 
    0x2a, 0x00, 0x10, 0x00, 0x02, 0x00, 0x00, 0x00, 0x38, 0x00, 0x00, 0x07, 
    0x82, 0x00, 0x10, 0x00, 0x03, 0x00, 0x00, 0x00, 0x3a, 0x00, 0x10, 0x00, 
    0x03, 0x00, 0x00, 0x00, 0x01, 0x40, 0x00, 0x00, 0xe3, 0x03, 0x7e, 0x3c, 
    0x32, 0x00, 0x00, 0x09, 0x42, 0x00, 0x10, 0x00, 0x00, 0x00, 0x00, 0x00, 
    0x2a, 0x00, 0x10, 0x00, 0x00, 0x00, 0x00, 0x00, 0x01, 0x40, 0x00, 0x00, 
    0x83, 0xce, 0xa6, 0x3a, 0x3a, 0x00, 0x10, 0x00, 0x03, 0x00, 0x00, 0x00, 
    0x38, 0x00, 0x00, 0x07, 0x82, 0x00, 0x10, 0x00, 0x03, 0x00, 0x00, 0x00, 
    0x1a, 0x00, 0x10, 0x00, 0x02, 0x00, 0x00, 0x00, 0x01, 0x40, 0x00, 0x00, 
    0xe3, 0x03, 0x7e, 0x3c, 0x32, 0x00, 0x00, 0x09, 0x12, 0x00, 0x10, 0x00, 
    0x00, 0x00, 0x00, 0x00, 0x0a, 0x00, 0x10, 0x00, 0x00, 0x00, 0x00, 0x00, 
    0x01, 0x40, 0x00, 0x00, 0x83, 0xce, 0xa6, 0x3a, 0x3a, 0x00, 0x10, 0x00, 
    0x03, 0x00, 0x00, 0x00, 0x38, 0x00, 0x00, 0x07, 0x22, 0x00, 0x10, 0x00, 
    0x02, 0x00, 0x00, 0x00, 0x1a, 0x00, 0x10, 0x00, 0x02, 0x00, 0x00, 0x00, 
    0x1a, 0x00, 0x10, 0x00, 0x02, 0x00, 0x00, 0x00, 0x38, 0x00, 0x00, 0x07, 
    0x22, 0x00, 0x10, 0x00, 0x02, 0x00, 0x00, 0x00, 0x1a, 0x00, 0x10, 0x00, 
    0x02, 0x00, 0x00, 0x00, 0x01, 0x40, 0x00, 0x00, 0xe3, 0x03, 0x7e, 0x3c, 
    0x32, 0x00, 0x00, 0x09, 0x12, 0x00, 0x10, 0x00, 0x02, 0x00, 0x00, 0x00, 
    0x0a, 0x00, 0x10, 0x00, 0x02, 0x00, 0x00, 0x00, 0x01, 0x40, 0x00, 0x00, 
    0x83, 0xce, 0xa6, 0x3a, 0x1a, 0x00, 0x10, 0x00, 0x02, 0x00, 0x00, 0x00, 
    0x38, 0x00, 0x00, 0x07, 0x22, 0x00, 0x10, 0x00, 0x02, 0x00, 0x00, 0x00, 
    0x2a, 0x00, 0x10, 0x00, 0x02, 0x00, 0x00, 0x00, 0x3a, 0x00, 0x10, 0x00, 
    0x03, 0x00, 0x00, 0x00, 0x32, 0x00, 0x00, 0x09, 0x22, 0x00, 0x10, 0x00, 
    0x00, 0x00, 0x00, 0x00, 0x3a, 0x00, 0x10, 0x00, 0x00, 0x00, 0x00, 0x00, 
    0x1a, 0x00, 0x10, 0x00, 0x00, 0x00, 0x00, 0x00, 0x1a, 0x00, 0x10, 0x00, 
    0x02, 0x00, 0x00, 0x00, 0x29, 0x00, 0x00, 0x06, 0x82, 0x00, 0x10, 0x00, 
    0x00, 0x00, 0x00, 0x00, 0x1a, 0x20, 0x02, 0x00, 0x01, 0x40, 0x00, 0x00, 
    0x04, 0x00, 0x00, 0x00, 0x1e, 0x00, 0x00, 0x0a, 0x72, 0x00, 0x10, 0x00, 
    0x04, 0x00, 0x00, 0x00, 0xf6, 0x0f, 0x10, 0x00, 0x00, 0x00, 0x00, 0x00, 
    0x02, 0x40, 0x00, 0x00, 0x20, 0x00, 0x00, 0x00, 0x30, 0x00, 0x00, 0x00, 
    0x40, 0x00, 0x00, 0x00, 0x00, 0x00, 0x00, 0x00, 0x1e, 0x00, 0x00, 0x0a, 
    0x72, 0x00, 0x10, 0x00, 0x05, 0x00, 0x00, 0x00, 0x46, 0x02, 0x10, 0x00, 
    0x04, 0x00, 0x00, 0x00, 0x02, 0x40, 0x00, 0x00, 0x0c, 0x00, 0x00, 0x00, 
    0x0c, 0x00, 0x00, 0x00, 0x0c, 0x00, 0x00, 0x00, 0x00, 0x00, 0x00, 0x00, 
    0xa7, 0x00, 0x00, 0x09, 0x82, 0x00, 0x10, 0x00, 0x00, 0x00, 0x00, 0x00, 
    0x2a, 0x00, 0x10, 0x00, 0x03, 0x00, 0x00, 0x00, 0x0a, 0x00, 0x10, 0x00, 
    0x05, 0x00, 0x00, 0x00, 0x06, 0xf0, 0x11, 0x00, 0x01, 0x00, 0x00, 0x00, 
    0xa7, 0x00, 0x00, 0x09, 0x22, 0x00, 0x10, 0x00, 0x02, 0x00, 0x00, 0x00, 
    0x2a, 0x00, 0x10, 0x00, 0x03, 0x00, 0x00, 0x00, 0x0a, 0x00, 0x10, 0x00, 
    0x05, 0x00, 0x00, 0x00, 0x06, 0xf0, 0x11, 0x00, 0x00, 0x00, 0x00, 0x00, 
    0x32, 0x00, 0x00, 0x09, 0x42, 0x00, 0x10, 0x00, 0x02, 0x00, 0x00, 0x00, 
    0x3a, 0x00, 0x10, 0x00, 0x00, 0x00, 0x00, 0x00, 0x01, 0x40, 0x00, 0x00, 
    0xe6, 0x1e, 0x12, 0x3d, 0x3a, 0x00, 0x10, 0x00, 0x02, 0x00, 0x00, 0x00, 
    0x38, 0x00, 0x00, 0x07, 0x82, 0x00, 0x10, 0x00, 0x02, 0x00, 0x00, 0x00, 
    0x3a, 0x00, 0x10, 0x00, 0x00, 0x00, 0x00, 0x00, 0x3a, 0x00, 0x10, 0x00, 
    0x00, 0x00, 0x00, 0x00, 0x32, 0x00, 0x00, 0x09, 0x42, 0x00, 0x10, 0x00, 
    0x00, 0x00, 0x00, 0x00, 0x3a, 0x00, 0x10, 0x00, 0x02, 0x00, 0x00, 0x00, 
    0x01, 0x40, 0x00, 0x00, 0xe6, 0x1e, 0x12, 0x3d, 0x2a, 0x00, 0x10, 0x00, 
    0x00, 0x00, 0x00, 0x00, 0x38, 0x00, 0x00, 0x07, 0x82, 0x00, 0x10, 0x00, 
    0x02, 0x00, 0x00, 0x00, 0x1a, 0x00, 0x10, 0x00, 0x02, 0x00, 0x00, 0x00, 
    0x01, 0x40, 0x00, 0x00, 0xe6, 0x1e, 0x12, 0x3d, 0x32, 0x00, 0x00, 0x09, 
    0x12, 0x00, 0x10, 0x00, 0x00, 0x00, 0x00, 0x00, 0x1a, 0x00, 0x10, 0x00, 
    0x02, 0x00, 0x00, 0x00, 0x01, 0x40, 0x00, 0x00, 0xe6, 0x1e, 0x12, 0x3d, 
    0x0a, 0x00, 0x10, 0x00, 0x00, 0x00, 0x00, 0x00, 0x38, 0x00, 0x00, 0x07, 
    0x22, 0x00, 0x10, 0x00, 0x02, 0x00, 0x00, 0x00, 0x1a, 0x00, 0x10, 0x00, 
    0x02, 0x00, 0x00, 0x00, 0x1a, 0x00, 0x10, 0x00, 0x02, 0x00, 0x00, 0x00, 
    0x32, 0x00, 0x00, 0x09, 0x12, 0x00, 0x10, 0x00, 0x02, 0x00, 0x00, 0x00, 
    0x1a, 0x00, 0x10, 0x00, 0x02, 0x00, 0x00, 0x00, 0x01, 0x40, 0x00, 0x00, 
    0xe6, 0x1e, 0x12, 0x3d, 0x0a, 0x00, 0x10, 0x00, 0x02, 0x00, 0x00, 0x00, 
    0x32, 0x00, 0x00, 0x09, 0x22, 0x00, 0x10, 0x00, 0x00, 0x00, 0x00, 0x00, 
    0x3a, 0x00, 0x10, 0x00, 0x02, 0x00, 0x00, 0x00, 0x3a, 0x00, 0x10, 0x00, 
    0x00, 0x00, 0x00, 0x00, 0x1a, 0x00, 0x10, 0x00, 0x00, 0x00, 0x00, 0x00, 
    0xa7, 0x00, 0x00, 0x09, 0x82, 0x00, 0x10, 0x00, 0x00, 0x00, 0x00, 0x00, 
    0x2a, 0x00, 0x10, 0x00, 0x03, 0x00, 0x00, 0x00, 0x1a, 0x00, 0x10, 0x00, 
    0x05, 0x00, 0x00, 0x00, 0x06, 0xf0, 0x11, 0x00, 0x01, 0x00, 0x00, 0x00, 
    0xa7, 0x00, 0x00, 0x09, 0x22, 0x00, 0x10, 0x00, 0x02, 0x00, 0x00, 0x00, 
    0x2a, 0x00, 0x10, 0x00, 0x03, 0x00, 0x00, 0x00, 0x1a, 0x00, 0x10, 0x00, 
    0x05, 0x00, 0x00, 0x00, 0x06, 0xf0, 0x11, 0x00, 0x00, 0x00, 0x00, 0x00, 
    0x32, 0x00, 0x00, 0x09, 0x42, 0x00, 0x10, 0x00, 0x02, 0x00, 0x00, 0x00, 
    0x3a, 0x00, 0x10, 0x00, 0x00, 0x00, 0x00, 0x00, 0x01, 0x40, 0x00, 0x00, 
    0xe3, 0x03, 0x7e, 0x3c, 0x2a, 0x00, 0x10, 0x00, 0x02, 0x00, 0x00, 0x00, 
    0x38, 0x00, 0x00, 0x07, 0x82, 0x00, 0x10, 0x00, 0x02, 0x00, 0x00, 0x00, 
    0x3a, 0x00, 0x10, 0x00, 0x00, 0x00, 0x00, 0x00, 0x3a, 0x00, 0x10, 0x00, 
    0x00, 0x00, 0x00, 0x00, 0x32, 0x00, 0x00, 0x09, 0x42, 0x00, 0x10, 0x00, 
    0x00, 0x00, 0x00, 0x00, 0x3a, 0x00, 0x10, 0x00, 0x02, 0x00, 0x00, 0x00, 
    0x01, 0x40, 0x00, 0x00, 0xe3, 0x03, 0x7e, 0x3c, 0x2a, 0x00, 0x10, 0x00, 
    0x00, 0x00, 0x00, 0x00, 0x38, 0x00, 0x00, 0x07, 0x82, 0x00, 0x10, 0x00, 
    0x02, 0x00, 0x00, 0x00, 0x1a, 0x00, 0x10, 0x00, 0x02, 0x00, 0x00, 0x00, 
    0x01, 0x40, 0x00, 0x00, 0xe3, 0x03, 0x7e, 0x3c, 0x32, 0x00, 0x00, 0x09, 
    0x12, 0x00, 0x10, 0x00, 0x00, 0x00, 0x00, 0x00, 0x1a, 0x00, 0x10, 0x00, 
    0x02, 0x00, 0x00, 0x00, 0x01, 0x40, 0x00, 0x00, 0xe3, 0x03, 0x7e, 0x3c, 
    0x0a, 0x00, 0x10, 0x00, 0x00, 0x00, 0x00, 0x00, 0x38, 0x00, 0x00, 0x07, 
    0x22, 0x00, 0x10, 0x00, 0x02, 0x00, 0x00, 0x00, 0x1a, 0x00, 0x10, 0x00, 
    0x02, 0x00, 0x00, 0x00, 0x1a, 0x00, 0x10, 0x00, 0x02, 0x00, 0x00, 0x00, 
    0x32, 0x00, 0x00, 0x09, 0x12, 0x00, 0x10, 0x00, 0x02, 0x00, 0x00, 0x00, 
    0x1a, 0x00, 0x10, 0x00, 0x02, 0x00, 0x00, 0x00, 0x01, 0x40, 0x00, 0x00, 
    0xe3, 0x03, 0x7e, 0x3c, 0x0a, 0x00, 0x10, 0x00, 0x02, 0x00, 0x00, 0x00, 
    0x32, 0x00, 0x00, 0x09, 0x22, 0x00, 0x10, 0x00, 0x00, 0x00, 0x00, 0x00, 
    0x3a, 0x00, 0x10, 0x00, 0x02, 0x00, 0x00, 0x00, 0x3a, 0x00, 0x10, 0x00, 
    0x00, 0x00, 0x00, 0x00, 0x1a, 0x00, 0x10, 0x00, 0x00, 0x00, 0x00, 0x00, 
    0xa7, 0x00, 0x00, 0x09, 0x82, 0x00, 0x10, 0x00, 0x00, 0x00, 0x00, 0x00, 
    0x2a, 0x00, 0x10, 0x00, 0x03, 0x00, 0x00, 0x00, 0x2a, 0x00, 0x10, 0x00, 
    0x05, 0x00, 0x00, 0x00, 0x06, 0xf0, 0x11, 0x00, 0x01, 0x00, 0x00, 0x00, 
    0xa7, 0x00, 0x00, 0x09, 0x22, 0x00, 0x10, 0x00, 0x02, 0x00, 0x00, 0x00, 
    0x2a, 0x00, 0x10, 0x00, 0x03, 0x00, 0x00, 0x00, 0x2a, 0x00, 0x10, 0x00, 
    0x05, 0x00, 0x00, 0x00, 0x06, 0xf0, 0x11, 0x00, 0x00, 0x00, 0x00, 0x00, 
    0x32, 0x00, 0x00, 0x09, 0x42, 0x00, 0x10, 0x00, 0x02, 0x00, 0x00, 0x00, 
    0x3a, 0x00, 0x10, 0x00, 0x00, 0x00, 0x00, 0x00, 0x01, 0x40, 0x00, 0x00, 
    0x83, 0xce, 0xa6, 0x3a, 0x2a, 0x00, 0x10, 0x00, 0x02, 0x00, 0x00, 0x00, 
    0x38, 0x00, 0x00, 0x07, 0x82, 0x00, 0x10, 0x00, 0x02, 0x00, 0x00, 0x00, 
    0x3a, 0x00, 0x10, 0x00, 0x00, 0x00, 0x00, 0x00, 0x3a, 0x00, 0x10, 0x00, 
    0x00, 0x00, 0x00, 0x00, 0x32, 0x00, 0x00, 0x09, 0x42, 0x00, 0x10, 0x00, 
    0x00, 0x00, 0x00, 0x00, 0x3a, 0x00, 0x10, 0x00, 0x02, 0x00, 0x00, 0x00, 
    0x01, 0x40, 0x00, 0x00, 0x83, 0xce, 0xa6, 0x3a, 0x2a, 0x00, 0x10, 0x00, 
    0x00, 0x00, 0x00, 0x00, 0x38, 0x00, 0x00, 0x07, 0x82, 0x00, 0x10, 0x00, 
    0x02, 0x00, 0x00, 0x00, 0x1a, 0x00, 0x10, 0x00, 0x02, 0x00, 0x00, 0x00, 
    0x01, 0x40, 0x00, 0x00, 0x83, 0xce, 0xa6, 0x3a, 0x32, 0x00, 0x00, 0x09, 
    0x12, 0x00, 0x10, 0x00, 0x00, 0x00, 0x00, 0x00, 0x1a, 0x00, 0x10, 0x00, 
    0x02, 0x00, 0x00, 0x00, 0x01, 0x40, 0x00, 0x00, 0x83, 0xce, 0xa6, 0x3a, 
    0x0a, 0x00, 0x10, 0x00, 0x00, 0x00, 0x00, 0x00, 0x38, 0x00, 0x00, 0x07, 
    0x22, 0x00, 0x10, 0x00, 0x02, 0x00, 0x00, 0x00, 0x1a, 0x00, 0x10, 0x00, 
    0x02, 0x00, 0x00, 0x00, 0x1a, 0x00, 0x10, 0x00, 0x02, 0x00, 0x00, 0x00, 
    0x32, 0x00, 0x00, 0x09, 0x12, 0x00, 0x10, 0x00, 0x02, 0x00, 0x00, 0x00, 
    0x1a, 0x00, 0x10, 0x00, 0x02, 0x00, 0x00, 0x00, 0x01, 0x40, 0x00, 0x00, 
    0x83, 0xce, 0xa6, 0x3a, 0x0a, 0x00, 0x10, 0x00, 0x02, 0x00, 0x00, 0x00, 
    0x32, 0x00, 0x00, 0x09, 0x22, 0x00, 0x10, 0x00, 0x00, 0x00, 0x00, 0x00, 
    0x3a, 0x00, 0x10, 0x00, 0x02, 0x00, 0x00, 0x00, 0x3a, 0x00, 0x10, 0x00, 
    0x00, 0x00, 0x00, 0x00, 0x1a, 0x00, 0x10, 0x00, 0x00, 0x00, 0x00, 0x00, 
    0x1e, 0x00, 0x00, 0x09, 0xf2, 0x00, 0x10, 0x00, 0x06, 0x00, 0x00, 0x00, 
    0x46, 0x24, 0x02, 0x00, 0x02, 0x40, 0x00, 0x00, 0x01, 0x00, 0x00, 0x00, 
    0x00, 0x00, 0x00, 0x00, 0x01, 0x00, 0x00, 0x00, 0x01, 0x00, 0x00, 0x00, 
    0x23, 0x00, 0x00, 0x0f, 0xa2, 0x00, 0x10, 0x00, 0x02, 0x00, 0x00, 0x00, 
    0x56, 0x0d, 0x10, 0x00, 0x06, 0x00, 0x00, 0x00, 0x02, 0x40, 0x00, 0x00, 
    0x00, 0x00, 0x00, 0x00, 0x10, 0x00, 0x00, 0x00, 0x00, 0x00, 0x00, 0x00, 
    0x10, 0x00, 0x00, 0x00, 0x02, 0x40, 0x00, 0x00, 0x00, 0x00, 0x00, 0x00, 
    0x0c, 0x00, 0x00, 0x00, 0x00, 0x00, 0x00, 0x00, 0x0c, 0x00, 0x00, 0x00, 
    0xa7, 0x00, 0x00, 0x09, 0x82, 0x00, 0x10, 0x00, 0x00, 0x00, 0x00, 0x00, 
    0x0a, 0x00, 0x10, 0x00, 0x06, 0x00, 0x00, 0x00, 0x1a, 0x00, 0x10, 0x00, 
    0x02, 0x00, 0x00, 0x00, 0x06, 0xf0, 0x11, 0x00, 0x01, 0x00, 0x00, 0x00, 
    0xa7, 0x00, 0x00, 0x09, 0x22, 0x00, 0x10, 0x00, 0x02, 0x00, 0x00, 0x00, 
    0x0a, 0x00, 0x10, 0x00, 0x06, 0x00, 0x00, 0x00, 0x1a, 0x00, 0x10, 0x00, 
    0x02, 0x00, 0x00, 0x00, 0x06, 0xf0, 0x11, 0x00, 0x00, 0x00, 0x00, 0x00, 
    0x32, 0x00, 0x00, 0x09, 0x42, 0x00, 0x10, 0x00, 0x02, 0x00, 0x00, 0x00, 
    0x3a, 0x00, 0x10, 0x00, 0x00, 0x00, 0x00, 0x00, 0x01, 0x40, 0x00, 0x00, 
    0xe3, 0x03, 0x7e, 0x3c, 0x2a, 0x00, 0x10, 0x00, 0x02, 0x00, 0x00, 0x00, 
    0x38, 0x00, 0x00, 0x07, 0x42, 0x00, 0x10, 0x00, 0x03, 0x00, 0x00, 0x00, 
    0x3a, 0x00, 0x10, 0x00, 0x00, 0x00, 0x00, 0x00, 0x3a, 0x00, 0x10, 0x00, 
    0x00, 0x00, 0x00, 0x00, 0x32, 0x00, 0x00, 0x09, 0x42, 0x00, 0x10, 0x00, 
    0x00, 0x00, 0x00, 0x00, 0x2a, 0x00, 0x10, 0x00, 0x03, 0x00, 0x00, 0x00, 
    0x01, 0x40, 0x00, 0x00, 0xe3, 0x03, 0x7e, 0x3c, 0x2a, 0x00, 0x10, 0x00, 
    0x00, 0x00, 0x00, 0x00, 0x38, 0x00, 0x00, 0x07, 0x42, 0x00, 0x10, 0x00, 
    0x03, 0x00, 0x00, 0x00, 0x1a, 0x00, 0x10, 0x00, 0x02, 0x00, 0x00, 0x00, 
    0x01, 0x40, 0x00, 0x00, 0xe3, 0x03, 0x7e, 0x3c, 0x32, 0x00, 0x00, 0x09, 
    0x12, 0x00, 0x10, 0x00, 0x00, 0x00, 0x00, 0x00, 0x1a, 0x00, 0x10, 0x00, 
    0x02, 0x00, 0x00, 0x00, 0x01, 0x40, 0x00, 0x00, 0xe3, 0x03, 0x7e, 0x3c, 
    0x0a, 0x00, 0x10, 0x00, 0x00, 0x00, 0x00, 0x00, 0x38, 0x00, 0x00, 0x07, 
    0x22, 0x00, 0x10, 0x00, 0x02, 0x00, 0x00, 0x00, 0x1a, 0x00, 0x10, 0x00, 
    0x02, 0x00, 0x00, 0x00, 0x1a, 0x00, 0x10, 0x00, 0x02, 0x00, 0x00, 0x00, 
    0x32, 0x00, 0x00, 0x09, 0x12, 0x00, 0x10, 0x00, 0x02, 0x00, 0x00, 0x00, 
    0x1a, 0x00, 0x10, 0x00, 0x02, 0x00, 0x00, 0x00, 0x01, 0x40, 0x00, 0x00, 
    0xe3, 0x03, 0x7e, 0x3c, 0x0a, 0x00, 0x10, 0x00, 0x02, 0x00, 0x00, 0x00, 
    0x32, 0x00, 0x00, 0x09, 0x22, 0x00, 0x10, 0x00, 0x00, 0x00, 0x00, 0x00, 
    0x2a, 0x00, 0x10, 0x00, 0x03, 0x00, 0x00, 0x00, 0x3a, 0x00, 0x10, 0x00, 
    0x00, 0x00, 0x00, 0x00, 0x1a, 0x00, 0x10, 0x00, 0x00, 0x00, 0x00, 0x00, 
    0xa7, 0x00, 0x00, 0x09, 0x82, 0x00, 0x10, 0x00, 0x00, 0x00, 0x00, 0x00, 
    0x2a, 0x00, 0x10, 0x00, 0x06, 0x00, 0x00, 0x00, 0x3a, 0x00, 0x10, 0x00, 
    0x02, 0x00, 0x00, 0x00, 0x06, 0xf0, 0x11, 0x00, 0x01, 0x00, 0x00, 0x00, 
    0xa7, 0x00, 0x00, 0x09, 0x22, 0x00, 0x10, 0x00, 0x02, 0x00, 0x00, 0x00, 
    0x2a, 0x00, 0x10, 0x00, 0x06, 0x00, 0x00, 0x00, 0x3a, 0x00, 0x10, 0x00, 
    0x02, 0x00, 0x00, 0x00, 0x06, 0xf0, 0x11, 0x00, 0x00, 0x00, 0x00, 0x00, 
    0x32, 0x00, 0x00, 0x09, 0x42, 0x00, 0x10, 0x00, 0x02, 0x00, 0x00, 0x00, 
    0x3a, 0x00, 0x10, 0x00, 0x00, 0x00, 0x00, 0x00, 0x01, 0x40, 0x00, 0x00, 
    0x9c, 0x68, 0x41, 0x3e, 0x2a, 0x00, 0x10, 0x00, 0x02, 0x00, 0x00, 0x00, 
    0x38, 0x00, 0x00, 0x07, 0x82, 0x00, 0x10, 0x00, 0x02, 0x00, 0x00, 0x00, 
    0x3a, 0x00, 0x10, 0x00, 0x00, 0x00, 0x00, 0x00, 0x3a, 0x00, 0x10, 0x00, 
    0x00, 0x00, 0x00, 0x00, 0x32, 0x00, 0x00, 0x09, 0x42, 0x00, 0x10, 0x00, 
    0x00, 0x00, 0x00, 0x00, 0x3a, 0x00, 0x10, 0x00, 0x02, 0x00, 0x00, 0x00, 
    0x01, 0x40, 0x00, 0x00, 0x9c, 0x68, 0x41, 0x3e, 0x2a, 0x00, 0x10, 0x00, 
    0x00, 0x00, 0x00, 0x00, 0x38, 0x00, 0x00, 0x07, 0x82, 0x00, 0x10, 0x00, 
    0x02, 0x00, 0x00, 0x00, 0x1a, 0x00, 0x10, 0x00, 0x02, 0x00, 0x00, 0x00, 
    0x01, 0x40, 0x00, 0x00, 0x9c, 0x68, 0x41, 0x3e, 0x32, 0x00, 0x00, 0x09, 
    0x12, 0x00, 0x10, 0x00, 0x00, 0x00, 0x00, 0x00, 0x1a, 0x00, 0x10, 0x00, 
    0x02, 0x00, 0x00, 0x00, 0x01, 0x40, 0x00, 0x00, 0x9c, 0x68, 0x41, 0x3e, 
    0x0a, 0x00, 0x10, 0x00, 0x00, 0x00, 0x00, 0x00, 0x38, 0x00, 0x00, 0x07, 
    0x22, 0x00, 0x10, 0x00, 0x02, 0x00, 0x00, 0x00, 0x1a, 0x00, 0x10, 0x00, 
    0x02, 0x00, 0x00, 0x00, 0x1a, 0x00, 0x10, 0x00, 0x02, 0x00, 0x00, 0x00, 
    0x32, 0x00, 0x00, 0x09, 0x12, 0x00, 0x10, 0x00, 0x02, 0x00, 0x00, 0x00, 
    0x1a, 0x00, 0x10, 0x00, 0x02, 0x00, 0x00, 0x00, 0x01, 0x40, 0x00, 0x00, 
    0x9c, 0x68, 0x41, 0x3e, 0x0a, 0x00, 0x10, 0x00, 0x02, 0x00, 0x00, 0x00, 
    0x32, 0x00, 0x00, 0x09, 0x22, 0x00, 0x10, 0x00, 0x00, 0x00, 0x00, 0x00, 
    0x3a, 0x00, 0x10, 0x00, 0x02, 0x00, 0x00, 0x00, 0x3a, 0x00, 0x10, 0x00, 
    0x00, 0x00, 0x00, 0x00, 0x1a, 0x00, 0x10, 0x00, 0x00, 0x00, 0x00, 0x00, 
    0xa7, 0x00, 0x00, 0x09, 0x82, 0x00, 0x10, 0x00, 0x00, 0x00, 0x00, 0x00, 
    0x2a, 0x00, 0x10, 0x00, 0x06, 0x00, 0x00, 0x00, 0x0a, 0x00, 0x10, 0x00, 
    0x05, 0x00, 0x00, 0x00, 0x06, 0xf0, 0x11, 0x00, 0x01, 0x00, 0x00, 0x00, 
    0xa7, 0x00, 0x00, 0x09, 0x22, 0x00, 0x10, 0x00, 0x02, 0x00, 0x00, 0x00, 
    0x2a, 0x00, 0x10, 0x00, 0x06, 0x00, 0x00, 0x00, 0x0a, 0x00, 0x10, 0x00, 
    0x05, 0x00, 0x00, 0x00, 0x06, 0xf0, 0x11, 0x00, 0x00, 0x00, 0x00, 0x00, 
    0x32, 0x00, 0x00, 0x09, 0x42, 0x00, 0x10, 0x00, 0x02, 0x00, 0x00, 0x00, 
    0x3a, 0x00, 0x10, 0x00, 0x00, 0x00, 0x00, 0x00, 0x01, 0x40, 0x00, 0x00, 
    0xa8, 0x83, 0xde, 0x3e, 0x2a, 0x00, 0x10, 0x00, 0x02, 0x00, 0x00, 0x00, 
    0x38, 0x00, 0x00, 0x07, 0x82, 0x00, 0x10, 0x00, 0x02, 0x00, 0x00, 0x00, 
    0x3a, 0x00, 0x10, 0x00, 0x00, 0x00, 0x00, 0x00, 0x3a, 0x00, 0x10, 0x00, 
    0x00, 0x00, 0x00, 0x00, 0x32, 0x00, 0x00, 0x09, 0x42, 0x00, 0x10, 0x00, 
    0x00, 0x00, 0x00, 0x00, 0x3a, 0x00, 0x10, 0x00, 0x02, 0x00, 0x00, 0x00, 
    0x01, 0x40, 0x00, 0x00, 0xa8, 0x83, 0xde, 0x3e, 0x2a, 0x00, 0x10, 0x00, 
    0x00, 0x00, 0x00, 0x00, 0x38, 0x00, 0x00, 0x07, 0x82, 0x00, 0x10, 0x00, 
    0x02, 0x00, 0x00, 0x00, 0x1a, 0x00, 0x10, 0x00, 0x02, 0x00, 0x00, 0x00, 
    0x01, 0x40, 0x00, 0x00, 0xa8, 0x83, 0xde, 0x3e, 0x32, 0x00, 0x00, 0x09, 
    0x12, 0x00, 0x10, 0x00, 0x00, 0x00, 0x00, 0x00, 0x1a, 0x00, 0x10, 0x00, 
    0x02, 0x00, 0x00, 0x00, 0x01, 0x40, 0x00, 0x00, 0xa8, 0x83, 0xde, 0x3e, 
    0x0a, 0x00, 0x10, 0x00, 0x00, 0x00, 0x00, 0x00, 0x38, 0x00, 0x00, 0x07, 
    0x22, 0x00, 0x10, 0x00, 0x02, 0x00, 0x00, 0x00, 0x1a, 0x00, 0x10, 0x00, 
    0x02, 0x00, 0x00, 0x00, 0x1a, 0x00, 0x10, 0x00, 0x02, 0x00, 0x00, 0x00, 
    0x32, 0x00, 0x00, 0x09, 0x12, 0x00, 0x10, 0x00, 0x02, 0x00, 0x00, 0x00, 
    0x1a, 0x00, 0x10, 0x00, 0x02, 0x00, 0x00, 0x00, 0x01, 0x40, 0x00, 0x00, 
    0xa8, 0x83, 0xde, 0x3e, 0x0a, 0x00, 0x10, 0x00, 0x02, 0x00, 0x00, 0x00, 
    0x32, 0x00, 0x00, 0x09, 0x22, 0x00, 0x10, 0x00, 0x00, 0x00, 0x00, 0x00, 
    0x3a, 0x00, 0x10, 0x00, 0x02, 0x00, 0x00, 0x00, 0x3a, 0x00, 0x10, 0x00, 
    0x00, 0x00, 0x00, 0x00, 0x1a, 0x00, 0x10, 0x00, 0x00, 0x00, 0x00, 0x00, 
    0xa7, 0x00, 0x00, 0x09, 0x82, 0x00, 0x10, 0x00, 0x00, 0x00, 0x00, 0x00, 
    0x2a, 0x00, 0x10, 0x00, 0x06, 0x00, 0x00, 0x00, 0x1a, 0x00, 0x10, 0x00, 
    0x05, 0x00, 0x00, 0x00, 0x06, 0xf0, 0x11, 0x00, 0x01, 0x00, 0x00, 0x00, 
    0xa7, 0x00, 0x00, 0x09, 0x22, 0x00, 0x10, 0x00, 0x02, 0x00, 0x00, 0x00, 
    0x2a, 0x00, 0x10, 0x00, 0x06, 0x00, 0x00, 0x00, 0x1a, 0x00, 0x10, 0x00, 
    0x05, 0x00, 0x00, 0x00, 0x06, 0xf0, 0x11, 0x00, 0x00, 0x00, 0x00, 0x00, 
    0x32, 0x00, 0x00, 0x09, 0x42, 0x00, 0x10, 0x00, 0x02, 0x00, 0x00, 0x00, 
    0x3a, 0x00, 0x10, 0x00, 0x00, 0x00, 0x00, 0x00, 0x01, 0x40, 0x00, 0x00, 
    0x9c, 0x68, 0x41, 0x3e, 0x2a, 0x00, 0x10, 0x00, 0x02, 0x00, 0x00, 0x00, 
    0x38, 0x00, 0x00, 0x07, 0x82, 0x00, 0x10, 0x00, 0x02, 0x00, 0x00, 0x00, 
    0x3a, 0x00, 0x10, 0x00, 0x00, 0x00, 0x00, 0x00, 0x3a, 0x00, 0x10, 0x00, 
    0x00, 0x00, 0x00, 0x00, 0x32, 0x00, 0x00, 0x09, 0x42, 0x00, 0x10, 0x00, 
    0x00, 0x00, 0x00, 0x00, 0x3a, 0x00, 0x10, 0x00, 0x02, 0x00, 0x00, 0x00, 
    0x01, 0x40, 0x00, 0x00, 0x9c, 0x68, 0x41, 0x3e, 0x2a, 0x00, 0x10, 0x00, 
    0x00, 0x00, 0x00, 0x00, 0x38, 0x00, 0x00, 0x07, 0x82, 0x00, 0x10, 0x00, 
    0x02, 0x00, 0x00, 0x00, 0x1a, 0x00, 0x10, 0x00, 0x02, 0x00, 0x00, 0x00, 
    0x01, 0x40, 0x00, 0x00, 0x9c, 0x68, 0x41, 0x3e, 0x32, 0x00, 0x00, 0x09, 
    0x12, 0x00, 0x10, 0x00, 0x00, 0x00, 0x00, 0x00, 0x1a, 0x00, 0x10, 0x00, 
    0x02, 0x00, 0x00, 0x00, 0x01, 0x40, 0x00, 0x00, 0x9c, 0x68, 0x41, 0x3e, 
    0x0a, 0x00, 0x10, 0x00, 0x00, 0x00, 0x00, 0x00, 0x38, 0x00, 0x00, 0x07, 
    0x22, 0x00, 0x10, 0x00, 0x02, 0x00, 0x00, 0x00, 0x1a, 0x00, 0x10, 0x00, 
    0x02, 0x00, 0x00, 0x00, 0x1a, 0x00, 0x10, 0x00, 0x02, 0x00, 0x00, 0x00, 
    0x32, 0x00, 0x00, 0x09, 0x12, 0x00, 0x10, 0x00, 0x02, 0x00, 0x00, 0x00, 
    0x1a, 0x00, 0x10, 0x00, 0x02, 0x00, 0x00, 0x00, 0x01, 0x40, 0x00, 0x00, 
    0x9c, 0x68, 0x41, 0x3e, 0x0a, 0x00, 0x10, 0x00, 0x02, 0x00, 0x00, 0x00, 
    0x32, 0x00, 0x00, 0x09, 0x22, 0x00, 0x10, 0x00, 0x00, 0x00, 0x00, 0x00, 
    0x3a, 0x00, 0x10, 0x00, 0x02, 0x00, 0x00, 0x00, 0x3a, 0x00, 0x10, 0x00, 
    0x00, 0x00, 0x00, 0x00, 0x1a, 0x00, 0x10, 0x00, 0x00, 0x00, 0x00, 0x00, 
    0xa7, 0x00, 0x00, 0x09, 0x82, 0x00, 0x10, 0x00, 0x00, 0x00, 0x00, 0x00, 
    0x2a, 0x00, 0x10, 0x00, 0x06, 0x00, 0x00, 0x00, 0x2a, 0x00, 0x10, 0x00, 
    0x05, 0x00, 0x00, 0x00, 0x06, 0xf0, 0x11, 0x00, 0x01, 0x00, 0x00, 0x00, 
    0xa7, 0x00, 0x00, 0x09, 0x22, 0x00, 0x10, 0x00, 0x02, 0x00, 0x00, 0x00, 
    0x2a, 0x00, 0x10, 0x00, 0x06, 0x00, 0x00, 0x00, 0x2a, 0x00, 0x10, 0x00, 
    0x05, 0x00, 0x00, 0x00, 0x06, 0xf0, 0x11, 0x00, 0x00, 0x00, 0x00, 0x00, 
    0x32, 0x00, 0x00, 0x09, 0x42, 0x00, 0x10, 0x00, 0x02, 0x00, 0x00, 0x00, 
    0x3a, 0x00, 0x10, 0x00, 0x00, 0x00, 0x00, 0x00, 0x01, 0x40, 0x00, 0x00, 
    0xe3, 0x03, 0x7e, 0x3c, 0x2a, 0x00, 0x10, 0x00, 0x02, 0x00, 0x00, 0x00, 
    0x38, 0x00, 0x00, 0x07, 0x82, 0x00, 0x10, 0x00, 0x02, 0x00, 0x00, 0x00, 
    0x3a, 0x00, 0x10, 0x00, 0x00, 0x00, 0x00, 0x00, 0x3a, 0x00, 0x10, 0x00, 
    0x00, 0x00, 0x00, 0x00, 0x32, 0x00, 0x00, 0x09, 0x42, 0x00, 0x10, 0x00, 
    0x00, 0x00, 0x00, 0x00, 0x3a, 0x00, 0x10, 0x00, 0x02, 0x00, 0x00, 0x00, 
    0x01, 0x40, 0x00, 0x00, 0xe3, 0x03, 0x7e, 0x3c, 0x2a, 0x00, 0x10, 0x00, 
    0x00, 0x00, 0x00, 0x00, 0x38, 0x00, 0x00, 0x07, 0x82, 0x00, 0x10, 0x00, 
    0x02, 0x00, 0x00, 0x00, 0x1a, 0x00, 0x10, 0x00, 0x02, 0x00, 0x00, 0x00, 
    0x01, 0x40, 0x00, 0x00, 0xe3, 0x03, 0x7e, 0x3c, 0x32, 0x00, 0x00, 0x09, 
    0x12, 0x00, 0x10, 0x00, 0x00, 0x00, 0x00, 0x00, 0x1a, 0x00, 0x10, 0x00, 
    0x02, 0x00, 0x00, 0x00, 0x01, 0x40, 0x00, 0x00, 0xe3, 0x03, 0x7e, 0x3c, 
    0x0a, 0x00, 0x10, 0x00, 0x00, 0x00, 0x00, 0x00, 0x38, 0x00, 0x00, 0x07, 
    0x22, 0x00, 0x10, 0x00, 0x02, 0x00, 0x00, 0x00, 0x1a, 0x00, 0x10, 0x00, 
    0x02, 0x00, 0x00, 0x00, 0x1a, 0x00, 0x10, 0x00, 0x02, 0x00, 0x00, 0x00, 
    0x32, 0x00, 0x00, 0x09, 0x12, 0x00, 0x10, 0x00, 0x02, 0x00, 0x00, 0x00, 
    0x1a, 0x00, 0x10, 0x00, 0x02, 0x00, 0x00, 0x00, 0x01, 0x40, 0x00, 0x00, 
    0xe3, 0x03, 0x7e, 0x3c, 0x0a, 0x00, 0x10, 0x00, 0x02, 0x00, 0x00, 0x00, 
    0x32, 0x00, 0x00, 0x09, 0x22, 0x00, 0x10, 0x00, 0x00, 0x00, 0x00, 0x00, 
    0x3a, 0x00, 0x10, 0x00, 0x02, 0x00, 0x00, 0x00, 0x3a, 0x00, 0x10, 0x00, 
    0x00, 0x00, 0x00, 0x00, 0x1a, 0x00, 0x10, 0x00, 0x00, 0x00, 0x00, 0x00, 
    0x1e, 0x00, 0x00, 0x09, 0xf2, 0x00, 0x10, 0x00, 0x07, 0x00, 0x00, 0x00, 
    0x46, 0x24, 0x02, 0x00, 0x02, 0x40, 0x00, 0x00, 0x02, 0x00, 0x00, 0x00, 
    0x00, 0x00, 0x00, 0x00, 0x02, 0x00, 0x00, 0x00, 0x01, 0x00, 0x00, 0x00, 
    0x23, 0x00, 0x00, 0x0f, 0xa2, 0x00, 0x10, 0x00, 0x02, 0x00, 0x00, 0x00, 
    0x56, 0x0d, 0x10, 0x00, 0x07, 0x00, 0x00, 0x00, 0x02, 0x40, 0x00, 0x00, 
    0x00, 0x00, 0x00, 0x00, 0x10, 0x00, 0x00, 0x00, 0x00, 0x00, 0x00, 0x00, 
    0x10, 0x00, 0x00, 0x00, 0x02, 0x40, 0x00, 0x00, 0x00, 0x00, 0x00, 0x00, 
    0x0c, 0x00, 0x00, 0x00, 0x00, 0x00, 0x00, 0x00, 0x0c, 0x00, 0x00, 0x00, 
    0xa7, 0x00, 0x00, 0x09, 0x82, 0x00, 0x10, 0x00, 0x00, 0x00, 0x00, 0x00, 
    0x0a, 0x00, 0x10, 0x00, 0x07, 0x00, 0x00, 0x00, 0x1a, 0x00, 0x10, 0x00, 
    0x02, 0x00, 0x00, 0x00, 0x06, 0xf0, 0x11, 0x00, 0x01, 0x00, 0x00, 0x00, 
    0xa7, 0x00, 0x00, 0x09, 0x22, 0x00, 0x10, 0x00, 0x02, 0x00, 0x00, 0x00, 
    0x0a, 0x00, 0x10, 0x00, 0x07, 0x00, 0x00, 0x00, 0x1a, 0x00, 0x10, 0x00, 
    0x02, 0x00, 0x00, 0x00, 0x06, 0xf0, 0x11, 0x00, 0x00, 0x00, 0x00, 0x00, 
    0x32, 0x00, 0x00, 0x09, 0x42, 0x00, 0x10, 0x00, 0x02, 0x00, 0x00, 0x00, 
    0x3a, 0x00, 0x10, 0x00, 0x00, 0x00, 0x00, 0x00, 0x01, 0x40, 0x00, 0x00, 
    0xe6, 0x1e, 0x12, 0x3d, 0x2a, 0x00, 0x10, 0x00, 0x02, 0x00, 0x00, 0x00, 
    0x38, 0x00, 0x00, 0x07, 0x42, 0x00, 0x10, 0x00, 0x03, 0x00, 0x00, 0x00, 
    0x3a, 0x00, 0x10, 0x00, 0x00, 0x00, 0x00, 0x00, 0x3a, 0x00, 0x10, 0x00, 
    0x00, 0x00, 0x00, 0x00, 0x32, 0x00, 0x00, 0x09, 0x42, 0x00, 0x10, 0x00, 
    0x00, 0x00, 0x00, 0x00, 0x2a, 0x00, 0x10, 0x00, 0x03, 0x00, 0x00, 0x00, 
    0x01, 0x40, 0x00, 0x00, 0xe6, 0x1e, 0x12, 0x3d, 0x2a, 0x00, 0x10, 0x00, 
    0x00, 0x00, 0x00, 0x00, 0x38, 0x00, 0x00, 0x07, 0x42, 0x00, 0x10, 0x00, 
    0x03, 0x00, 0x00, 0x00, 0x1a, 0x00, 0x10, 0x00, 0x02, 0x00, 0x00, 0x00, 
    0x01, 0x40, 0x00, 0x00, 0xe6, 0x1e, 0x12, 0x3d, 0x32, 0x00, 0x00, 0x09, 
    0x12, 0x00, 0x10, 0x00, 0x00, 0x00, 0x00, 0x00, 0x1a, 0x00, 0x10, 0x00, 
    0x02, 0x00, 0x00, 0x00, 0x01, 0x40, 0x00, 0x00, 0xe6, 0x1e, 0x12, 0x3d, 
    0x0a, 0x00, 0x10, 0x00, 0x00, 0x00, 0x00, 0x00, 0x38, 0x00, 0x00, 0x07, 
    0x22, 0x00, 0x10, 0x00, 0x02, 0x00, 0x00, 0x00, 0x1a, 0x00, 0x10, 0x00, 
    0x02, 0x00, 0x00, 0x00, 0x1a, 0x00, 0x10, 0x00, 0x02, 0x00, 0x00, 0x00, 
    0x32, 0x00, 0x00, 0x09, 0x12, 0x00, 0x10, 0x00, 0x02, 0x00, 0x00, 0x00, 
    0x1a, 0x00, 0x10, 0x00, 0x02, 0x00, 0x00, 0x00, 0x01, 0x40, 0x00, 0x00, 
    0xe6, 0x1e, 0x12, 0x3d, 0x0a, 0x00, 0x10, 0x00, 0x02, 0x00, 0x00, 0x00, 
    0x32, 0x00, 0x00, 0x09, 0x22, 0x00, 0x10, 0x00, 0x00, 0x00, 0x00, 0x00, 
    0x2a, 0x00, 0x10, 0x00, 0x03, 0x00, 0x00, 0x00, 0x3a, 0x00, 0x10, 0x00, 
    0x00, 0x00, 0x00, 0x00, 0x1a, 0x00, 0x10, 0x00, 0x00, 0x00, 0x00, 0x00, 
    0xa7, 0x00, 0x00, 0x09, 0x82, 0x00, 0x10, 0x00, 0x00, 0x00, 0x00, 0x00, 
    0x2a, 0x00, 0x10, 0x00, 0x07, 0x00, 0x00, 0x00, 0x3a, 0x00, 0x10, 0x00, 
    0x02, 0x00, 0x00, 0x00, 0x06, 0xf0, 0x11, 0x00, 0x01, 0x00, 0x00, 0x00, 
    0xa7, 0x00, 0x00, 0x09, 0x22, 0x00, 0x10, 0x00, 0x02, 0x00, 0x00, 0x00, 
    0x2a, 0x00, 0x10, 0x00, 0x07, 0x00, 0x00, 0x00, 0x3a, 0x00, 0x10, 0x00, 
    0x02, 0x00, 0x00, 0x00, 0x06, 0xf0, 0x11, 0x00, 0x00, 0x00, 0x00, 0x00, 
    0x32, 0x00, 0x00, 0x09, 0x42, 0x00, 0x10, 0x00, 0x02, 0x00, 0x00, 0x00, 
    0x3a, 0x00, 0x10, 0x00, 0x00, 0x00, 0x00, 0x00, 0x01, 0x40, 0x00, 0x00, 
    0xa8, 0x83, 0xde, 0x3e, 0x2a, 0x00, 0x10, 0x00, 0x02, 0x00, 0x00, 0x00, 
    0x38, 0x00, 0x00, 0x07, 0x82, 0x00, 0x10, 0x00, 0x02, 0x00, 0x00, 0x00, 
    0x3a, 0x00, 0x10, 0x00, 0x00, 0x00, 0x00, 0x00, 0x3a, 0x00, 0x10, 0x00, 
    0x00, 0x00, 0x00, 0x00, 0x32, 0x00, 0x00, 0x09, 0x42, 0x00, 0x10, 0x00, 
    0x00, 0x00, 0x00, 0x00, 0x3a, 0x00, 0x10, 0x00, 0x02, 0x00, 0x00, 0x00, 
    0x01, 0x40, 0x00, 0x00, 0xa8, 0x83, 0xde, 0x3e, 0x2a, 0x00, 0x10, 0x00, 
    0x00, 0x00, 0x00, 0x00, 0x38, 0x00, 0x00, 0x07, 0x82, 0x00, 0x10, 0x00, 
    0x02, 0x00, 0x00, 0x00, 0x1a, 0x00, 0x10, 0x00, 0x02, 0x00, 0x00, 0x00, 
    0x01, 0x40, 0x00, 0x00, 0xa8, 0x83, 0xde, 0x3e, 0x32, 0x00, 0x00, 0x09, 
    0x12, 0x00, 0x10, 0x00, 0x00, 0x00, 0x00, 0x00, 0x1a, 0x00, 0x10, 0x00, 
    0x02, 0x00, 0x00, 0x00, 0x01, 0x40, 0x00, 0x00, 0xa8, 0x83, 0xde, 0x3e, 
    0x0a, 0x00, 0x10, 0x00, 0x00, 0x00, 0x00, 0x00, 0x38, 0x00, 0x00, 0x07, 
    0x22, 0x00, 0x10, 0x00, 0x02, 0x00, 0x00, 0x00, 0x1a, 0x00, 0x10, 0x00, 
    0x02, 0x00, 0x00, 0x00, 0x1a, 0x00, 0x10, 0x00, 0x02, 0x00, 0x00, 0x00, 
    0x32, 0x00, 0x00, 0x09, 0x12, 0x00, 0x10, 0x00, 0x02, 0x00, 0x00, 0x00, 
    0x1a, 0x00, 0x10, 0x00, 0x02, 0x00, 0x00, 0x00, 0x01, 0x40, 0x00, 0x00, 
    0xa8, 0x83, 0xde, 0x3e, 0x0a, 0x00, 0x10, 0x00, 0x02, 0x00, 0x00, 0x00, 
    0x32, 0x00, 0x00, 0x09, 0x22, 0x00, 0x10, 0x00, 0x00, 0x00, 0x00, 0x00, 
    0x3a, 0x00, 0x10, 0x00, 0x02, 0x00, 0x00, 0x00, 0x3a, 0x00, 0x10, 0x00, 
    0x00, 0x00, 0x00, 0x00, 0x1a, 0x00, 0x10, 0x00, 0x00, 0x00, 0x00, 0x00, 
    0xa7, 0x00, 0x00, 0x09, 0xf2, 0x00, 0x10, 0x00, 0x07, 0x00, 0x00, 0x00, 
    0x0a, 0x00, 0x10, 0x00, 0x03, 0x00, 0x00, 0x00, 0x0a, 0x00, 0x10, 0x00, 
    0x04, 0x00, 0x00, 0x00, 0x46, 0xfe, 0x11, 0x00, 0x01, 0x00, 0x00, 0x00, 
    0xa7, 0x00, 0x00, 0x09, 0xf2, 0x00, 0x10, 0x00, 0x08, 0x00, 0x00, 0x00, 
    0x0a, 0x00, 0x10, 0x00, 0x03, 0x00, 0x00, 0x00, 0x0a, 0x00, 0x10, 0x00, 
    0x04, 0x00, 0x00, 0x00, 0x46, 0xfe, 0x11, 0x00, 0x00, 0x00, 0x00, 0x00, 
    0x00, 0x00, 0x00, 0x07, 0x82, 0x00, 0x10, 0x00, 0x00, 0x00, 0x00, 0x00, 
    0x2a, 0x00, 0x10, 0x00, 0x02, 0x00, 0x00, 0x00, 0x3a, 0x00, 0x10, 0x00, 
    0x07, 0x00, 0x00, 0x00, 0x32, 0x00, 0x00, 0x09, 0x42, 0x00, 0x10, 0x00, 
    0x00, 0x00, 0x00, 0x00, 0x3a, 0x00, 0x10, 0x00, 0x07, 0x00, 0x00, 0x00, 
    0x3a, 0x00, 0x10, 0x00, 0x07, 0x00, 0x00, 0x00, 0x2a, 0x00, 0x10, 0x00, 
    0x00, 0x00, 0x00, 0x00, 0x00, 0x00, 0x00, 0x07, 0x12, 0x00, 0x10, 0x00, 
    0x00, 0x00, 0x00, 0x00, 0x0a, 0x00, 0x10, 0x00, 0x00, 0x00, 0x00, 0x00, 
    0x3a, 0x00, 0x10, 0x00, 0x08, 0x00, 0x00, 0x00, 0x32, 0x00, 0x00, 0x09, 
    0x12, 0x00, 0x10, 0x00, 0x02, 0x00, 0x00, 0x00, 0x3a, 0x00, 0x10, 0x00, 
    0x08, 0x00, 0x00, 0x00, 0x3a, 0x00, 0x10, 0x00, 0x08, 0x00, 0x00, 0x00, 
    0x0a, 0x00, 0x10, 0x00, 0x02, 0x00, 0x00, 0x00, 0x32, 0x00, 0x00, 0x09, 
    0x22, 0x00, 0x10, 0x00, 0x00, 0x00, 0x00, 0x00, 0x3a, 0x00, 0x10, 0x00, 
    0x08, 0x00, 0x00, 0x00, 0x3a, 0x00, 0x10, 0x00, 0x07, 0x00, 0x00, 0x00, 
    0x1a, 0x00, 0x10, 0x00, 0x00, 0x00, 0x00, 0x00, 0xa7, 0x00, 0x00, 0x09, 
    0x22, 0x00, 0x10, 0x00, 0x02, 0x00, 0x00, 0x00, 0x0a, 0x00, 0x10, 0x00, 
    0x03, 0x00, 0x00, 0x00, 0x1a, 0x00, 0x10, 0x00, 0x05, 0x00, 0x00, 0x00, 
    0x06, 0xf0, 0x11, 0x00, 0x01, 0x00, 0x00, 0x00, 0xa7, 0x00, 0x00, 0x09, 
    0x42, 0x00, 0x10, 0x00, 0x02, 0x00, 0x00, 0x00, 0x0a, 0x00, 0x10, 0x00, 
    0x03, 0x00, 0x00, 0x00, 0x1a, 0x00, 0x10, 0x00, 0x05, 0x00, 0x00, 0x00, 
    0x06, 0xf0, 0x11, 0x00, 0x00, 0x00, 0x00, 0x00, 0x32, 0x00, 0x00, 0x09, 
    0x82, 0x00, 0x10, 0x00, 0x00, 0x00, 0x00, 0x00, 0x1a, 0x00, 0x10, 0x00, 
    0x02, 0x00, 0x00, 0x00, 0x01, 0x40, 0x00, 0x00, 0xa8, 0x83, 0xde, 0x3e, 
    0x3a, 0x00, 0x10, 0x00, 0x00, 0x00, 0x00, 0x00, 0x38, 0x00, 0x00, 0x07, 
    0x82, 0x00, 0x10, 0x00, 0x02, 0x00, 0x00, 0x00, 0x1a, 0x00, 0x10, 0x00, 
    0x02, 0x00, 0x00, 0x00, 0x1a, 0x00, 0x10, 0x00, 0x02, 0x00, 0x00, 0x00, 
    0x32, 0x00, 0x00, 0x09, 0x42, 0x00, 0x10, 0x00, 0x00, 0x00, 0x00, 0x00, 
    0x3a, 0x00, 0x10, 0x00, 0x02, 0x00, 0x00, 0x00, 0x01, 0x40, 0x00, 0x00, 
    0xa8, 0x83, 0xde, 0x3e, 0x2a, 0x00, 0x10, 0x00, 0x00, 0x00, 0x00, 0x00, 
    0x38, 0x00, 0x00, 0x07, 0x82, 0x00, 0x10, 0x00, 0x02, 0x00, 0x00, 0x00, 
    0x2a, 0x00, 0x10, 0x00, 0x02, 0x00, 0x00, 0x00, 0x01, 0x40, 0x00, 0x00, 
    0xa8, 0x83, 0xde, 0x3e, 0x32, 0x00, 0x00, 0x09, 0x12, 0x00, 0x10, 0x00, 
    0x00, 0x00, 0x00, 0x00, 0x2a, 0x00, 0x10, 0x00, 0x02, 0x00, 0x00, 0x00, 
    0x01, 0x40, 0x00, 0x00, 0xa8, 0x83, 0xde, 0x3e, 0x0a, 0x00, 0x10, 0x00, 
    0x00, 0x00, 0x00, 0x00, 0x38, 0x00, 0x00, 0x07, 0x42, 0x00, 0x10, 0x00, 
    0x02, 0x00, 0x00, 0x00, 0x2a, 0x00, 0x10, 0x00, 0x02, 0x00, 0x00, 0x00, 
    0x2a, 0x00, 0x10, 0x00, 0x02, 0x00, 0x00, 0x00, 0x32, 0x00, 0x00, 0x09, 
    0x12, 0x00, 0x10, 0x00, 0x02, 0x00, 0x00, 0x00, 0x2a, 0x00, 0x10, 0x00, 
    0x02, 0x00, 0x00, 0x00, 0x01, 0x40, 0x00, 0x00, 0xa8, 0x83, 0xde, 0x3e, 
    0x0a, 0x00, 0x10, 0x00, 0x02, 0x00, 0x00, 0x00, 0x32, 0x00, 0x00, 0x09, 
    0x22, 0x00, 0x10, 0x00, 0x00, 0x00, 0x00, 0x00, 0x3a, 0x00, 0x10, 0x00, 
    0x02, 0x00, 0x00, 0x00, 0x1a, 0x00, 0x10, 0x00, 0x02, 0x00, 0x00, 0x00, 
    0x1a, 0x00, 0x10, 0x00, 0x00, 0x00, 0x00, 0x00, 0xa7, 0x00, 0x00, 0x09, 
    0x22, 0x00, 0x10, 0x00, 0x02, 0x00, 0x00, 0x00, 0x0a, 0x00, 0x10, 0x00, 
    0x03, 0x00, 0x00, 0x00, 0x2a, 0x00, 0x10, 0x00, 0x05, 0x00, 0x00, 0x00, 
    0x06, 0xf0, 0x11, 0x00, 0x01, 0x00, 0x00, 0x00, 0xa7, 0x00, 0x00, 0x09, 
    0x42, 0x00, 0x10, 0x00, 0x02, 0x00, 0x00, 0x00, 0x0a, 0x00, 0x10, 0x00, 
    0x03, 0x00, 0x00, 0x00, 0x2a, 0x00, 0x10, 0x00, 0x05, 0x00, 0x00, 0x00, 
    0x06, 0xf0, 0x11, 0x00, 0x00, 0x00, 0x00, 0x00, 0x32, 0x00, 0x00, 0x09, 
    0x82, 0x00, 0x10, 0x00, 0x00, 0x00, 0x00, 0x00, 0x1a, 0x00, 0x10, 0x00, 
    0x02, 0x00, 0x00, 0x00, 0x01, 0x40, 0x00, 0x00, 0xe6, 0x1e, 0x12, 0x3d, 
    0x3a, 0x00, 0x10, 0x00, 0x00, 0x00, 0x00, 0x00, 0x38, 0x00, 0x00, 0x07, 
    0x82, 0x00, 0x10, 0x00, 0x02, 0x00, 0x00, 0x00, 0x1a, 0x00, 0x10, 0x00, 
    0x02, 0x00, 0x00, 0x00, 0x1a, 0x00, 0x10, 0x00, 0x02, 0x00, 0x00, 0x00, 
    0x32, 0x00, 0x00, 0x09, 0x42, 0x00, 0x10, 0x00, 0x00, 0x00, 0x00, 0x00, 
    0x3a, 0x00, 0x10, 0x00, 0x02, 0x00, 0x00, 0x00, 0x01, 0x40, 0x00, 0x00, 
    0xe6, 0x1e, 0x12, 0x3d, 0x2a, 0x00, 0x10, 0x00, 0x00, 0x00, 0x00, 0x00, 
    0x38, 0x00, 0x00, 0x07, 0x82, 0x00, 0x10, 0x00, 0x02, 0x00, 0x00, 0x00, 
    0x2a, 0x00, 0x10, 0x00, 0x02, 0x00, 0x00, 0x00, 0x01, 0x40, 0x00, 0x00, 
    0xe6, 0x1e, 0x12, 0x3d, 0x32, 0x00, 0x00, 0x09, 0x12, 0x00, 0x10, 0x00, 
    0x00, 0x00, 0x00, 0x00, 0x2a, 0x00, 0x10, 0x00, 0x02, 0x00, 0x00, 0x00, 
    0x01, 0x40, 0x00, 0x00, 0xe6, 0x1e, 0x12, 0x3d, 0x0a, 0x00, 0x10, 0x00, 
    0x00, 0x00, 0x00, 0x00, 0x38, 0x00, 0x00, 0x07, 0x42, 0x00, 0x10, 0x00, 
    0x02, 0x00, 0x00, 0x00, 0x2a, 0x00, 0x10, 0x00, 0x02, 0x00, 0x00, 0x00, 
    0x2a, 0x00, 0x10, 0x00, 0x02, 0x00, 0x00, 0x00, 0x32, 0x00, 0x00, 0x09, 
    0x12, 0x00, 0x10, 0x00, 0x02, 0x00, 0x00, 0x00, 0x2a, 0x00, 0x10, 0x00, 
    0x02, 0x00, 0x00, 0x00, 0x01, 0x40, 0x00, 0x00, 0xe6, 0x1e, 0x12, 0x3d, 
    0x0a, 0x00, 0x10, 0x00, 0x02, 0x00, 0x00, 0x00, 0x32, 0x00, 0x00, 0x09, 
    0x22, 0x00, 0x10, 0x00, 0x00, 0x00, 0x00, 0x00, 0x3a, 0x00, 0x10, 0x00, 
    0x02, 0x00, 0x00, 0x00, 0x1a, 0x00, 0x10, 0x00, 0x02, 0x00, 0x00, 0x00, 
    0x1a, 0x00, 0x10, 0x00, 0x00, 0x00, 0x00, 0x00, 0x1e, 0x00, 0x00, 0x09, 
    0xf2, 0x00, 0x10, 0x00, 0x09, 0x00, 0x00, 0x00, 0x46, 0x24, 0x02, 0x00, 
    0x02, 0x40, 0x00, 0x00, 0x03, 0x00, 0x00, 0x00, 0x00, 0x00, 0x00, 0x00, 
    0x03, 0x00, 0x00, 0x00, 0x01, 0x00, 0x00, 0x00, 0x23, 0x00, 0x00, 0x0f, 
    0x62, 0x00, 0x10, 0x00, 0x02, 0x00, 0x00, 0x00, 0x56, 0x07, 0x10, 0x00, 
    0x09, 0x00, 0x00, 0x00, 0x02, 0x40, 0x00, 0x00, 0x00, 0x00, 0x00, 0x00, 
    0x10, 0x00, 0x00, 0x00, 0x10, 0x00, 0x00, 0x00, 0x00, 0x00, 0x00, 0x00, 
    0x02, 0x40, 0x00, 0x00, 0x00, 0x00, 0x00, 0x00, 0x0c, 0x00, 0x00, 0x00, 
    0x0c, 0x00, 0x00, 0x00, 0x00, 0x00, 0x00, 0x00, 0xa7, 0x00, 0x00, 0x09, 
    0x82, 0x00, 0x10, 0x00, 0x02, 0x00, 0x00, 0x00, 0x0a, 0x00, 0x10, 0x00, 
    0x09, 0x00, 0x00, 0x00, 0x1a, 0x00, 0x10, 0x00, 0x02, 0x00, 0x00, 0x00, 
    0x06, 0xf0, 0x11, 0x00, 0x01, 0x00, 0x00, 0x00, 0xa7, 0x00, 0x00, 0x09, 
    0x22, 0x00, 0x10, 0x00, 0x02, 0x00, 0x00, 0x00, 0x0a, 0x00, 0x10, 0x00, 
    0x09, 0x00, 0x00, 0x00, 0x1a, 0x00, 0x10, 0x00, 0x02, 0x00, 0x00, 0x00, 
    0x06, 0xf0, 0x11, 0x00, 0x00, 0x00, 0x00, 0x00, 0x32, 0x00, 0x00, 0x09, 
    0x82, 0x00, 0x10, 0x00, 0x00, 0x00, 0x00, 0x00, 0x3a, 0x00, 0x10, 0x00, 
    0x02, 0x00, 0x00, 0x00, 0x01, 0x40, 0x00, 0x00, 0xe3, 0x03, 0x7e, 0x3c, 
    0x3a, 0x00, 0x10, 0x00, 0x00, 0x00, 0x00, 0x00, 0x38, 0x00, 0x00, 0x07, 
    0x42, 0x00, 0x10, 0x00, 0x03, 0x00, 0x00, 0x00, 0x3a, 0x00, 0x10, 0x00, 
    0x02, 0x00, 0x00, 0x00, 0x3a, 0x00, 0x10, 0x00, 0x02, 0x00, 0x00, 0x00, 
    0x32, 0x00, 0x00, 0x09, 0x42, 0x00, 0x10, 0x00, 0x00, 0x00, 0x00, 0x00, 
    0x2a, 0x00, 0x10, 0x00, 0x03, 0x00, 0x00, 0x00, 0x01, 0x40, 0x00, 0x00, 
    0xe3, 0x03, 0x7e, 0x3c, 0x2a, 0x00, 0x10, 0x00, 0x00, 0x00, 0x00, 0x00, 
    0x38, 0x00, 0x00, 0x07, 0x42, 0x00, 0x10, 0x00, 0x03, 0x00, 0x00, 0x00, 
    0x1a, 0x00, 0x10, 0x00, 0x02, 0x00, 0x00, 0x00, 0x01, 0x40, 0x00, 0x00, 
    0xe3, 0x03, 0x7e, 0x3c, 0x32, 0x00, 0x00, 0x09, 0x12, 0x00, 0x10, 0x00, 
    0x00, 0x00, 0x00, 0x00, 0x1a, 0x00, 0x10, 0x00, 0x02, 0x00, 0x00, 0x00, 
    0x01, 0x40, 0x00, 0x00, 0xe3, 0x03, 0x7e, 0x3c, 0x0a, 0x00, 0x10, 0x00, 
    0x00, 0x00, 0x00, 0x00, 0x38, 0x00, 0x00, 0x07, 0x22, 0x00, 0x10, 0x00, 
    0x02, 0x00, 0x00, 0x00, 0x1a, 0x00, 0x10, 0x00, 0x02, 0x00, 0x00, 0x00, 
    0x1a, 0x00, 0x10, 0x00, 0x02, 0x00, 0x00, 0x00, 0x32, 0x00, 0x00, 0x09, 
    0x12, 0x00, 0x10, 0x00, 0x02, 0x00, 0x00, 0x00, 0x1a, 0x00, 0x10, 0x00, 
    0x02, 0x00, 0x00, 0x00, 0x01, 0x40, 0x00, 0x00, 0xe3, 0x03, 0x7e, 0x3c, 
    0x0a, 0x00, 0x10, 0x00, 0x02, 0x00, 0x00, 0x00, 0x32, 0x00, 0x00, 0x09, 
    0x22, 0x00, 0x10, 0x00, 0x00, 0x00, 0x00, 0x00, 0x2a, 0x00, 0x10, 0x00, 
    0x03, 0x00, 0x00, 0x00, 0x3a, 0x00, 0x10, 0x00, 0x02, 0x00, 0x00, 0x00, 
    0x1a, 0x00, 0x10, 0x00, 0x00, 0x00, 0x00, 0x00, 0xa7, 0x00, 0x00, 0x09, 
    0x22, 0x00, 0x10, 0x00, 0x02, 0x00, 0x00, 0x00, 0x2a, 0x00, 0x10, 0x00, 
    0x09, 0x00, 0x00, 0x00, 0x2a, 0x00, 0x10, 0x00, 0x02, 0x00, 0x00, 0x00, 
    0x06, 0xf0, 0x11, 0x00, 0x01, 0x00, 0x00, 0x00, 0xa7, 0x00, 0x00, 0x09, 
    0x42, 0x00, 0x10, 0x00, 0x02, 0x00, 0x00, 0x00, 0x2a, 0x00, 0x10, 0x00, 
    0x09, 0x00, 0x00, 0x00, 0x2a, 0x00, 0x10, 0x00, 0x02, 0x00, 0x00, 0x00, 
    0x06, 0xf0, 0x11, 0x00, 0x00, 0x00, 0x00, 0x00, 0x32, 0x00, 0x00, 0x09, 
    0x82, 0x00, 0x10, 0x00, 0x00, 0x00, 0x00, 0x00, 0x1a, 0x00, 0x10, 0x00, 
    0x02, 0x00, 0x00, 0x00, 0x01, 0x40, 0x00, 0x00, 0x9c, 0x68, 0x41, 0x3e, 
    0x3a, 0x00, 0x10, 0x00, 0x00, 0x00, 0x00, 0x00, 0x38, 0x00, 0x00, 0x07, 
    0x82, 0x00, 0x10, 0x00, 0x02, 0x00, 0x00, 0x00, 0x1a, 0x00, 0x10, 0x00, 
    0x02, 0x00, 0x00, 0x00, 0x1a, 0x00, 0x10, 0x00, 0x02, 0x00, 0x00, 0x00, 
    0x32, 0x00, 0x00, 0x09, 0x42, 0x00, 0x10, 0x00, 0x00, 0x00, 0x00, 0x00, 
    0x3a, 0x00, 0x10, 0x00, 0x02, 0x00, 0x00, 0x00, 0x01, 0x40, 0x00, 0x00, 
    0x9c, 0x68, 0x41, 0x3e, 0x2a, 0x00, 0x10, 0x00, 0x00, 0x00, 0x00, 0x00, 
    0x38, 0x00, 0x00, 0x07, 0x82, 0x00, 0x10, 0x00, 0x02, 0x00, 0x00, 0x00, 
    0x2a, 0x00, 0x10, 0x00, 0x02, 0x00, 0x00, 0x00, 0x01, 0x40, 0x00, 0x00, 
    0x9c, 0x68, 0x41, 0x3e, 0x32, 0x00, 0x00, 0x09, 0x12, 0x00, 0x10, 0x00, 
    0x00, 0x00, 0x00, 0x00, 0x2a, 0x00, 0x10, 0x00, 0x02, 0x00, 0x00, 0x00, 
    0x01, 0x40, 0x00, 0x00, 0x9c, 0x68, 0x41, 0x3e, 0x0a, 0x00, 0x10, 0x00, 
    0x00, 0x00, 0x00, 0x00, 0x38, 0x00, 0x00, 0x07, 0x42, 0x00, 0x10, 0x00, 
    0x02, 0x00, 0x00, 0x00, 0x2a, 0x00, 0x10, 0x00, 0x02, 0x00, 0x00, 0x00, 
    0x2a, 0x00, 0x10, 0x00, 0x02, 0x00, 0x00, 0x00, 0x32, 0x00, 0x00, 0x09, 
    0x12, 0x00, 0x10, 0x00, 0x02, 0x00, 0x00, 0x00, 0x2a, 0x00, 0x10, 0x00, 
    0x02, 0x00, 0x00, 0x00, 0x01, 0x40, 0x00, 0x00, 0x9c, 0x68, 0x41, 0x3e, 
    0x0a, 0x00, 0x10, 0x00, 0x02, 0x00, 0x00, 0x00, 0x32, 0x00, 0x00, 0x09, 
    0x22, 0x00, 0x10, 0x00, 0x00, 0x00, 0x00, 0x00, 0x3a, 0x00, 0x10, 0x00, 
    0x02, 0x00, 0x00, 0x00, 0x1a, 0x00, 0x10, 0x00, 0x02, 0x00, 0x00, 0x00, 
    0x1a, 0x00, 0x10, 0x00, 0x00, 0x00, 0x00, 0x00, 0xa7, 0x00, 0x00, 0x09, 
    0x22, 0x00, 0x10, 0x00, 0x02, 0x00, 0x00, 0x00, 0x2a, 0x00, 0x10, 0x00, 
    0x09, 0x00, 0x00, 0x00, 0x0a, 0x00, 0x10, 0x00, 0x05, 0x00, 0x00, 0x00, 
    0x06, 0xf0, 0x11, 0x00, 0x01, 0x00, 0x00, 0x00, 0xa7, 0x00, 0x00, 0x09, 
    0x42, 0x00, 0x10, 0x00, 0x02, 0x00, 0x00, 0x00, 0x2a, 0x00, 0x10, 0x00, 
    0x09, 0x00, 0x00, 0x00, 0x0a, 0x00, 0x10, 0x00, 0x05, 0x00, 0x00, 0x00, 
    0x06, 0xf0, 0x11, 0x00, 0x00, 0x00, 0x00, 0x00, 0x32, 0x00, 0x00, 0x09, 
    0x82, 0x00, 0x10, 0x00, 0x00, 0x00, 0x00, 0x00, 0x1a, 0x00, 0x10, 0x00, 
    0x02, 0x00, 0x00, 0x00, 0x01, 0x40, 0x00, 0x00, 0xa8, 0x83, 0xde, 0x3e, 
    0x3a, 0x00, 0x10, 0x00, 0x00, 0x00, 0x00, 0x00, 0x38, 0x00, 0x00, 0x07, 
    0x82, 0x00, 0x10, 0x00, 0x02, 0x00, 0x00, 0x00, 0x1a, 0x00, 0x10, 0x00, 
    0x02, 0x00, 0x00, 0x00, 0x1a, 0x00, 0x10, 0x00, 0x02, 0x00, 0x00, 0x00, 
    0x32, 0x00, 0x00, 0x09, 0x42, 0x00, 0x10, 0x00, 0x00, 0x00, 0x00, 0x00, 
    0x3a, 0x00, 0x10, 0x00, 0x02, 0x00, 0x00, 0x00, 0x01, 0x40, 0x00, 0x00, 
    0xa8, 0x83, 0xde, 0x3e, 0x2a, 0x00, 0x10, 0x00, 0x00, 0x00, 0x00, 0x00, 
    0x38, 0x00, 0x00, 0x07, 0x82, 0x00, 0x10, 0x00, 0x02, 0x00, 0x00, 0x00, 
    0x2a, 0x00, 0x10, 0x00, 0x02, 0x00, 0x00, 0x00, 0x01, 0x40, 0x00, 0x00, 
    0xa8, 0x83, 0xde, 0x3e, 0x32, 0x00, 0x00, 0x09, 0x12, 0x00, 0x10, 0x00, 
    0x00, 0x00, 0x00, 0x00, 0x2a, 0x00, 0x10, 0x00, 0x02, 0x00, 0x00, 0x00, 
    0x01, 0x40, 0x00, 0x00, 0xa8, 0x83, 0xde, 0x3e, 0x0a, 0x00, 0x10, 0x00, 
    0x00, 0x00, 0x00, 0x00, 0x38, 0x00, 0x00, 0x07, 0x42, 0x00, 0x10, 0x00, 
    0x02, 0x00, 0x00, 0x00, 0x2a, 0x00, 0x10, 0x00, 0x02, 0x00, 0x00, 0x00, 
    0x2a, 0x00, 0x10, 0x00, 0x02, 0x00, 0x00, 0x00, 0x32, 0x00, 0x00, 0x09, 
    0x12, 0x00, 0x10, 0x00, 0x02, 0x00, 0x00, 0x00, 0x2a, 0x00, 0x10, 0x00, 
    0x02, 0x00, 0x00, 0x00, 0x01, 0x40, 0x00, 0x00, 0xa8, 0x83, 0xde, 0x3e, 
    0x0a, 0x00, 0x10, 0x00, 0x02, 0x00, 0x00, 0x00, 0x32, 0x00, 0x00, 0x09, 
    0x22, 0x00, 0x10, 0x00, 0x00, 0x00, 0x00, 0x00, 0x3a, 0x00, 0x10, 0x00, 
    0x02, 0x00, 0x00, 0x00, 0x1a, 0x00, 0x10, 0x00, 0x02, 0x00, 0x00, 0x00, 
    0x1a, 0x00, 0x10, 0x00, 0x00, 0x00, 0x00, 0x00, 0xa7, 0x00, 0x00, 0x09, 
    0x22, 0x00, 0x10, 0x00, 0x02, 0x00, 0x00, 0x00, 0x2a, 0x00, 0x10, 0x00, 
    0x09, 0x00, 0x00, 0x00, 0x1a, 0x00, 0x10, 0x00, 0x05, 0x00, 0x00, 0x00, 
    0x06, 0xf0, 0x11, 0x00, 0x01, 0x00, 0x00, 0x00, 0xa7, 0x00, 0x00, 0x09, 
    0x42, 0x00, 0x10, 0x00, 0x02, 0x00, 0x00, 0x00, 0x2a, 0x00, 0x10, 0x00, 
    0x09, 0x00, 0x00, 0x00, 0x1a, 0x00, 0x10, 0x00, 0x05, 0x00, 0x00, 0x00, 
    0x06, 0xf0, 0x11, 0x00, 0x00, 0x00, 0x00, 0x00, 0x32, 0x00, 0x00, 0x09, 
    0x82, 0x00, 0x10, 0x00, 0x00, 0x00, 0x00, 0x00, 0x1a, 0x00, 0x10, 0x00, 
    0x02, 0x00, 0x00, 0x00, 0x01, 0x40, 0x00, 0x00, 0x9c, 0x68, 0x41, 0x3e, 
    0x3a, 0x00, 0x10, 0x00, 0x00, 0x00, 0x00, 0x00, 0x38, 0x00, 0x00, 0x07, 
    0x82, 0x00, 0x10, 0x00, 0x02, 0x00, 0x00, 0x00, 0x1a, 0x00, 0x10, 0x00, 
    0x02, 0x00, 0x00, 0x00, 0x1a, 0x00, 0x10, 0x00, 0x02, 0x00, 0x00, 0x00, 
    0x32, 0x00, 0x00, 0x09, 0x42, 0x00, 0x10, 0x00, 0x00, 0x00, 0x00, 0x00, 
    0x3a, 0x00, 0x10, 0x00, 0x02, 0x00, 0x00, 0x00, 0x01, 0x40, 0x00, 0x00, 
    0x9c, 0x68, 0x41, 0x3e, 0x2a, 0x00, 0x10, 0x00, 0x00, 0x00, 0x00, 0x00, 
    0x38, 0x00, 0x00, 0x07, 0x82, 0x00, 0x10, 0x00, 0x02, 0x00, 0x00, 0x00, 
    0x2a, 0x00, 0x10, 0x00, 0x02, 0x00, 0x00, 0x00, 0x01, 0x40, 0x00, 0x00, 
    0x9c, 0x68, 0x41, 0x3e, 0x32, 0x00, 0x00, 0x09, 0x12, 0x00, 0x10, 0x00, 
    0x00, 0x00, 0x00, 0x00, 0x2a, 0x00, 0x10, 0x00, 0x02, 0x00, 0x00, 0x00, 
    0x01, 0x40, 0x00, 0x00, 0x9c, 0x68, 0x41, 0x3e, 0x0a, 0x00, 0x10, 0x00, 
    0x00, 0x00, 0x00, 0x00, 0x38, 0x00, 0x00, 0x07, 0x42, 0x00, 0x10, 0x00, 
    0x02, 0x00, 0x00, 0x00, 0x2a, 0x00, 0x10, 0x00, 0x02, 0x00, 0x00, 0x00, 
    0x2a, 0x00, 0x10, 0x00, 0x02, 0x00, 0x00, 0x00, 0x32, 0x00, 0x00, 0x09, 
    0x12, 0x00, 0x10, 0x00, 0x02, 0x00, 0x00, 0x00, 0x2a, 0x00, 0x10, 0x00, 
    0x02, 0x00, 0x00, 0x00, 0x01, 0x40, 0x00, 0x00, 0x9c, 0x68, 0x41, 0x3e, 
    0x0a, 0x00, 0x10, 0x00, 0x02, 0x00, 0x00, 0x00, 0x32, 0x00, 0x00, 0x09, 
    0x22, 0x00, 0x10, 0x00, 0x00, 0x00, 0x00, 0x00, 0x3a, 0x00, 0x10, 0x00, 
    0x02, 0x00, 0x00, 0x00, 0x1a, 0x00, 0x10, 0x00, 0x02, 0x00, 0x00, 0x00, 
    0x1a, 0x00, 0x10, 0x00, 0x00, 0x00, 0x00, 0x00, 0xa7, 0x00, 0x00, 0x09, 
    0x22, 0x00, 0x10, 0x00, 0x02, 0x00, 0x00, 0x00, 0x2a, 0x00, 0x10, 0x00, 
    0x09, 0x00, 0x00, 0x00, 0x2a, 0x00, 0x10, 0x00, 0x05, 0x00, 0x00, 0x00, 
    0x06, 0xf0, 0x11, 0x00, 0x01, 0x00, 0x00, 0x00, 0xa7, 0x00, 0x00, 0x09, 
    0x42, 0x00, 0x10, 0x00, 0x02, 0x00, 0x00, 0x00, 0x2a, 0x00, 0x10, 0x00, 
    0x09, 0x00, 0x00, 0x00, 0x2a, 0x00, 0x10, 0x00, 0x05, 0x00, 0x00, 0x00, 
    0x06, 0xf0, 0x11, 0x00, 0x00, 0x00, 0x00, 0x00, 0x32, 0x00, 0x00, 0x09, 
    0x82, 0x00, 0x10, 0x00, 0x00, 0x00, 0x00, 0x00, 0x1a, 0x00, 0x10, 0x00, 
    0x02, 0x00, 0x00, 0x00, 0x01, 0x40, 0x00, 0x00, 0xe3, 0x03, 0x7e, 0x3c, 
    0x3a, 0x00, 0x10, 0x00, 0x00, 0x00, 0x00, 0x00, 0x38, 0x00, 0x00, 0x07, 
    0x82, 0x00, 0x10, 0x00, 0x02, 0x00, 0x00, 0x00, 0x1a, 0x00, 0x10, 0x00, 
    0x02, 0x00, 0x00, 0x00, 0x1a, 0x00, 0x10, 0x00, 0x02, 0x00, 0x00, 0x00, 
    0x32, 0x00, 0x00, 0x09, 0x42, 0x00, 0x10, 0x00, 0x00, 0x00, 0x00, 0x00, 
    0x3a, 0x00, 0x10, 0x00, 0x02, 0x00, 0x00, 0x00, 0x01, 0x40, 0x00, 0x00, 
    0xe3, 0x03, 0x7e, 0x3c, 0x2a, 0x00, 0x10, 0x00, 0x00, 0x00, 0x00, 0x00, 
    0x38, 0x00, 0x00, 0x07, 0x82, 0x00, 0x10, 0x00, 0x02, 0x00, 0x00, 0x00, 
    0x2a, 0x00, 0x10, 0x00, 0x02, 0x00, 0x00, 0x00, 0x01, 0x40, 0x00, 0x00, 
    0xe3, 0x03, 0x7e, 0x3c, 0x32, 0x00, 0x00, 0x09, 0x12, 0x00, 0x10, 0x00, 
    0x00, 0x00, 0x00, 0x00, 0x2a, 0x00, 0x10, 0x00, 0x02, 0x00, 0x00, 0x00, 
    0x01, 0x40, 0x00, 0x00, 0xe3, 0x03, 0x7e, 0x3c, 0x0a, 0x00, 0x10, 0x00, 
    0x00, 0x00, 0x00, 0x00, 0x38, 0x00, 0x00, 0x07, 0x42, 0x00, 0x10, 0x00, 
    0x02, 0x00, 0x00, 0x00, 0x2a, 0x00, 0x10, 0x00, 0x02, 0x00, 0x00, 0x00, 
    0x2a, 0x00, 0x10, 0x00, 0x02, 0x00, 0x00, 0x00, 0x32, 0x00, 0x00, 0x09, 
    0x12, 0x00, 0x10, 0x00, 0x02, 0x00, 0x00, 0x00, 0x2a, 0x00, 0x10, 0x00, 
    0x02, 0x00, 0x00, 0x00, 0x01, 0x40, 0x00, 0x00, 0xe3, 0x03, 0x7e, 0x3c, 
    0x0a, 0x00, 0x10, 0x00, 0x02, 0x00, 0x00, 0x00, 0x32, 0x00, 0x00, 0x09, 
    0x22, 0x00, 0x10, 0x00, 0x00, 0x00, 0x00, 0x00, 0x3a, 0x00, 0x10, 0x00, 
    0x02, 0x00, 0x00, 0x00, 0x1a, 0x00, 0x10, 0x00, 0x02, 0x00, 0x00, 0x00, 
    0x1a, 0x00, 0x10, 0x00, 0x00, 0x00, 0x00, 0x00, 0x1e, 0x00, 0x00, 0x09, 
    0xf2, 0x00, 0x10, 0x00, 0x0a, 0x00, 0x00, 0x00, 0x46, 0x24, 0x02, 0x00, 
    0x02, 0x40, 0x00, 0x00, 0x04, 0x00, 0x00, 0x00, 0x00, 0x00, 0x00, 0x00, 
    0x04, 0x00, 0x00, 0x00, 0x01, 0x00, 0x00, 0x00, 0x23, 0x00, 0x00, 0x0f, 
    0x62, 0x00, 0x10, 0x00, 0x02, 0x00, 0x00, 0x00, 0x56, 0x07, 0x10, 0x00, 
    0x0a, 0x00, 0x00, 0x00, 0x02, 0x40, 0x00, 0x00, 0x00, 0x00, 0x00, 0x00, 
    0x10, 0x00, 0x00, 0x00, 0x10, 0x00, 0x00, 0x00, 0x00, 0x00, 0x00, 0x00, 
    0x02, 0x40, 0x00, 0x00, 0x00, 0x00, 0x00, 0x00, 0x0c, 0x00, 0x00, 0x00, 
    0x0c, 0x00, 0x00, 0x00, 0x00, 0x00, 0x00, 0x00, 0xa7, 0x00, 0x00, 0x09, 
    0x82, 0x00, 0x10, 0x00, 0x02, 0x00, 0x00, 0x00, 0x0a, 0x00, 0x10, 0x00, 
    0x0a, 0x00, 0x00, 0x00, 0x1a, 0x00, 0x10, 0x00, 0x02, 0x00, 0x00, 0x00, 
    0x06, 0xf0, 0x11, 0x00, 0x01, 0x00, 0x00, 0x00, 0xa7, 0x00, 0x00, 0x09, 
    0x22, 0x00, 0x10, 0x00, 0x02, 0x00, 0x00, 0x00, 0x0a, 0x00, 0x10, 0x00, 
    0x0a, 0x00, 0x00, 0x00, 0x1a, 0x00, 0x10, 0x00, 0x02, 0x00, 0x00, 0x00, 
    0x06, 0xf0, 0x11, 0x00, 0x00, 0x00, 0x00, 0x00, 0x32, 0x00, 0x00, 0x09, 
    0x82, 0x00, 0x10, 0x00, 0x00, 0x00, 0x00, 0x00, 0x3a, 0x00, 0x10, 0x00, 
    0x02, 0x00, 0x00, 0x00, 0x01, 0x40, 0x00, 0x00, 0x83, 0xce, 0xa6, 0x3a, 
    0x3a, 0x00, 0x10, 0x00, 0x00, 0x00, 0x00, 0x00, 0x38, 0x00, 0x00, 0x07, 
    0x42, 0x00, 0x10, 0x00, 0x03, 0x00, 0x00, 0x00, 0x3a, 0x00, 0x10, 0x00, 
    0x02, 0x00, 0x00, 0x00, 0x3a, 0x00, 0x10, 0x00, 0x02, 0x00, 0x00, 0x00, 
    0x32, 0x00, 0x00, 0x09, 0x42, 0x00, 0x10, 0x00, 0x00, 0x00, 0x00, 0x00, 
    0x2a, 0x00, 0x10, 0x00, 0x03, 0x00, 0x00, 0x00, 0x01, 0x40, 0x00, 0x00, 
    0x83, 0xce, 0xa6, 0x3a, 0x2a, 0x00, 0x10, 0x00, 0x00, 0x00, 0x00, 0x00, 
    0x38, 0x00, 0x00, 0x07, 0x42, 0x00, 0x10, 0x00, 0x03, 0x00, 0x00, 0x00, 
    0x1a, 0x00, 0x10, 0x00, 0x02, 0x00, 0x00, 0x00, 0x01, 0x40, 0x00, 0x00, 
    0x83, 0xce, 0xa6, 0x3a, 0x32, 0x00, 0x00, 0x09, 0x12, 0x00, 0x10, 0x00, 
    0x00, 0x00, 0x00, 0x00, 0x1a, 0x00, 0x10, 0x00, 0x02, 0x00, 0x00, 0x00, 
    0x01, 0x40, 0x00, 0x00, 0x83, 0xce, 0xa6, 0x3a, 0x0a, 0x00, 0x10, 0x00, 
    0x00, 0x00, 0x00, 0x00, 0x38, 0x00, 0x00, 0x07, 0x22, 0x00, 0x10, 0x00, 
    0x02, 0x00, 0x00, 0x00, 0x1a, 0x00, 0x10, 0x00, 0x02, 0x00, 0x00, 0x00, 
    0x1a, 0x00, 0x10, 0x00, 0x02, 0x00, 0x00, 0x00, 0x32, 0x00, 0x00, 0x09, 
    0x12, 0x00, 0x10, 0x00, 0x02, 0x00, 0x00, 0x00, 0x1a, 0x00, 0x10, 0x00, 
    0x02, 0x00, 0x00, 0x00, 0x01, 0x40, 0x00, 0x00, 0x83, 0xce, 0xa6, 0x3a, 
    0x0a, 0x00, 0x10, 0x00, 0x02, 0x00, 0x00, 0x00, 0x32, 0x00, 0x00, 0x09, 
    0x22, 0x00, 0x10, 0x00, 0x00, 0x00, 0x00, 0x00, 0x2a, 0x00, 0x10, 0x00, 
    0x03, 0x00, 0x00, 0x00, 0x3a, 0x00, 0x10, 0x00, 0x02, 0x00, 0x00, 0x00, 
    0x1a, 0x00, 0x10, 0x00, 0x00, 0x00, 0x00, 0x00, 0xa7, 0x00, 0x00, 0x09, 
    0x22, 0x00, 0x10, 0x00, 0x02, 0x00, 0x00, 0x00, 0x2a, 0x00, 0x10, 0x00, 
    0x0a, 0x00, 0x00, 0x00, 0x2a, 0x00, 0x10, 0x00, 0x02, 0x00, 0x00, 0x00, 
    0x06, 0xf0, 0x11, 0x00, 0x01, 0x00, 0x00, 0x00, 0xa7, 0x00, 0x00, 0x09, 
    0x42, 0x00, 0x10, 0x00, 0x02, 0x00, 0x00, 0x00, 0x2a, 0x00, 0x10, 0x00, 
    0x0a, 0x00, 0x00, 0x00, 0x2a, 0x00, 0x10, 0x00, 0x02, 0x00, 0x00, 0x00, 
    0x06, 0xf0, 0x11, 0x00, 0x00, 0x00, 0x00, 0x00, 0x32, 0x00, 0x00, 0x09, 
    0x82, 0x00, 0x10, 0x00, 0x00, 0x00, 0x00, 0x00, 0x1a, 0x00, 0x10, 0x00, 
    0x02, 0x00, 0x00, 0x00, 0x01, 0x40, 0x00, 0x00, 0xe3, 0x03, 0x7e, 0x3c, 
    0x3a, 0x00, 0x10, 0x00, 0x00, 0x00, 0x00, 0x00, 0x38, 0x00, 0x00, 0x07, 
    0x82, 0x00, 0x10, 0x00, 0x02, 0x00, 0x00, 0x00, 0x1a, 0x00, 0x10, 0x00, 
    0x02, 0x00, 0x00, 0x00, 0x1a, 0x00, 0x10, 0x00, 0x02, 0x00, 0x00, 0x00, 
    0x32, 0x00, 0x00, 0x09, 0x42, 0x00, 0x10, 0x00, 0x00, 0x00, 0x00, 0x00, 
    0x3a, 0x00, 0x10, 0x00, 0x02, 0x00, 0x00, 0x00, 0x01, 0x40, 0x00, 0x00, 
    0xe3, 0x03, 0x7e, 0x3c, 0x2a, 0x00, 0x10, 0x00, 0x00, 0x00, 0x00, 0x00, 
    0x38, 0x00, 0x00, 0x07, 0x82, 0x00, 0x10, 0x00, 0x02, 0x00, 0x00, 0x00, 
    0x2a, 0x00, 0x10, 0x00, 0x02, 0x00, 0x00, 0x00, 0x01, 0x40, 0x00, 0x00, 
    0xe3, 0x03, 0x7e, 0x3c, 0x32, 0x00, 0x00, 0x09, 0x12, 0x00, 0x10, 0x00, 
    0x00, 0x00, 0x00, 0x00, 0x2a, 0x00, 0x10, 0x00, 0x02, 0x00, 0x00, 0x00, 
    0x01, 0x40, 0x00, 0x00, 0xe3, 0x03, 0x7e, 0x3c, 0x0a, 0x00, 0x10, 0x00, 
    0x00, 0x00, 0x00, 0x00, 0x38, 0x00, 0x00, 0x07, 0x42, 0x00, 0x10, 0x00, 
    0x02, 0x00, 0x00, 0x00, 0x2a, 0x00, 0x10, 0x00, 0x02, 0x00, 0x00, 0x00, 
    0x2a, 0x00, 0x10, 0x00, 0x02, 0x00, 0x00, 0x00, 0x32, 0x00, 0x00, 0x09, 
    0x12, 0x00, 0x10, 0x00, 0x02, 0x00, 0x00, 0x00, 0x2a, 0x00, 0x10, 0x00, 
    0x02, 0x00, 0x00, 0x00, 0x01, 0x40, 0x00, 0x00, 0xe3, 0x03, 0x7e, 0x3c, 
    0x0a, 0x00, 0x10, 0x00, 0x02, 0x00, 0x00, 0x00, 0x32, 0x00, 0x00, 0x09, 
    0x22, 0x00, 0x10, 0x00, 0x00, 0x00, 0x00, 0x00, 0x3a, 0x00, 0x10, 0x00, 
    0x02, 0x00, 0x00, 0x00, 0x1a, 0x00, 0x10, 0x00, 0x02, 0x00, 0x00, 0x00, 
    0x1a, 0x00, 0x10, 0x00, 0x00, 0x00, 0x00, 0x00, 0xa7, 0x00, 0x00, 0x09, 
    0x22, 0x00, 0x10, 0x00, 0x02, 0x00, 0x00, 0x00, 0x0a, 0x00, 0x10, 0x00, 
    0x0a, 0x00, 0x00, 0x00, 0x0a, 0x00, 0x10, 0x00, 0x05, 0x00, 0x00, 0x00, 
    0x06, 0xf0, 0x11, 0x00, 0x01, 0x00, 0x00, 0x00, 0xa7, 0x00, 0x00, 0x09, 
    0x42, 0x00, 0x10, 0x00, 0x02, 0x00, 0x00, 0x00, 0x0a, 0x00, 0x10, 0x00, 
    0x0a, 0x00, 0x00, 0x00, 0x0a, 0x00, 0x10, 0x00, 0x05, 0x00, 0x00, 0x00, 
    0x06, 0xf0, 0x11, 0x00, 0x00, 0x00, 0x00, 0x00, 0x32, 0x00, 0x00, 0x09, 
    0x82, 0x00, 0x10, 0x00, 0x00, 0x00, 0x00, 0x00, 0x1a, 0x00, 0x10, 0x00, 
    0x02, 0x00, 0x00, 0x00, 0x01, 0x40, 0x00, 0x00, 0xe6, 0x1e, 0x12, 0x3d, 
    0x3a, 0x00, 0x10, 0x00, 0x00, 0x00, 0x00, 0x00, 0x38, 0x00, 0x00, 0x07, 
    0x82, 0x00, 0x10, 0x00, 0x02, 0x00, 0x00, 0x00, 0x1a, 0x00, 0x10, 0x00, 
    0x02, 0x00, 0x00, 0x00, 0x1a, 0x00, 0x10, 0x00, 0x02, 0x00, 0x00, 0x00, 
    0x32, 0x00, 0x00, 0x09, 0x42, 0x00, 0x10, 0x00, 0x00, 0x00, 0x00, 0x00, 
    0x3a, 0x00, 0x10, 0x00, 0x02, 0x00, 0x00, 0x00, 0x01, 0x40, 0x00, 0x00, 
    0xe6, 0x1e, 0x12, 0x3d, 0x2a, 0x00, 0x10, 0x00, 0x00, 0x00, 0x00, 0x00, 
    0x38, 0x00, 0x00, 0x07, 0x82, 0x00, 0x10, 0x00, 0x02, 0x00, 0x00, 0x00, 
    0x2a, 0x00, 0x10, 0x00, 0x02, 0x00, 0x00, 0x00, 0x01, 0x40, 0x00, 0x00, 
    0xe6, 0x1e, 0x12, 0x3d, 0x32, 0x00, 0x00, 0x09, 0x12, 0x00, 0x10, 0x00, 
    0x00, 0x00, 0x00, 0x00, 0x2a, 0x00, 0x10, 0x00, 0x02, 0x00, 0x00, 0x00, 
    0x01, 0x40, 0x00, 0x00, 0xe6, 0x1e, 0x12, 0x3d, 0x0a, 0x00, 0x10, 0x00, 
    0x00, 0x00, 0x00, 0x00, 0x38, 0x00, 0x00, 0x07, 0x42, 0x00, 0x10, 0x00, 
    0x02, 0x00, 0x00, 0x00, 0x2a, 0x00, 0x10, 0x00, 0x02, 0x00, 0x00, 0x00, 
    0x2a, 0x00, 0x10, 0x00, 0x02, 0x00, 0x00, 0x00, 0x32, 0x00, 0x00, 0x09, 
    0x12, 0x00, 0x10, 0x00, 0x02, 0x00, 0x00, 0x00, 0x2a, 0x00, 0x10, 0x00, 
    0x02, 0x00, 0x00, 0x00, 0x01, 0x40, 0x00, 0x00, 0xe6, 0x1e, 0x12, 0x3d, 
    0x0a, 0x00, 0x10, 0x00, 0x02, 0x00, 0x00, 0x00, 0x32, 0x00, 0x00, 0x09, 
    0x22, 0x00, 0x10, 0x00, 0x00, 0x00, 0x00, 0x00, 0x3a, 0x00, 0x10, 0x00, 
    0x02, 0x00, 0x00, 0x00, 0x1a, 0x00, 0x10, 0x00, 0x02, 0x00, 0x00, 0x00, 
    0x1a, 0x00, 0x10, 0x00, 0x00, 0x00, 0x00, 0x00, 0xa7, 0x00, 0x00, 0x09, 
    0x22, 0x00, 0x10, 0x00, 0x02, 0x00, 0x00, 0x00, 0x0a, 0x00, 0x10, 0x00, 
    0x0a, 0x00, 0x00, 0x00, 0x1a, 0x00, 0x10, 0x00, 0x05, 0x00, 0x00, 0x00, 
    0x06, 0xf0, 0x11, 0x00, 0x01, 0x00, 0x00, 0x00, 0xa7, 0x00, 0x00, 0x09, 
    0x42, 0x00, 0x10, 0x00, 0x02, 0x00, 0x00, 0x00, 0x0a, 0x00, 0x10, 0x00, 
    0x0a, 0x00, 0x00, 0x00, 0x1a, 0x00, 0x10, 0x00, 0x05, 0x00, 0x00, 0x00, 
    0x06, 0xf0, 0x11, 0x00, 0x00, 0x00, 0x00, 0x00, 0x32, 0x00, 0x00, 0x09, 
    0x82, 0x00, 0x10, 0x00, 0x00, 0x00, 0x00, 0x00, 0x1a, 0x00, 0x10, 0x00, 
    0x02, 0x00, 0x00, 0x00, 0x01, 0x40, 0x00, 0x00, 0xe3, 0x03, 0x7e, 0x3c, 
    0x3a, 0x00, 0x10, 0x00, 0x00, 0x00, 0x00, 0x00, 0x38, 0x00, 0x00, 0x07, 
    0x82, 0x00, 0x10, 0x00, 0x02, 0x00, 0x00, 0x00, 0x1a, 0x00, 0x10, 0x00, 
    0x02, 0x00, 0x00, 0x00, 0x1a, 0x00, 0x10, 0x00, 0x02, 0x00, 0x00, 0x00, 
    0x32, 0x00, 0x00, 0x09, 0x42, 0x00, 0x10, 0x00, 0x00, 0x00, 0x00, 0x00, 
    0x3a, 0x00, 0x10, 0x00, 0x02, 0x00, 0x00, 0x00, 0x01, 0x40, 0x00, 0x00, 
    0xe3, 0x03, 0x7e, 0x3c, 0x2a, 0x00, 0x10, 0x00, 0x00, 0x00, 0x00, 0x00, 
    0x38, 0x00, 0x00, 0x07, 0x82, 0x00, 0x10, 0x00, 0x02, 0x00, 0x00, 0x00, 
    0x2a, 0x00, 0x10, 0x00, 0x02, 0x00, 0x00, 0x00, 0x01, 0x40, 0x00, 0x00, 
    0xe3, 0x03, 0x7e, 0x3c, 0x32, 0x00, 0x00, 0x09, 0x12, 0x00, 0x10, 0x00, 
    0x00, 0x00, 0x00, 0x00, 0x2a, 0x00, 0x10, 0x00, 0x02, 0x00, 0x00, 0x00, 
    0x01, 0x40, 0x00, 0x00, 0xe3, 0x03, 0x7e, 0x3c, 0x0a, 0x00, 0x10, 0x00, 
    0x00, 0x00, 0x00, 0x00, 0x38, 0x00, 0x00, 0x07, 0x42, 0x00, 0x10, 0x00, 
    0x02, 0x00, 0x00, 0x00, 0x2a, 0x00, 0x10, 0x00, 0x02, 0x00, 0x00, 0x00, 
    0x2a, 0x00, 0x10, 0x00, 0x02, 0x00, 0x00, 0x00, 0x32, 0x00, 0x00, 0x09, 
    0x12, 0x00, 0x10, 0x00, 0x02, 0x00, 0x00, 0x00, 0x2a, 0x00, 0x10, 0x00, 
    0x02, 0x00, 0x00, 0x00, 0x01, 0x40, 0x00, 0x00, 0xe3, 0x03, 0x7e, 0x3c, 
    0x0a, 0x00, 0x10, 0x00, 0x02, 0x00, 0x00, 0x00, 0x32, 0x00, 0x00, 0x09, 
    0x22, 0x00, 0x10, 0x00, 0x00, 0x00, 0x00, 0x00, 0x3a, 0x00, 0x10, 0x00, 
    0x02, 0x00, 0x00, 0x00, 0x1a, 0x00, 0x10, 0x00, 0x02, 0x00, 0x00, 0x00, 
    0x1a, 0x00, 0x10, 0x00, 0x00, 0x00, 0x00, 0x00, 0xa7, 0x00, 0x00, 0x09, 
    0x22, 0x00, 0x10, 0x00, 0x02, 0x00, 0x00, 0x00, 0x0a, 0x00, 0x10, 0x00, 
    0x0a, 0x00, 0x00, 0x00, 0x2a, 0x00, 0x10, 0x00, 0x05, 0x00, 0x00, 0x00, 
    0x06, 0xf0, 0x11, 0x00, 0x01, 0x00, 0x00, 0x00, 0xa7, 0x00, 0x00, 0x09, 
    0x42, 0x00, 0x10, 0x00, 0x02, 0x00, 0x00, 0x00, 0x0a, 0x00, 0x10, 0x00, 
    0x0a, 0x00, 0x00, 0x00, 0x2a, 0x00, 0x10, 0x00, 0x05, 0x00, 0x00, 0x00, 
    0x06, 0xf0, 0x11, 0x00, 0x00, 0x00, 0x00, 0x00, 0x32, 0x00, 0x00, 0x09, 
    0x82, 0x00, 0x10, 0x00, 0x00, 0x00, 0x00, 0x00, 0x1a, 0x00, 0x10, 0x00, 
    0x02, 0x00, 0x00, 0x00, 0x01, 0x40, 0x00, 0x00, 0x83, 0xce, 0xa6, 0x3a, 
    0x3a, 0x00, 0x10, 0x00, 0x00, 0x00, 0x00, 0x00, 0x38, 0x00, 0x00, 0x07, 
    0x82, 0x00, 0x10, 0x00, 0x02, 0x00, 0x00, 0x00, 0x1a, 0x00, 0x10, 0x00, 
    0x02, 0x00, 0x00, 0x00, 0x1a, 0x00, 0x10, 0x00, 0x02, 0x00, 0x00, 0x00, 
    0x32, 0x00, 0x00, 0x09, 0x42, 0x00, 0x10, 0x00, 0x00, 0x00, 0x00, 0x00, 
    0x3a, 0x00, 0x10, 0x00, 0x02, 0x00, 0x00, 0x00, 0x01, 0x40, 0x00, 0x00, 
    0x83, 0xce, 0xa6, 0x3a, 0x2a, 0x00, 0x10, 0x00, 0x00, 0x00, 0x00, 0x00, 
    0x38, 0x00, 0x00, 0x07, 0x82, 0x00, 0x10, 0x00, 0x02, 0x00, 0x00, 0x00, 
    0x2a, 0x00, 0x10, 0x00, 0x02, 0x00, 0x00, 0x00, 0x01, 0x40, 0x00, 0x00, 
    0x83, 0xce, 0xa6, 0x3a, 0x32, 0x00, 0x00, 0x09, 0x12, 0x00, 0x10, 0x00, 
    0x00, 0x00, 0x00, 0x00, 0x2a, 0x00, 0x10, 0x00, 0x02, 0x00, 0x00, 0x00, 
    0x01, 0x40, 0x00, 0x00, 0x83, 0xce, 0xa6, 0x3a, 0x0a, 0x00, 0x10, 0x00, 
    0x00, 0x00, 0x00, 0x00, 0x38, 0x00, 0x00, 0x07, 0x42, 0x00, 0x10, 0x00, 
    0x02, 0x00, 0x00, 0x00, 0x2a, 0x00, 0x10, 0x00, 0x02, 0x00, 0x00, 0x00, 
    0x2a, 0x00, 0x10, 0x00, 0x02, 0x00, 0x00, 0x00, 0x32, 0x00, 0x00, 0x09, 
    0x12, 0x00, 0x10, 0x00, 0x02, 0x00, 0x00, 0x00, 0x2a, 0x00, 0x10, 0x00, 
    0x02, 0x00, 0x00, 0x00, 0x01, 0x40, 0x00, 0x00, 0x83, 0xce, 0xa6, 0x3a, 
    0x0a, 0x00, 0x10, 0x00, 0x02, 0x00, 0x00, 0x00, 0x32, 0x00, 0x00, 0x09, 
    0x22, 0x00, 0x10, 0x00, 0x00, 0x00, 0x00, 0x00, 0x3a, 0x00, 0x10, 0x00, 
    0x02, 0x00, 0x00, 0x00, 0x1a, 0x00, 0x10, 0x00, 0x02, 0x00, 0x00, 0x00, 
    0x1a, 0x00, 0x10, 0x00, 0x00, 0x00, 0x00, 0x00, 0x38, 0x00, 0x00, 0x0a, 
    0x62, 0x00, 0x10, 0x00, 0x02, 0x00, 0x00, 0x00, 0xf6, 0x0c, 0x10, 0x00, 
    0x00, 0x00, 0x00, 0x00, 0x02, 0x40, 0x00, 0x00, 0x00, 0x00, 0x00, 0x00, 
    0xb0, 0xf6, 0x87, 0x3e, 0xb0, 0xf6, 0x87, 0x3e, 0x00, 0x00, 0x00, 0x00, 
    0x38, 0x00, 0x00, 0x07, 0x82, 0x00, 0x10, 0x00, 0x02, 0x00, 0x00, 0x00, 
    0x1a, 0x00, 0x10, 0x00, 0x02, 0x00, 0x00, 0x00, 0x1a, 0x00, 0x10, 0x00, 
    0x02, 0x00, 0x00, 0x00, 0x38, 0x00, 0x00, 0x07, 0x42, 0x00, 0x10, 0x00, 
    0x03, 0x00, 0x00, 0x00, 0x2a, 0x00, 0x10, 0x00, 0x02, 0x00, 0x00, 0x00, 
    0x2a, 0x00, 0x10, 0x00, 0x02, 0x00, 0x00, 0x00, 0x32, 0x00, 0x00, 0x0a, 
    0x42, 0x00, 0x10, 0x00, 0x00, 0x00, 0x00, 0x00, 0x2a, 0x00, 0x10, 0x00, 
    0x00, 0x00, 0x00, 0x00, 0x01, 0x40, 0x00, 0x00, 0xb0, 0xf6, 0x87, 0x3e, 
    0x3a, 0x00, 0x10, 0x80, 0x41, 0x00, 0x00, 0x00, 0x02, 0x00, 0x00, 0x00, 
    0x34, 0x00, 0x00, 0x07, 0x42, 0x00, 0x10, 0x00, 0x00, 0x00, 0x00, 0x00, 
    0x2a, 0x00, 0x10, 0x00, 0x00, 0x00, 0x00, 0x00, 0x01, 0x40, 0x00, 0x00, 
    0x00, 0x00, 0x00, 0x00, 0x32, 0x00, 0x00, 0x0a, 0x12, 0x00, 0x10, 0x00, 
    0x02, 0x00, 0x00, 0x00, 0x0a, 0x00, 0x10, 0x00, 0x02, 0x00, 0x00, 0x00, 
    0x01, 0x40, 0x00, 0x00, 0xb0, 0xf6, 0x87, 0x3e, 0x2a, 0x00, 0x10, 0x80, 
    0x41, 0x00, 0x00, 0x00, 0x03, 0x00, 0x00, 0x00, 0x34, 0x00, 0x00, 0x07, 
    0x12, 0x00, 0x10, 0x00, 0x02, 0x00, 0x00, 0x00, 0x0a, 0x00, 0x10, 0x00, 
    0x02, 0x00, 0x00, 0x00, 0x01, 0x40, 0x00, 0x00, 0x6f, 0x12, 0x03, 0x3b, 
    0x4b, 0x00, 0x00, 0x05, 0x82, 0x00, 0x10, 0x00, 0x02, 0x00, 0x00, 0x00, 
    0x2a, 0x00, 0x10, 0x00, 0x00, 0x00, 0x00, 0x00, 0x4b, 0x00, 0x00, 0x05, 
    0x82, 0x00, 0x10, 0x00, 0x03, 0x00, 0x00, 0x00, 0x0a, 0x00, 0x10, 0x00, 
    0x02, 0x00, 0x00, 0x00, 0x38, 0x00, 0x00, 0x07, 0x42, 0x00, 0x10, 0x00, 
    0x04, 0x00, 0x00, 0x00, 0x2a, 0x00, 0x10, 0x00, 0x02, 0x00, 0x00, 0x00, 
    0x1a, 0x00, 0x10, 0x00, 0x02, 0x00, 0x00, 0x00, 0x32, 0x00, 0x00, 0x0a, 
    0x22, 0x00, 0x10, 0x00, 0x00, 0x00, 0x00, 0x00, 0x1a, 0x00, 0x10, 0x00, 
    0x00, 0x00, 0x00, 0x00, 0x01, 0x40, 0x00, 0x00, 0xb0, 0xf6, 0x87, 0x3e, 
    0x2a, 0x00, 0x10, 0x80, 0x41, 0x00, 0x00, 0x00, 0x04, 0x00, 0x00, 0x00, 
    0x00, 0x00, 0x00, 0x07, 0x22, 0x00, 0x10, 0x00, 0x00, 0x00, 0x00, 0x00, 
    0x1a, 0x00, 0x10, 0x00, 0x00, 0x00, 0x00, 0x00, 0x01, 0x40, 0x00, 0x00, 
    0xfa, 0xed, 0x6b, 0x3a, 0x38, 0x00, 0x00, 0x07, 0x42, 0x00, 0x10, 0x00, 
    0x04, 0x00, 0x00, 0x00, 0x3a, 0x00, 0x10, 0x00, 0x02, 0x00, 0x00, 0x00, 
    0x3a, 0x00, 0x10, 0x00, 0x03, 0x00, 0x00, 0x00, 0x32, 0x00, 0x00, 0x09, 
    0x82, 0x00, 0x10, 0x00, 0x03, 0x00, 0x00, 0x00, 0x3a, 0x00, 0x10, 0x00, 
    0x02, 0x00, 0x00, 0x00, 0x3a, 0x00, 0x10, 0x00, 0x03, 0x00, 0x00, 0x00, 
    0x01, 0x40, 0x00, 0x00, 0xfa, 0xed, 0x6b, 0x3a, 0x81, 0x00, 0x00, 0x05, 
    0x82, 0x00, 0x10, 0x00, 0x03, 0x00, 0x00, 0x00, 0x3a, 0x00, 0x10, 0x00, 
    0x03, 0x00, 0x00, 0x00, 0x38, 0x00, 0x00, 0x07, 0x22, 0x00, 0x10, 0x00, 
    0x00, 0x00, 0x00, 0x00, 0x1a, 0x00, 0x10, 0x00, 0x00, 0x00, 0x00, 0x00, 
    0x3a, 0x00, 0x10, 0x00, 0x03, 0x00, 0x00, 0x00, 0x32, 0x00, 0x00, 0x09, 
    0x82, 0x00, 0x10, 0x00, 0x03, 0x00, 0x00, 0x00, 0x2a, 0x00, 0x10, 0x00, 
    0x04, 0x00, 0x00, 0x00, 0x01, 0x40, 0x00, 0x00, 0x00, 0x00, 0x00, 0x40, 
    0x01, 0x40, 0x00, 0x00, 0xfa, 0xed, 0x6b, 0x3a, 0x00, 0x00, 0x00, 0x07, 
    0x42, 0x00, 0x10, 0x00, 0x00, 0x00, 0x00, 0x00, 0x2a, 0x00, 0x10, 0x00, 
    0x00, 0x00, 0x00, 0x00, 0x0a, 0x00, 0x10, 0x00, 0x02, 0x00, 0x00, 0x00, 
    0x00, 0x00, 0x00, 0x07, 0x42, 0x00, 0x10, 0x00, 0x00, 0x00, 0x00, 0x00, 
    0x2a, 0x00, 0x10, 0x00, 0x00, 0x00, 0x00, 0x00, 0x01, 0x40, 0x00, 0x00, 
    0xfa, 0xed, 0x6b, 0x3a, 0x81, 0x00, 0x00, 0x05, 0x42, 0x00, 0x10, 0x00, 
    0x00, 0x00, 0x00, 0x00, 0x2a, 0x00, 0x10, 0x00, 0x00, 0x00, 0x00, 0x00, 
    0x38, 0x00, 0x00, 0x07, 0x42, 0x00, 0x10, 0x00, 0x00, 0x00, 0x00, 0x00, 
    0x2a, 0x00, 0x10, 0x00, 0x00, 0x00, 0x00, 0x00, 0x3a, 0x00, 0x10, 0x00, 
    0x03, 0x00, 0x00, 0x00, 0x38, 0x00, 0x00, 0x07, 0x82, 0x00, 0x10, 0x00, 
    0x00, 0x00, 0x00, 0x00, 0x3a, 0x00, 0x10, 0x00, 0x00, 0x00, 0x00, 0x00, 
    0x2a, 0x00, 0x10, 0x00, 0x02, 0x00, 0x00, 0x00, 0x38, 0x00, 0x00, 0x07, 
    0x82, 0x00, 0x10, 0x00, 0x00, 0x00, 0x00, 0x00, 0x3a, 0x00, 0x10, 0x00, 
    0x00, 0x00, 0x00, 0x00, 0x01, 0x40, 0x00, 0x00, 0xb0, 0xf6, 0x07, 0x3f, 
    0x32, 0x00, 0x00, 0x09, 0x12, 0x00, 0x10, 0x00, 0x02, 0x00, 0x00, 0x00, 
    0x1a, 0x00, 0x10, 0x00, 0x02, 0x00, 0x00, 0x00, 0x1a, 0x00, 0x10, 0x00, 
    0x02, 0x00, 0x00, 0x00, 0x2a, 0x00, 0x10, 0x00, 0x03, 0x00, 0x00, 0x00, 
    0x00, 0x00, 0x00, 0x07, 0x12, 0x00, 0x10, 0x00, 0x02, 0x00, 0x00, 0x00, 
    0x0a, 0x00, 0x10, 0x00, 0x02, 0x00, 0x00, 0x00, 0x01, 0x40, 0x00, 0x00, 
    0x17, 0xb7, 0xd1, 0x38, 0x81, 0x00, 0x00, 0x05, 0x12, 0x00, 0x10, 0x00, 
    0x02, 0x00, 0x00, 0x00, 0x0a, 0x00, 0x10, 0x00, 0x02, 0x00, 0x00, 0x00, 
    0x38, 0x00, 0x00, 0x07, 0x82, 0x00, 0x10, 0x00, 0x00, 0x00, 0x00, 0x00, 
    0x3a, 0x00, 0x10, 0x00, 0x00, 0x00, 0x00, 0x00, 0x0a, 0x00, 0x10, 0x00, 
    0x02, 0x00, 0x00, 0x00, 0x38, 0x00, 0x00, 0x07, 0x22, 0x00, 0x10, 0x00, 
    0x00, 0x00, 0x00, 0x00, 0x2a, 0x00, 0x10, 0x00, 0x00, 0x00, 0x00, 0x00, 
    0x1a, 0x00, 0x10, 0x00, 0x00, 0x00, 0x00, 0x00, 0x34, 0x00, 0x00, 0x07, 
    0x42, 0x00, 0x10, 0x00, 0x00, 0x00, 0x00, 0x00, 0x1a, 0x00, 0x10, 0x00, 
    0x02, 0x00, 0x00, 0x00, 0x01, 0x40, 0x00, 0x00, 0x0a, 0xd7, 0x23, 0x3c, 
    0x81, 0x00, 0x00, 0x05, 0x42, 0x00, 0x10, 0x00, 0x00, 0x00, 0x00, 0x00, 
    0x2a, 0x00, 0x10, 0x00, 0x00, 0x00, 0x00, 0x00, 0x38, 0x00, 0x00, 0x07, 
    0x42, 0x00, 0x10, 0x00, 0x00, 0x00, 0x00, 0x00, 0x2a, 0x00, 0x10, 0x00, 
    0x00, 0x00, 0x00, 0x00, 0x3a, 0x00, 0x10, 0x00, 0x02, 0x00, 0x00, 0x00, 
    0x32, 0x00, 0x00, 0x0a, 0x12, 0x00, 0x10, 0x00, 0x00, 0x00, 0x00, 0x00, 
    0x0a, 0x00, 0x10, 0x00, 0x00, 0x00, 0x00, 0x00, 0x01, 0x40, 0x00, 0x00, 
    0xb0, 0xf6, 0x87, 0x3e, 0x1a, 0x00, 0x10, 0x80, 0x41, 0x00, 0x00, 0x00, 
    0x02, 0x00, 0x00, 0x00, 0x34, 0x00, 0x00, 0x07, 0x12, 0x00, 0x10, 0x00, 
    0x02, 0x00, 0x00, 0x00, 0x1a, 0x00, 0x10, 0x00, 0x02, 0x00, 0x00, 0x00, 
    0x2a, 0x00, 0x10, 0x00, 0x02, 0x00, 0x00, 0x00, 0x34, 0x00, 0x00, 0x07, 
    0x12, 0x00, 0x10, 0x00, 0x02, 0x00, 0x00, 0x00, 0x0a, 0x00, 0x10, 0x00, 
    0x02, 0x00, 0x00, 0x00, 0x01, 0x40, 0x00, 0x00, 0x0a, 0xd7, 0xa3, 0x3c, 
    0x81, 0x00, 0x00, 0x05, 0x12, 0x00, 0x10, 0x00, 0x02, 0x00, 0x00, 0x00, 
    0x0a, 0x00, 0x10, 0x00, 0x02, 0x00, 0x00, 0x00, 0x32, 0x00, 0x00, 0x0a, 
    0x12, 0x00, 0x10, 0x00, 0x00, 0x00, 0x00, 0x00, 0x0a, 0x00, 0x10, 0x80, 
    0x81, 0x00, 0x00, 0x00, 0x00, 0x00, 0x00, 0x00, 0x0a, 0x00, 0x10, 0x00, 
    0x02, 0x00, 0x00, 0x00, 0x01, 0x40, 0x00, 0x00, 0xec, 0x51, 0x38, 0xbe, 
    0x38, 0x20, 0x00, 0x07, 0x12, 0x00, 0x10, 0x00, 0x00, 0x00, 0x00, 0x00, 
    0x0a, 0x00, 0x10, 0x00, 0x00, 0x00, 0x00, 0x00, 0x01, 0x40, 0x00, 0x00, 
    0x63, 0x27, 0xf6, 0x3f, 0x32, 0x00, 0x00, 0x09, 0x12, 0x00, 0x10, 0x00, 
    0x02, 0x00, 0x00, 0x00, 0x0a, 0x00, 0x10, 0x00, 0x00, 0x00, 0x00, 0x00, 
    0x01, 0x40, 0x00, 0x00, 0x00, 0x00, 0x00, 0xc0, 0x01, 0x40, 0x00, 0x00, 
    0x00, 0x00, 0x40, 0x40, 0x38, 0x00, 0x00, 0x07, 0x12, 0x00, 0x10, 0x00, 
    0x00, 0x00, 0x00, 0x00, 0x0a, 0x00, 0x10, 0x00, 0x00, 0x00, 0x00, 0x00, 
    0x0a, 0x00, 0x10, 0x00, 0x00, 0x00, 0x00, 0x00, 0x32, 0x00, 0x00, 0x0a, 
    0x12, 0x00, 0x10, 0x00, 0x00, 0x00, 0x00, 0x00, 0x0a, 0x00, 0x10, 0x80, 
    0x41, 0x00, 0x00, 0x00, 0x02, 0x00, 0x00, 0x00, 0x0a, 0x00, 0x10, 0x00, 
    0x00, 0x00, 0x00, 0x00, 0x01, 0x40, 0x00, 0x00, 0x00, 0x00, 0x80, 0x3f, 
    0x0f, 0x20, 0x00, 0x07, 0x22, 0x00, 0x10, 0x00, 0x00, 0x00, 0x00, 0x00, 
    0x56, 0x05, 0x10, 0x00, 0x00, 0x00, 0x00, 0x00, 0xf6, 0x0f, 0x10, 0x00, 
    0x00, 0x00, 0x00, 0x00, 0x32, 0x00, 0x00, 0x09, 0x82, 0x00, 0x10, 0x00, 
    0x00, 0x00, 0x00, 0x00, 0x1a, 0x00, 0x10, 0x00, 0x00, 0x00, 0x00, 0x00, 
    0x01, 0x40, 0x00, 0x00, 0x00, 0x00, 0x00, 0xc0, 0x01, 0x40, 0x00, 0x00, 
    0x00, 0x00, 0x40, 0x40, 0x38, 0x00, 0x00, 0x07, 0x22, 0x00, 0x10, 0x00, 
    0x00, 0x00, 0x00, 0x00, 0x1a, 0x00, 0x10, 0x00, 0x00, 0x00, 0x00, 0x00, 
    0x1a, 0x00, 0x10, 0x00, 0x00, 0x00, 0x00, 0x00, 0x38, 0x00, 0x00, 0x07, 
    0x22, 0x00, 0x10, 0x00, 0x00, 0x00, 0x00, 0x00, 0x1a, 0x00, 0x10, 0x00, 
    0x00, 0x00, 0x00, 0x00, 0x3a, 0x00, 0x10, 0x00, 0x00, 0x00, 0x00, 0x00, 
    0x38, 0x00, 0x00, 0x07, 0x42, 0x00, 0x10, 0x00, 0x00, 0x00, 0x00, 0x00, 
    0x2a, 0x00, 0x10, 0x00, 0x00, 0x00, 0x00, 0x00, 0x01, 0x40, 0x00, 0x00, 
    0x00, 0x00, 0xa0, 0x40, 0x33, 0x00, 0x00, 0x07, 0x42, 0x00, 0x10, 0x00, 
    0x00, 0x00, 0x00, 0x00, 0x2a, 0x00, 0x10, 0x00, 0x00, 0x00, 0x00, 0x00, 
    0x01, 0x40, 0x00, 0x00, 0x00, 0x00, 0x80, 0x3f, 0x32, 0x00, 0x00, 0x09, 
    0x82, 0x00, 0x10, 0x00, 0x00, 0x00, 0x00, 0x00, 0x2a, 0x00, 0x10, 0x00, 
    0x00, 0x00, 0x00, 0x00, 0x01, 0x40, 0x00, 0x00, 0x00, 0x00, 0x00, 0xc0, 
    0x01, 0x40, 0x00, 0x00, 0x00, 0x00, 0x40, 0x40, 0x38, 0x00, 0x00, 0x07, 
    0x42, 0x00, 0x10, 0x00, 0x00, 0x00, 0x00, 0x00, 0x2a, 0x00, 0x10, 0x00, 
    0x00, 0x00, 0x00, 0x00, 0x2a, 0x00, 0x10, 0x00, 0x00, 0x00, 0x00, 0x00, 
    0x38, 0x00, 0x00, 0x07, 0x42, 0x00, 0x10, 0x00, 0x00, 0x00, 0x00, 0x00, 
    0x2a, 0x00, 0x10, 0x00, 0x00, 0x00, 0x00, 0x00, 0x3a, 0x00, 0x10, 0x00, 
    0x00, 0x00, 0x00, 0x00, 0x38, 0x00, 0x00, 0x07, 0x22, 0x00, 0x10, 0x00, 
    0x00, 0x00, 0x00, 0x00, 0x2a, 0x00, 0x10, 0x00, 0x00, 0x00, 0x00, 0x00, 
    0x1a, 0x00, 0x10, 0x00, 0x00, 0x00, 0x00, 0x00, 0x38, 0x20, 0x00, 0x07, 
    0x12, 0x00, 0x10, 0x00, 0x00, 0x00, 0x00, 0x00, 0x0a, 0x00, 0x10, 0x00, 
    0x00, 0x00, 0x00, 0x00, 0x1a, 0x00, 0x10, 0x00, 0x00, 0x00, 0x00, 0x00, 
    0x34, 0x00, 0x00, 0x08, 0x22, 0x00, 0x10, 0x00, 0x00, 0x00, 0x00, 0x00, 
    0x0a, 0x80, 0x20, 0x00, 0x00, 0x00, 0x00, 0x00, 0x01, 0x00, 0x00, 0x00, 
    0x01, 0x40, 0x00, 0x00, 0x00, 0x00, 0x00, 0x00, 0x38, 0x00, 0x00, 0x07, 
    0x12, 0x00, 0x10, 0x00, 0x00, 0x00, 0x00, 0x00, 0x1a, 0x00, 0x10, 0x00, 
    0x00, 0x00, 0x00, 0x00, 0x0a, 0x00, 0x10, 0x00, 0x00, 0x00, 0x00, 0x00, 
    0x01, 0x00, 0x00, 0x0a, 0xe2, 0x00, 0x10, 0x00, 0x00, 0x00, 0x00, 0x00, 
    0x06, 0x09, 0x10, 0x00, 0x07, 0x00, 0x00, 0x00, 0x02, 0x40, 0x00, 0x00, 
    0x00, 0x00, 0x00, 0x00, 0x00, 0x00, 0x80, 0x7f, 0x00, 0x00, 0x80, 0x7f, 
    0x00, 0x00, 0x80, 0x7f, 0x27, 0x00, 0x00, 0x0a, 0xe2, 0x00, 0x10, 0x00, 
    0x00, 0x00, 0x00, 0x00, 0x56, 0x0e, 0x10, 0x00, 0x00, 0x00, 0x00, 0x00, 
    0x02, 0x40, 0x00, 0x00, 0x00, 0x00, 0x00, 0x00, 0x00, 0x00, 0x80, 0x7f, 
    0x00, 0x00, 0x80, 0x7f, 0x00, 0x00, 0x80, 0x7f, 0x01, 0x00, 0x00, 0x07, 
    0x22, 0x00, 0x10, 0x00, 0x00, 0x00, 0x00, 0x00, 0x2a, 0x00, 0x10, 0x00, 
    0x00, 0x00, 0x00, 0x00, 0x1a, 0x00, 0x10, 0x00, 0x00, 0x00, 0x00, 0x00, 
    0x01, 0x00, 0x00, 0x07, 0x22, 0x00, 0x10, 0x00, 0x00, 0x00, 0x00, 0x00, 
    0x3a, 0x00, 0x10, 0x00, 0x00, 0x00, 0x00, 0x00, 0x1a, 0x00, 0x10, 0x00, 
    0x00, 0x00, 0x00, 0x00, 0x34, 0x00, 0x00, 0x0a, 0x72, 0x00, 0x10, 0x00, 
    0x02, 0x00, 0x00, 0x00, 0x46, 0x02, 0x10, 0x00, 0x07, 0x00, 0x00, 0x00, 
    0x02, 0x40, 0x00, 0x00, 0x00, 0x00, 0x00, 0x00, 0x00, 0x00, 0x00, 0x00, 
    0x00, 0x00, 0x00, 0x00, 0x00, 0x00, 0x00, 0x00, 0x33, 0x00, 0x00, 0x0a, 
    0x72, 0x00, 0x10, 0x00, 0x02, 0x00, 0x00, 0x00, 0x46, 0x02, 0x10, 0x00, 
    0x02, 0x00, 0x00, 0x00, 0x02, 0x40, 0x00, 0x00, 0x00, 0xe8, 0x7d, 0x47, 
    0x00, 0xe8, 0x7d, 0x47, 0x00, 0xe8, 0x7d, 0x47, 0x00, 0x00, 0x00, 0x00, 
    0x01, 0x00, 0x00, 0x07, 0x72, 0x00, 0x10, 0x00, 0x02, 0x00, 0x00, 0x00, 
    0x56, 0x05, 0x10, 0x00, 0x00, 0x00, 0x00, 0x00, 0x46, 0x02, 0x10, 0x00, 
    0x02, 0x00, 0x00, 0x00, 0x01, 0x00, 0x00, 0x0a, 0xe2, 0x00, 0x10, 0x00, 
    0x00, 0x00, 0x00, 0x00, 0x06, 0x09, 0x10, 0x00, 0x08, 0x00, 0x00, 0x00, 
    0x02, 0x40, 0x00, 0x00, 0x00, 0x00, 0x00, 0x00, 0x00, 0x00, 0x80, 0x7f, 
    0x00, 0x00, 0x80, 0x7f, 0x00, 0x00, 0x80, 0x7f, 0x27, 0x00, 0x00, 0x0a, 
    0xe2, 0x00, 0x10, 0x00, 0x00, 0x00, 0x00, 0x00, 0x56, 0x0e, 0x10, 0x00, 
    0x00, 0x00, 0x00, 0x00, 0x02, 0x40, 0x00, 0x00, 0x00, 0x00, 0x00, 0x00, 
    0x00, 0x00, 0x80, 0x7f, 0x00, 0x00, 0x80, 0x7f, 0x00, 0x00, 0x80, 0x7f, 
    0x01, 0x00, 0x00, 0x07, 0x22, 0x00, 0x10, 0x00, 0x00, 0x00, 0x00, 0x00, 
    0x2a, 0x00, 0x10, 0x00, 0x00, 0x00, 0x00, 0x00, 0x1a, 0x00, 0x10, 0x00, 
    0x00, 0x00, 0x00, 0x00, 0x01, 0x00, 0x00, 0x07, 0x22, 0x00, 0x10, 0x00, 
    0x00, 0x00, 0x00, 0x00, 0x3a, 0x00, 0x10, 0x00, 0x00, 0x00, 0x00, 0x00, 
    0x1a, 0x00, 0x10, 0x00, 0x00, 0x00, 0x00, 0x00, 0x34, 0x00, 0x00, 0x0a, 
    0x72, 0x00, 0x10, 0x00, 0x05, 0x00, 0x00, 0x00, 0x46, 0x02, 0x10, 0x00, 
    0x08, 0x00, 0x00, 0x00, 0x02, 0x40, 0x00, 0x00, 0x00, 0x00, 0x00, 0x00, 
    0x00, 0x00, 0x00, 0x00, 0x00, 0x00, 0x00, 0x00, 0x00, 0x00, 0x00, 0x00, 
    0x33, 0x00, 0x00, 0x0a, 0x72, 0x00, 0x10, 0x00, 0x05, 0x00, 0x00, 0x00, 
    0x46, 0x02, 0x10, 0x00, 0x05, 0x00, 0x00, 0x00, 0x02, 0x40, 0x00, 0x00, 
    0x00, 0xe8, 0x7d, 0x47, 0x00, 0xe8, 0x7d, 0x47, 0x00, 0xe8, 0x7d, 0x47, 
    0x00, 0x00, 0x00, 0x00, 0x01, 0x00, 0x00, 0x07, 0xe2, 0x00, 0x10, 0x00, 
    0x00, 0x00, 0x00, 0x00, 0x56, 0x05, 0x10, 0x00, 0x00, 0x00, 0x00, 0x00, 
    0x06, 0x09, 0x10, 0x00, 0x05, 0x00, 0x00, 0x00, 0x10, 0x00, 0x00, 0x0a, 
    0x42, 0x00, 0x10, 0x00, 0x03, 0x00, 0x00, 0x00, 0x46, 0x02, 0x10, 0x00, 
    0x02, 0x00, 0x00, 0x00, 0x02, 0x40, 0x00, 0x00, 0xd0, 0xb3, 0x59, 0x3e, 
    0x59, 0x17, 0x37, 0x3f, 0x98, 0xdd, 0x93, 0x3d, 0x00, 0x00, 0x00, 0x00, 
    0x10, 0x00, 0x00, 0x0a, 0x82, 0x00, 0x10, 0x00, 0x03, 0x00, 0x00, 0x00, 
    0x96, 0x07, 0x10, 0x00, 0x00, 0x00, 0x00, 0x00, 0x02, 0x40, 0x00, 0x00, 
    0xd0, 0xb3, 0x59, 0x3e, 0x59, 0x17, 0x37, 0x3f, 0x98, 0xdd, 0x93, 0x3d, 
    0x00, 0x00, 0x00, 0x00, 0x00, 0x00, 0x00, 0x08, 0x42, 0x00, 0x10, 0x00, 
    0x04, 0x00, 0x00, 0x00, 0x2a, 0x00, 0x10, 0x80, 0x41, 0x00, 0x00, 0x00, 
    0x03, 0x00, 0x00, 0x00, 0x3a, 0x00, 0x10, 0x00, 0x03, 0x00, 0x00, 0x00, 
    0x34, 0x00, 0x00, 0x07, 0x82, 0x00, 0x10, 0x00, 0x04, 0x00, 0x00, 0x00, 
    0x2a, 0x00, 0x10, 0x00, 0x03, 0x00, 0x00, 0x00, 0x3a, 0x00, 0x10, 0x00, 
    0x03, 0x00, 0x00, 0x00, 0x34, 0x00, 0x00, 0x07, 0x82, 0x00, 0x10, 0x00, 
    0x04, 0x00, 0x00, 0x00, 0x3a, 0x00, 0x10, 0x00, 0x04, 0x00, 0x00, 0x00, 
    0x01, 0x40, 0x00, 0x00, 0x0a, 0xd7, 0xa3, 0x3c, 0x81, 0x00, 0x00, 0x05, 
    0x82, 0x00, 0x10, 0x00, 0x04, 0x00, 0x00, 0x00, 0x3a, 0x00, 0x10, 0x00, 
    0x04, 0x00, 0x00, 0x00, 0x32, 0x00, 0x00, 0x0a, 0x42, 0x00, 0x10, 0x00, 
    0x04, 0x00, 0x00, 0x00, 0x2a, 0x00, 0x10, 0x80, 0x81, 0x00, 0x00, 0x00, 
    0x04, 0x00, 0x00, 0x00, 0x3a, 0x00, 0x10, 0x00, 0x04, 0x00, 0x00, 0x00, 
    0x01, 0x40, 0x00, 0x00, 0x0a, 0xd7, 0x23, 0xbe, 0x38, 0x20, 0x00, 0x07, 
    0x42, 0x00, 0x10, 0x00, 0x04, 0x00, 0x00, 0x00, 0x2a, 0x00, 0x10, 0x00, 
    0x04, 0x00, 0x00, 0x00, 0x01, 0x40, 0x00, 0x00, 0xbc, 0x9c, 0x02, 0x40, 
    0x32, 0x00, 0x00, 0x09, 0x82, 0x00, 0x10, 0x00, 0x04, 0x00, 0x00, 0x00, 
    0x2a, 0x00, 0x10, 0x00, 0x04, 0x00, 0x00, 0x00, 0x01, 0x40, 0x00, 0x00, 
    0x00, 0x00, 0x00, 0xc0, 0x01, 0x40, 0x00, 0x00, 0x00, 0x00, 0x40, 0x40, 
    0x38, 0x00, 0x00, 0x07, 0x42, 0x00, 0x10, 0x00, 0x04, 0x00, 0x00, 0x00, 
    0x2a, 0x00, 0x10, 0x00, 0x04, 0x00, 0x00, 0x00, 0x2a, 0x00, 0x10, 0x00, 
    0x04, 0x00, 0x00, 0x00, 0x32, 0x00, 0x00, 0x0a, 0x42, 0x00, 0x10, 0x00, 
    0x04, 0x00, 0x00, 0x00, 0x3a, 0x00, 0x10, 0x80, 0x41, 0x00, 0x00, 0x00, 
    0x04, 0x00, 0x00, 0x00, 0x2a, 0x00, 0x10, 0x00, 0x04, 0x00, 0x00, 0x00, 
    0x01, 0x40, 0x00, 0x00, 0x00, 0x00, 0x80, 0x3f, 0x00, 0x00, 0x00, 0x08, 
    0x82, 0x00, 0x10, 0x00, 0x03, 0x00, 0x00, 0x00, 0x3a, 0x00, 0x10, 0x80, 
    0x41, 0x00, 0x00, 0x00, 0x03, 0x00, 0x00, 0x00, 0x2a, 0x00, 0x10, 0x00, 
    0x03, 0x00, 0x00, 0x00, 0x34, 0x00, 0x00, 0x0a, 0xc2, 0x00, 0x10, 0x00, 
    0x03, 0x00, 0x00, 0x00, 0xa6, 0x0e, 0x10, 0x00, 0x03, 0x00, 0x00, 0x00, 
    0x02, 0x40, 0x00, 0x00, 0x00, 0x00, 0x00, 0x00, 0x00, 0x00, 0x00, 0x00, 
    0x0a, 0xd7, 0xa3, 0x3c, 0x00, 0x00, 0x00, 0x00, 0x81, 0x00, 0x00, 0x05, 
    0x42, 0x00, 0x10, 0x00, 0x03, 0x00, 0x00, 0x00, 0x2a, 0x00, 0x10, 0x00, 
    0x03, 0x00, 0x00, 0x00, 0x32, 0x00, 0x00, 0x09, 0x42, 0x00, 0x10, 0x00, 
    0x03, 0x00, 0x00, 0x00, 0x3a, 0x00, 0x10, 0x00, 0x03, 0x00, 0x00, 0x00, 
    0x2a, 0x00, 0x10, 0x00, 0x03, 0x00, 0x00, 0x00, 0x01, 0x40, 0x00, 0x00, 
    0x33, 0x33, 0xb3, 0xbe, 0x00, 0x20, 0x00, 0x07, 0x42, 0x00, 0x10, 0x00, 
    0x03, 0x00, 0x00, 0x00, 0x2a, 0x00, 0x10, 0x00, 0x03, 0x00, 0x00, 0x00, 
    0x2a, 0x00, 0x10, 0x00, 0x03, 0x00, 0x00, 0x00, 0x32, 0x00, 0x00, 0x09, 
    0x82, 0x00, 0x10, 0x00, 0x03, 0x00, 0x00, 0x00, 0x2a, 0x00, 0x10, 0x00, 
    0x03, 0x00, 0x00, 0x00, 0x01, 0x40, 0x00, 0x00, 0x00, 0x00, 0x00, 0xc0, 
    0x01, 0x40, 0x00, 0x00, 0x00, 0x00, 0x40, 0x40, 0x38, 0x00, 0x00, 0x07, 
    0x42, 0x00, 0x10, 0x00, 0x03, 0x00, 0x00, 0x00, 0x2a, 0x00, 0x10, 0x00, 
    0x03, 0x00, 0x00, 0x00, 0x2a, 0x00, 0x10, 0x00, 0x03, 0x00, 0x00, 0x00, 
    0x32, 0x00, 0x00, 0x0a, 0x42, 0x00, 0x10, 0x00, 0x03, 0x00, 0x00, 0x00, 
    0x3a, 0x00, 0x10, 0x80, 0x41, 0x00, 0x00, 0x00, 0x03, 0x00, 0x00, 0x00, 
    0x2a, 0x00, 0x10, 0x00, 0x03, 0x00, 0x00, 0x00, 0x01, 0x40, 0x00, 0x00, 
    0x00, 0x00, 0x80, 0x3f, 0x38, 0x00, 0x00, 0x07, 0x42, 0x00, 0x10, 0x00, 
    0x03, 0x00, 0x00, 0x00, 0x2a, 0x00, 0x10, 0x00, 0x03, 0x00, 0x00, 0x00, 
    0x2a, 0x00, 0x10, 0x00, 0x04, 0x00, 0x00, 0x00, 0x38, 0x00, 0x00, 0x07, 
    0x12, 0x00, 0x10, 0x00, 0x00, 0x00, 0x00, 0x00, 0x0a, 0x00, 0x10, 0x00, 
    0x00, 0x00, 0x00, 0x00, 0x2a, 0x00, 0x10, 0x00, 0x03, 0x00, 0x00, 0x00, 
    0x34, 0x00, 0x00, 0x07, 0x12, 0x00, 0x10, 0x00, 0x00, 0x00, 0x00, 0x00, 
    0x0a, 0x00, 0x10, 0x00, 0x00, 0x00, 0x00, 0x00, 0x01, 0x40, 0x00, 0x00, 
    0x00, 0x00, 0x00, 0x00, 0x33, 0x00, 0x00, 0x07, 0x22, 0x00, 0x10, 0x00, 
    0x05, 0x00, 0x00, 0x00, 0x0a, 0x00, 0x10, 0x00, 0x00, 0x00, 0x00, 0x00, 
    0x01, 0x40, 0x00, 0x00, 0xae, 0x47, 0x61, 0x3e, 0x01, 0x00, 0x00, 0x08, 
    0x12, 0x00, 0x10, 0x00, 0x00, 0x00, 0x00, 0x00, 0x1a, 0x80, 0x20, 0x00, 
    0x00, 0x00, 0x00, 0x00, 0x01, 0x00, 0x00, 0x00, 0x01, 0x40, 0x00, 0x00, 
    0x00, 0x00, 0x01, 0x00, 0x20, 0x00, 0x00, 0x07, 0x12, 0x00, 0x10, 0x00, 
    0x00, 0x00, 0x00, 0x00, 0x0a, 0x00, 0x10, 0x00, 0x00, 0x00, 0x00, 0x00, 
    0x01, 0x40, 0x00, 0x00, 0x00, 0x00, 0x01, 0x00, 0x1f, 0x00, 0x04, 0x03, 
    0x0a, 0x00, 0x10, 0x00, 0x00, 0x00, 0x00, 0x00, 0x01, 0x00, 0x00, 0x08, 
    0x12, 0x00, 0x10, 0x00, 0x00, 0x00, 0x00, 0x00, 0x1a, 0x80, 0x20, 0x00, 
    0x00, 0x00, 0x00, 0x00, 0x01, 0x00, 0x00, 0x00, 0x01, 0x40, 0x00, 0x00, 
    0x00, 0x00, 0xff, 0x00, 0x4c, 0x00, 0x00, 0x03, 0x0a, 0x00, 0x10, 0x00, 
    0x00, 0x00, 0x00, 0x00, 0x06, 0x00, 0x00, 0x03, 0x01, 0x40, 0x00, 0x00, 
    0x00, 0x00, 0x03, 0x00, 0x38, 0x00, 0x00, 0x07, 0x42, 0x00, 0x10, 0x00, 
    0x05, 0x00, 0x00, 0x00, 0x1a, 0x00, 0x10, 0x00, 0x05, 0x00, 0x00, 0x00, 
    0x1a, 0x00, 0x10, 0x00, 0x05, 0x00, 0x00, 0x00, 0x38, 0x00, 0x00, 0x07, 
    0x82, 0x00, 0x10, 0x00, 0x05, 0x00, 0x00, 0x00, 0x1a, 0x00, 0x10, 0x00, 
    0x05, 0x00, 0x00, 0x00, 0x2a, 0x00, 0x10, 0x00, 0x05, 0x00, 0x00, 0x00, 
    0x38, 0x00, 0x00, 0x07, 0xc2, 0x00, 0x10, 0x00, 0x03, 0x00, 0x00, 0x00, 
    0xa6, 0x0a, 0x10, 0x00, 0x05, 0x00, 0x00, 0x00, 0xa6, 0x0e, 0x10, 0x00, 
    0x05, 0x00, 0x00, 0x00, 0x36, 0x00, 0x00, 0x05, 0x12, 0x00, 0x10, 0x00, 
    0x05, 0x00, 0x00, 0x00, 0x01, 0x40, 0x00, 0x00, 0x8c, 0xfa, 0x0a, 0x3e, 
    0x11, 0x00, 0x00, 0x0a, 0x12, 0x00, 0x10, 0x00, 0x00, 0x00, 0x00, 0x00, 
    0x02, 0x40, 0x00, 0x00, 0x00, 0x00, 0x80, 0x3f, 0x4c, 0xb1, 0x93, 0x40, 
    0x2c, 0xa4, 0x2a, 0xc2, 0x8f, 0x21, 0x04, 0x43, 0x46, 0x0e, 0x10, 0x00, 
    0x05, 0x00, 0x00, 0x00, 0x0f, 0x00, 0x00, 0x0a, 0x42, 0x00, 0x10, 0x00, 
    0x04, 0x00, 0x00, 0x00, 0xe6, 0x0a, 0x10, 0x00, 0x03, 0x00, 0x00, 0x00, 
    0x02, 0x40, 0x00, 0x00, 0x41, 0xf1, 0x18, 0xc3, 0x41, 0x25, 0x6d, 0x42, 
    0x00, 0x00, 0x00, 0x00, 0x00, 0x00, 0x00, 0x00, 0x00, 0x00, 0x00, 0x07, 
    0x12, 0x00, 0x10, 0x00, 0x07, 0x00, 0x00, 0x00, 0x0a, 0x00, 0x10, 0x00, 
    0x00, 0x00, 0x00, 0x00, 0x2a, 0x00, 0x10, 0x00, 0x04, 0x00, 0x00, 0x00, 
    0x36, 0x00, 0x00, 0x05, 0x12, 0x00, 0x10, 0x00, 0x08, 0x00, 0x00, 0x00, 
    0x01, 0x40, 0x00, 0x00, 0x4b, 0x31, 0xbb, 0x3d, 0x36, 0x00, 0x00, 0x05, 
    0xe2, 0x00, 0x10, 0x00, 0x08, 0x00, 0x00, 0x00, 0x56, 0x0e, 0x10, 0x00, 
    0x05, 0x00, 0x00, 0x00, 0x11, 0x00, 0x00, 0x0a, 0x12, 0x00, 0x10, 0x00, 
    0x00, 0x00, 0x00, 0x00, 0x02, 0x40, 0x00, 0x00, 0x00, 0x00, 0x80, 0x3f, 
    0x95, 0x6d, 0x0c, 0x40, 0x95, 0xf9, 0x9a, 0x40, 0xe6, 0xf5, 0x62, 0xc1, 
    0x46, 0x0e, 0x10, 0x00, 0x08, 0x00, 0x00, 0x00, 0x0f, 0x00, 0x00, 0x0a, 
    0x42, 0x00, 0x10, 0x00, 0x04, 0x00, 0x00, 0x00, 0xe6, 0x0a, 0x10, 0x00, 
    0x03, 0x00, 0x00, 0x00, 0x02, 0x40, 0x00, 0x00, 0xa1, 0xdf, 0x88, 0x40, 
    0x9c, 0x17, 0x35, 0x40, 0x00, 0x00, 0x00, 0x00, 0x00, 0x00, 0x00, 0x00, 
    0x00, 0x00, 0x00, 0x07, 0x22, 0x00, 0x10, 0x00, 0x07, 0x00, 0x00, 0x00, 
    0x0a, 0x00, 0x10, 0x00, 0x00, 0x00, 0x00, 0x00, 0x2a, 0x00, 0x10, 0x00, 
    0x04, 0x00, 0x00, 0x00, 0x36, 0x00, 0x00, 0x05, 0x12, 0x00, 0x10, 0x00, 
    0x08, 0x00, 0x00, 0x00, 0x01, 0x40, 0x00, 0x00, 0x88, 0x77, 0xda, 0x3d, 
    0x11, 0x00, 0x00, 0x0a, 0x12, 0x00, 0x10, 0x00, 0x00, 0x00, 0x00, 0x00, 
    0x02, 0x40, 0x00, 0x00, 0x00, 0x00, 0x80, 0x3f, 0x69, 0x45, 0x4a, 0x41, 
    0x04, 0x54, 0x72, 0xc2, 0xbd, 0xb9, 0xdc, 0x42, 0x46, 0x0e, 0x10, 0x00, 
    0x08, 0x00, 0x00, 0x00, 0x0f, 0x00, 0x00, 0x0a, 0x42, 0x00, 0x10, 0x00, 
    0x03, 0x00, 0x00, 0x00, 0xe6, 0x0a, 0x10, 0x00, 0x03, 0x00, 0x00, 0x00, 
    0x02, 0x40, 0x00, 0x00, 0x64, 0xce, 0xb3, 0xc2, 0x37, 0xc9, 0xda, 0x41, 
    0x00, 0x00, 0x00, 0x00, 0x00, 0x00, 0x00, 0x00, 0x00, 0x00, 0x00, 0x07, 
    0x42, 0x00, 0x10, 0x00, 0x07, 0x00, 0x00, 0x00, 0x0a, 0x00, 0x10, 0x00, 
    0x00, 0x00, 0x00, 0x00, 0x2a, 0x00, 0x10, 0x00, 0x03, 0x00, 0x00, 0x00, 
    0x36, 0x00, 0x00, 0x05, 0x82, 0x00, 0x10, 0x00, 0x07, 0x00, 0x00, 0x00, 
    0x01, 0x40, 0x00, 0x00, 0x00, 0x00, 0x80, 0x3f, 0xa4, 0x00, 0x00, 0x07, 
    0xf2, 0xe0, 0x11, 0x00, 0x00, 0x00, 0x00, 0x00, 0x46, 0x05, 0x10, 0x00, 
    0x01, 0x00, 0x00, 0x00, 0x46, 0x0e, 0x10, 0x00, 0x07, 0x00, 0x00, 0x00, 
    0x02, 0x00, 0x00, 0x01, 0x06, 0x00, 0x00, 0x03, 0x01, 0x40, 0x00, 0x00, 
    0x00, 0x00, 0x05, 0x00, 0x36, 0x00, 0x00, 0x05, 0x82, 0x00, 0x10, 0x00, 
    0x01, 0x00, 0x00, 0x00, 0x01, 0x40, 0x00, 0x00, 0x00, 0x00, 0x00, 0x00, 
    0x2d, 0x00, 0x00, 0x89, 0xc2, 0x00, 0x00, 0x80, 0x43, 0x55, 0x15, 0x00, 
    0xd2, 0x00, 0x10, 0x00, 0x05, 0x00, 0x00, 0x00, 0x46, 0x0f, 0x10, 0x00, 
    0x01, 0x00, 0x00, 0x00, 0xc6, 0x79, 0x10, 0x00, 0x04, 0x00, 0x00, 0x00, 
    0x01, 0x00, 0x00, 0x0a, 0xb2, 0x00, 0x10, 0x00, 0x06, 0x00, 0x00, 0x00, 
    0x86, 0x0c, 0x10, 0x00, 0x05, 0x00, 0x00, 0x00, 0x02, 0x40, 0x00, 0x00, 
    0x00, 0x00, 0x80, 0x7f, 0x00, 0x00, 0x80, 0x7f, 0x00, 0x00, 0x00, 0x00, 
    0x00, 0x00, 0x80, 0x7f, 0x27, 0x00, 0x00, 0x0a, 0xb2, 0x00, 0x10, 0x00, 
    0x06, 0x00, 0x00, 0x00, 0x46, 0x0c, 0x10, 0x00, 0x06, 0x00, 0x00, 0x00, 
    0x02, 0x40, 0x00, 0x00, 0x00, 0x00, 0x80, 0x7f, 0x00, 0x00, 0x80, 0x7f, 
    0x00, 0x00, 0x00, 0x00, 0x00, 0x00, 0x80, 0x7f, 0x01, 0x00, 0x00, 0x07, 
    0x12, 0x00, 0x10, 0x00, 0x00, 0x00, 0x00, 0x00, 0x1a, 0x00, 0x10, 0x00, 
    0x06, 0x00, 0x00, 0x00, 0x0a, 0x00, 0x10, 0x00, 0x06, 0x00, 0x00, 0x00, 
    0x01, 0x00, 0x00, 0x07, 0x12, 0x00, 0x10, 0x00, 0x00, 0x00, 0x00, 0x00, 
    0x3a, 0x00, 0x10, 0x00, 0x06, 0x00, 0x00, 0x00, 0x0a, 0x00, 0x10, 0x00, 
    0x00, 0x00, 0x00, 0x00, 0x34, 0x00, 0x00, 0x0a, 0xd2, 0x00, 0x10, 0x00, 
    0x05, 0x00, 0x00, 0x00, 0x06, 0x0e, 0x10, 0x00, 0x05, 0x00, 0x00, 0x00, 
    0x02, 0x40, 0x00, 0x00, 0x00, 0x00, 0x00, 0x00, 0x00, 0x00, 0x00, 0x00, 
    0x00, 0x00, 0x00, 0x00, 0x00, 0x00, 0x00, 0x00, 0x33, 0x00, 0x00, 0x0a, 
    0xd2, 0x00, 0x10, 0x00, 0x05, 0x00, 0x00, 0x00, 0x06, 0x0e, 0x10, 0x00, 
    0x05, 0x00, 0x00, 0x00, 0x02, 0x40, 0x00, 0x00, 0x00, 0xe8, 0x7d, 0x47, 
    0x00, 0x00, 0x00, 0x00, 0x00, 0xe8, 0x7d, 0x47, 0x00, 0xe8, 0x7d, 0x47, 
    0x01, 0x00, 0x00, 0x07, 0x72, 0x00, 0x10, 0x00, 0x07, 0x00, 0x00, 0x00, 
    0x06, 0x00, 0x10, 0x00, 0x00, 0x00, 0x00, 0x00, 0x86, 0x03, 0x10, 0x00, 
    0x05, 0x00, 0x00, 0x00, 0x36, 0x00, 0x00, 0x05, 0x82, 0x00, 0x10, 0x00, 
    0x07, 0x00, 0x00, 0x00, 0x01, 0x40, 0x00, 0x00, 0x00, 0x00, 0x80, 0x3f, 
    0xa4, 0x00, 0x00, 0x07, 0xf2, 0xe0, 0x11, 0x00, 0x00, 0x00, 0x00, 0x00, 
    0x46, 0x05, 0x10, 0x00, 0x01, 0x00, 0x00, 0x00, 0x46, 0x0e, 0x10, 0x00, 
    0x07, 0x00, 0x00, 0x00, 0x02, 0x00, 0x00, 0x01, 0x06, 0x00, 0x00, 0x03, 
    0x01, 0x40, 0x00, 0x00, 0x00, 0x00, 0x07, 0x00, 0x36, 0x00, 0x00, 0x05, 
    0x82, 0x00, 0x10, 0x00, 0x02, 0x00, 0x00, 0x00, 0x01, 0x40, 0x00, 0x00, 
    0x00, 0x00, 0x80, 0x3f, 0xa4, 0x00, 0x00, 0x07, 0xf2, 0xe0, 0x11, 0x00, 
    0x00, 0x00, 0x00, 0x00, 0x46, 0x05, 0x10, 0x00, 0x01, 0x00, 0x00, 0x00, 
    0x46, 0x0e, 0x10, 0x00, 0x02, 0x00, 0x00, 0x00, 0x02, 0x00, 0x00, 0x01, 
    0x06, 0x00, 0x00, 0x03, 0x01, 0x40, 0x00, 0x00, 0x00, 0x00, 0x09, 0x00, 
    0x36, 0x00, 0x00, 0x08, 0xc2, 0x00, 0x10, 0x00, 0x01, 0x00, 0x00, 0x00, 
    0x02, 0x40, 0x00, 0x00, 0x00, 0x00, 0x00, 0x00, 0x00, 0x00, 0x00, 0x00, 
    0x00, 0x00, 0x00, 0x00, 0x00, 0x00, 0x00, 0x00, 0x2d, 0x00, 0x00, 0x89, 
    0xc2, 0x00, 0x00, 0x80, 0x43, 0x55, 0x15, 0x00, 0xd2, 0x00, 0x10, 0x00, 
    0x05, 0x00, 0x00, 0x00, 0x46, 0x0f, 0x10, 0x00, 0x01, 0x00, 0x00, 0x00, 
    0xc6, 0x79, 0x10, 0x00, 0x00, 0x00, 0x00, 0x00, 0x01, 0x00, 0x00, 0x0a, 
    0xb2, 0x00, 0x10, 0x00, 0x06, 0x00, 0x00, 0x00, 0x86, 0x0c, 0x10, 0x00, 
    0x05, 0x00, 0x00, 0x00, 0x02, 0x40, 0x00, 0x00, 0x00, 0x00, 0x80, 0x7f, 
    0x00, 0x00, 0x80, 0x7f, 0x00, 0x00, 0x00, 0x00, 0x00, 0x00, 0x80, 0x7f, 
    0x27, 0x00, 0x00, 0x0a, 0xb2, 0x00, 0x10, 0x00, 0x06, 0x00, 0x00, 0x00, 
    0x46, 0x0c, 0x10, 0x00, 0x06, 0x00, 0x00, 0x00, 0x02, 0x40, 0x00, 0x00, 
    0x00, 0x00, 0x80, 0x7f, 0x00, 0x00, 0x80, 0x7f, 0x00, 0x00, 0x00, 0x00, 
    0x00, 0x00, 0x80, 0x7f, 0x01, 0x00, 0x00, 0x07, 0x12, 0x00, 0x10, 0x00, 
    0x00, 0x00, 0x00, 0x00, 0x1a, 0x00, 0x10, 0x00, 0x06, 0x00, 0x00, 0x00, 
    0x0a, 0x00, 0x10, 0x00, 0x06, 0x00, 0x00, 0x00, 0x01, 0x00, 0x00, 0x07, 
    0x12, 0x00, 0x10, 0x00, 0x00, 0x00, 0x00, 0x00, 0x3a, 0x00, 0x10, 0x00, 
    0x06, 0x00, 0x00, 0x00, 0x0a, 0x00, 0x10, 0x00, 0x00, 0x00, 0x00, 0x00, 
    0x34, 0x00, 0x00, 0x0a, 0xd2, 0x00, 0x10, 0x00, 0x05, 0x00, 0x00, 0x00, 
    0x06, 0x0e, 0x10, 0x00, 0x05, 0x00, 0x00, 0x00, 0x02, 0x40, 0x00, 0x00, 
    0x00, 0x00, 0x00, 0x00, 0x00, 0x00, 0x00, 0x00, 0x00, 0x00, 0x00, 0x00, 
    0x00, 0x00, 0x00, 0x00, 0x33, 0x00, 0x00, 0x0a, 0xd2, 0x00, 0x10, 0x00, 
    0x05, 0x00, 0x00, 0x00, 0x06, 0x0e, 0x10, 0x00, 0x05, 0x00, 0x00, 0x00, 
    0x02, 0x40, 0x00, 0x00, 0x00, 0xe8, 0x7d, 0x47, 0x00, 0x00, 0x00, 0x00, 
    0x00, 0xe8, 0x7d, 0x47, 0x00, 0xe8, 0x7d, 0x47, 0x01, 0x00, 0x00, 0x07, 
    0xd2, 0x00, 0x10, 0x00, 0x05, 0x00, 0x00, 0x00, 0x06, 0x00, 0x10, 0x00, 
    0x00, 0x00, 0x00, 0x00, 0x06, 0x0e, 0x10, 0x00, 0x05, 0x00, 0x00, 0x00, 
    0x2d, 0x00, 0x00, 0x89, 0xc2, 0x00, 0x00, 0x80, 0x43, 0x55, 0x15, 0x00, 
    0xb2, 0x00, 0x10, 0x00, 0x06, 0x00, 0x00, 0x00, 0x46, 0x0e, 0x10, 0x00, 
    0x01, 0x00, 0x00, 0x00, 0x46, 0x7b, 0x10, 0x00, 0x01, 0x00, 0x00, 0x00, 
    0x01, 0x00, 0x00, 0x0a, 0x72, 0x00, 0x10, 0x00, 0x07, 0x00, 0x00, 0x00, 
    0x46, 0x03, 0x10, 0x00, 0x06, 0x00, 0x00, 0x00, 0x02, 0x40, 0x00, 0x00, 
    0x00, 0x00, 0x80, 0x7f, 0x00, 0x00, 0x80, 0x7f, 0x00, 0x00, 0x80, 0x7f, 
    0x00, 0x00, 0x00, 0x00, 0x27, 0x00, 0x00, 0x0a, 0x72, 0x00, 0x10, 0x00, 
    0x07, 0x00, 0x00, 0x00, 0x46, 0x02, 0x10, 0x00, 0x07, 0x00, 0x00, 0x00, 
    0x02, 0x40, 0x00, 0x00, 0x00, 0x00, 0x80, 0x7f, 0x00, 0x00, 0x80, 0x7f, 
    0x00, 0x00, 0x80, 0x7f, 0x00, 0x00, 0x00, 0x00, 0x01, 0x00, 0x00, 0x07, 
    0x12, 0x00, 0x10, 0x00, 0x00, 0x00, 0x00, 0x00, 0x1a, 0x00, 0x10, 0x00, 
    0x07, 0x00, 0x00, 0x00, 0x0a, 0x00, 0x10, 0x00, 0x07, 0x00, 0x00, 0x00, 
    0x01, 0x00, 0x00, 0x07, 0x12, 0x00, 0x10, 0x00, 0x00, 0x00, 0x00, 0x00, 
    0x2a, 0x00, 0x10, 0x00, 0x07, 0x00, 0x00, 0x00, 0x0a, 0x00, 0x10, 0x00, 
    0x00, 0x00, 0x00, 0x00, 0x34, 0x00, 0x00, 0x0a, 0xb2, 0x00, 0x10, 0x00, 
    0x06, 0x00, 0x00, 0x00, 0x46, 0x0c, 0x10, 0x00, 0x06, 0x00, 0x00, 0x00, 
    0x02, 0x40, 0x00, 0x00, 0x00, 0x00, 0x00, 0x00, 0x00, 0x00, 0x00, 0x00, 
    0x00, 0x00, 0x00, 0x00, 0x00, 0x00, 0x00, 0x00, 0x33, 0x00, 0x00, 0x0a, 
    0xb2, 0x00, 0x10, 0x00, 0x06, 0x00, 0x00, 0x00, 0x46, 0x0c, 0x10, 0x00, 
    0x06, 0x00, 0x00, 0x00, 0x02, 0x40, 0x00, 0x00, 0x00, 0x00, 0x80, 0x40, 
    0x00, 0x00, 0x80, 0x40, 0x00, 0x00, 0x00, 0x00, 0x00, 0x00, 0x80, 0x40, 
    0x01, 0x00, 0x00, 0x07, 0xb2, 0x00, 0x10, 0x00, 0x06, 0x00, 0x00, 0x00, 
    0x06, 0x00, 0x10, 0x00, 0x00, 0x00, 0x00, 0x00, 0x46, 0x0c, 0x10, 0x00, 
    0x06, 0x00, 0x00, 0x00, 0x38, 0x00, 0x00, 0x07, 0xd2, 0x00, 0x10, 0x00, 
    0x05, 0x00, 0x00, 0x00, 0x06, 0x0e, 0x10, 0x00, 0x05, 0x00, 0x00, 0x00, 
    0x06, 0x0d, 0x10, 0x00, 0x06, 0x00, 0x00, 0x00, 0x33, 0x00, 0x00, 0x0a, 
    0x72, 0x00, 0x10, 0x00, 0x07, 0x00, 0x00, 0x00, 0x86, 0x03, 0x10, 0x00, 
    0x05, 0x00, 0x00, 0x00, 0x02, 0x40, 0x00, 0x00, 0x00, 0xdc, 0x7f, 0x47, 
    0x00, 0xdc, 0x7f, 0x47, 0x00, 0xdc, 0x7f, 0x47, 0x00, 0x00, 0x00, 0x00, 
    0x36, 0x00, 0x00, 0x05, 0x82, 0x00, 0x10, 0x00, 0x07, 0x00, 0x00, 0x00, 
    0x01, 0x40, 0x00, 0x00, 0x00, 0x00, 0x80, 0x3f, 0xa4, 0x00, 0x00, 0x07, 
    0xf2, 0xe0, 0x11, 0x00, 0x00, 0x00, 0x00, 0x00, 0x46, 0x05, 0x10, 0x00, 
    0x01, 0x00, 0x00, 0x00, 0x46, 0x0e, 0x10, 0x00, 0x07, 0x00, 0x00, 0x00, 
    0x02, 0x00, 0x00, 0x01, 0x06, 0x00, 0x00, 0x03, 0x01, 0x40, 0x00, 0x00, 
    0x00, 0x00, 0x0b, 0x00, 0x36, 0x00, 0x00, 0x08, 0xc2, 0x00, 0x10, 0x00, 
    0x01, 0x00, 0x00, 0x00, 0x02, 0x40, 0x00, 0x00, 0x00, 0x00, 0x00, 0x00, 
    0x00, 0x00, 0x00, 0x00, 0x00, 0x00, 0x00, 0x00, 0x00, 0x00, 0x00, 0x00, 
    0x2d, 0x00, 0x00, 0x89, 0xc2, 0x00, 0x00, 0x80, 0x43, 0x55, 0x15, 0x00, 
    0xd2, 0x00, 0x10, 0x00, 0x05, 0x00, 0x00, 0x00, 0x46, 0x0f, 0x10, 0x00, 
    0x01, 0x00, 0x00, 0x00, 0xc6, 0x79, 0x10, 0x00, 0x02, 0x00, 0x00, 0x00, 
    0x01, 0x00, 0x00, 0x0a, 0xb2, 0x00, 0x10, 0x00, 0x06, 0x00, 0x00, 0x00, 
    0x86, 0x0c, 0x10, 0x00, 0x05, 0x00, 0x00, 0x00, 0x02, 0x40, 0x00, 0x00, 
    0x00, 0x00, 0x80, 0x7f, 0x00, 0x00, 0x80, 0x7f, 0x00, 0x00, 0x00, 0x00, 
    0x00, 0x00, 0x80, 0x7f, 0x27, 0x00, 0x00, 0x0a, 0xb2, 0x00, 0x10, 0x00, 
    0x06, 0x00, 0x00, 0x00, 0x46, 0x0c, 0x10, 0x00, 0x06, 0x00, 0x00, 0x00, 
    0x02, 0x40, 0x00, 0x00, 0x00, 0x00, 0x80, 0x7f, 0x00, 0x00, 0x80, 0x7f, 
    0x00, 0x00, 0x00, 0x00, 0x00, 0x00, 0x80, 0x7f, 0x01, 0x00, 0x00, 0x07, 
    0x12, 0x00, 0x10, 0x00, 0x00, 0x00, 0x00, 0x00, 0x1a, 0x00, 0x10, 0x00, 
    0x06, 0x00, 0x00, 0x00, 0x0a, 0x00, 0x10, 0x00, 0x06, 0x00, 0x00, 0x00, 
    0x01, 0x00, 0x00, 0x07, 0x12, 0x00, 0x10, 0x00, 0x00, 0x00, 0x00, 0x00, 
    0x3a, 0x00, 0x10, 0x00, 0x06, 0x00, 0x00, 0x00, 0x0a, 0x00, 0x10, 0x00, 
    0x00, 0x00, 0x00, 0x00, 0x34, 0x00, 0x00, 0x0a, 0xd2, 0x00, 0x10, 0x00, 
    0x05, 0x00, 0x00, 0x00, 0x06, 0x0e, 0x10, 0x00, 0x05, 0x00, 0x00, 0x00, 
    0x02, 0x40, 0x00, 0x00, 0x00, 0x00, 0x00, 0x00, 0x00, 0x00, 0x00, 0x00, 
    0x00, 0x00, 0x00, 0x00, 0x00, 0x00, 0x00, 0x00, 0x33, 0x00, 0x00, 0x0a, 
    0xd2, 0x00, 0x10, 0x00, 0x05, 0x00, 0x00, 0x00, 0x06, 0x0e, 0x10, 0x00, 
    0x05, 0x00, 0x00, 0x00, 0x02, 0x40, 0x00, 0x00, 0x00, 0xe8, 0x7d, 0x47, 
    0x00, 0x00, 0x00, 0x00, 0x00, 0xe8, 0x7d, 0x47, 0x00, 0xe8, 0x7d, 0x47, 
    0x01, 0x00, 0x00, 0x07, 0xd2, 0x00, 0x10, 0x00, 0x05, 0x00, 0x00, 0x00, 
    0x06, 0x00, 0x10, 0x00, 0x00, 0x00, 0x00, 0x00, 0x06, 0x0e, 0x10, 0x00, 
    0x05, 0x00, 0x00, 0x00, 0x2d, 0x00, 0x00, 0x89, 0xc2, 0x00, 0x00, 0x80, 
    0x43, 0x55, 0x15, 0x00, 0xb2, 0x00, 0x10, 0x00, 0x06, 0x00, 0x00, 0x00, 
    0x46, 0x0e, 0x10, 0x00, 0x01, 0x00, 0x00, 0x00, 0x46, 0x7b, 0x10, 0x00, 
    0x03, 0x00, 0x00, 0x00, 0x01, 0x00, 0x00, 0x0a, 0x72, 0x00, 0x10, 0x00, 
    0x07, 0x00, 0x00, 0x00, 0x46, 0x03, 0x10, 0x00, 0x06, 0x00, 0x00, 0x00, 
    0x02, 0x40, 0x00, 0x00, 0x00, 0x00, 0x80, 0x7f, 0x00, 0x00, 0x80, 0x7f, 
    0x00, 0x00, 0x80, 0x7f, 0x00, 0x00, 0x00, 0x00, 0x27, 0x00, 0x00, 0x0a, 
    0x72, 0x00, 0x10, 0x00, 0x07, 0x00, 0x00, 0x00, 0x46, 0x02, 0x10, 0x00, 
    0x07, 0x00, 0x00, 0x00, 0x02, 0x40, 0x00, 0x00, 0x00, 0x00, 0x80, 0x7f, 
    0x00, 0x00, 0x80, 0x7f, 0x00, 0x00, 0x80, 0x7f, 0x00, 0x00, 0x00, 0x00, 
    0x01, 0x00, 0x00, 0x07, 0x12, 0x00, 0x10, 0x00, 0x00, 0x00, 0x00, 0x00, 
    0x1a, 0x00, 0x10, 0x00, 0x07, 0x00, 0x00, 0x00, 0x0a, 0x00, 0x10, 0x00, 
    0x07, 0x00, 0x00, 0x00, 0x01, 0x00, 0x00, 0x07, 0x12, 0x00, 0x10, 0x00, 
    0x00, 0x00, 0x00, 0x00, 0x2a, 0x00, 0x10, 0x00, 0x07, 0x00, 0x00, 0x00, 
    0x0a, 0x00, 0x10, 0x00, 0x00, 0x00, 0x00, 0x00, 0x34, 0x00, 0x00, 0x0a, 
    0xb2, 0x00, 0x10, 0x00, 0x06, 0x00, 0x00, 0x00, 0x46, 0x0c, 0x10, 0x00, 
    0x06, 0x00, 0x00, 0x00, 0x02, 0x40, 0x00, 0x00, 0x00, 0x00, 0x00, 0x00, 
    0x00, 0x00, 0x00, 0x00, 0x00, 0x00, 0x00, 0x00, 0x00, 0x00, 0x00, 0x00, 
    0x33, 0x00, 0x00, 0x0a, 0xb2, 0x00, 0x10, 0x00, 0x06, 0x00, 0x00, 0x00, 
    0x46, 0x0c, 0x10, 0x00, 0x06, 0x00, 0x00, 0x00, 0x02, 0x40, 0x00, 0x00, 
    0x00, 0x00, 0x80, 0x40, 0x00, 0x00, 0x80, 0x40, 0x00, 0x00, 0x00, 0x00, 
    0x00, 0x00, 0x80, 0x40, 0x01, 0x00, 0x00, 0x07, 0xb2, 0x00, 0x10, 0x00, 
    0x06, 0x00, 0x00, 0x00, 0x06, 0x00, 0x10, 0x00, 0x00, 0x00, 0x00, 0x00, 
    0x46, 0x0c, 0x10, 0x00, 0x06, 0x00, 0x00, 0x00, 0x38, 0x00, 0x00, 0x07, 
    0xd2, 0x00, 0x10, 0x00, 0x05, 0x00, 0x00, 0x00, 0x06, 0x0e, 0x10, 0x00, 
    0x05, 0x00, 0x00, 0x00, 0x06, 0x0d, 0x10, 0x00, 0x06, 0x00, 0x00, 0x00, 
    0x33, 0x00, 0x00, 0x0a, 0x72, 0x00, 0x10, 0x00, 0x07, 0x00, 0x00, 0x00, 
    0x86, 0x03, 0x10, 0x00, 0x05, 0x00, 0x00, 0x00, 0x02, 0x40, 0x00, 0x00, 
    0x00, 0xdc, 0x7f, 0x47, 0x00, 0xdc, 0x7f, 0x47, 0x00, 0xdc, 0x7f, 0x47, 
    0x00, 0x00, 0x00, 0x00, 0x36, 0x00, 0x00, 0x05, 0x82, 0x00, 0x10, 0x00, 
    0x07, 0x00, 0x00, 0x00, 0x01, 0x40, 0x00, 0x00, 0x00, 0x00, 0x80, 0x3f, 
    0xa4, 0x00, 0x00, 0x07, 0xf2, 0xe0, 0x11, 0x00, 0x00, 0x00, 0x00, 0x00, 
    0x46, 0x05, 0x10, 0x00, 0x01, 0x00, 0x00, 0x00, 0x46, 0x0e, 0x10, 0x00, 
    0x07, 0x00, 0x00, 0x00, 0x02, 0x00, 0x00, 0x01, 0x0a, 0x00, 0x00, 0x01, 
    0x01, 0x00, 0x00, 0x08, 0x12, 0x00, 0x10, 0x00, 0x00, 0x00, 0x00, 0x00, 
    0x1a, 0x80, 0x20, 0x00, 0x00, 0x00, 0x00, 0x00, 0x01, 0x00, 0x00, 0x00, 
    0x01, 0x40, 0x00, 0x00, 0x04, 0x00, 0x00, 0x00, 0x20, 0x00, 0x00, 0x07, 
    0x12, 0x00, 0x10, 0x00, 0x00, 0x00, 0x00, 0x00, 0x0a, 0x00, 0x10, 0x00, 
    0x00, 0x00, 0x00, 0x00, 0x01, 0x40, 0x00, 0x00, 0x04, 0x00, 0x00, 0x00, 
    0x1f, 0x00, 0x04, 0x03, 0x0a, 0x00, 0x10, 0x00, 0x00, 0x00, 0x00, 0x00, 
    0x36, 0x00, 0x00, 0x08, 0xc2, 0x00, 0x10, 0x00, 0x01, 0x00, 0x00, 0x00, 
    0x02, 0x40, 0x00, 0x00, 0x00, 0x00, 0x00, 0x00, 0x00, 0x00, 0x00, 0x00, 
    0x00, 0x00, 0x00, 0x00, 0x00, 0x00, 0x00, 0x00, 0x2d, 0x00, 0x00, 0x89, 
    0xc2, 0x00, 0x00, 0x80, 0x43, 0x55, 0x15, 0x00, 0xd2, 0x00, 0x10, 0x00, 
    0x05, 0x00, 0x00, 0x00, 0x46, 0x0f, 0x10, 0x00, 0x01, 0x00, 0x00, 0x00, 
    0xc6, 0x79, 0x10, 0x00, 0x00, 0x00, 0x00, 0x00, 0x01, 0x00, 0x00, 0x0a, 
    0xb2, 0x00, 0x10, 0x00, 0x06, 0x00, 0x00, 0x00, 0x86, 0x0c, 0x10, 0x00, 
    0x05, 0x00, 0x00, 0x00, 0x02, 0x40, 0x00, 0x00, 0x00, 0x00, 0x80, 0x7f, 
    0x00, 0x00, 0x80, 0x7f, 0x00, 0x00, 0x00, 0x00, 0x00, 0x00, 0x80, 0x7f, 
    0x27, 0x00, 0x00, 0x0a, 0xb2, 0x00, 0x10, 0x00, 0x06, 0x00, 0x00, 0x00, 
    0x46, 0x0c, 0x10, 0x00, 0x06, 0x00, 0x00, 0x00, 0x02, 0x40, 0x00, 0x00, 
    0x00, 0x00, 0x80, 0x7f, 0x00, 0x00, 0x80, 0x7f, 0x00, 0x00, 0x00, 0x00, 
    0x00, 0x00, 0x80, 0x7f, 0x01, 0x00, 0x00, 0x07, 0x12, 0x00, 0x10, 0x00, 
    0x00, 0x00, 0x00, 0x00, 0x1a, 0x00, 0x10, 0x00, 0x06, 0x00, 0x00, 0x00, 
    0x0a, 0x00, 0x10, 0x00, 0x06, 0x00, 0x00, 0x00, 0x01, 0x00, 0x00, 0x07, 
    0x12, 0x00, 0x10, 0x00, 0x00, 0x00, 0x00, 0x00, 0x3a, 0x00, 0x10, 0x00, 
    0x06, 0x00, 0x00, 0x00, 0x0a, 0x00, 0x10, 0x00, 0x00, 0x00, 0x00, 0x00, 
    0x34, 0x00, 0x00, 0x0a, 0xd2, 0x00, 0x10, 0x00, 0x05, 0x00, 0x00, 0x00, 
    0x06, 0x0e, 0x10, 0x00, 0x05, 0x00, 0x00, 0x00, 0x02, 0x40, 0x00, 0x00, 
    0x00, 0x00, 0x00, 0x00, 0x00, 0x00, 0x00, 0x00, 0x00, 0x00, 0x00, 0x00, 
    0x00, 0x00, 0x00, 0x00, 0x33, 0x00, 0x00, 0x0a, 0xd2, 0x00, 0x10, 0x00, 
    0x05, 0x00, 0x00, 0x00, 0x06, 0x0e, 0x10, 0x00, 0x05, 0x00, 0x00, 0x00, 
    0x02, 0x40, 0x00, 0x00, 0x00, 0xe8, 0x7d, 0x47, 0x00, 0x00, 0x00, 0x00, 
    0x00, 0xe8, 0x7d, 0x47, 0x00, 0xe8, 0x7d, 0x47, 0x01, 0x00, 0x00, 0x07, 
    0xd2, 0x00, 0x10, 0x00, 0x05, 0x00, 0x00, 0x00, 0x06, 0x00, 0x10, 0x00, 
    0x00, 0x00, 0x00, 0x00, 0x06, 0x0e, 0x10, 0x00, 0x05, 0x00, 0x00, 0x00, 
    0x2d, 0x00, 0x00, 0x89, 0xc2, 0x00, 0x00, 0x80, 0x43, 0x55, 0x15, 0x00, 
    0xb2, 0x00, 0x10, 0x00, 0x06, 0x00, 0x00, 0x00, 0x46, 0x0e, 0x10, 0x00, 
    0x01, 0x00, 0x00, 0x00, 0x46, 0x7b, 0x10, 0x00, 0x02, 0x00, 0x00, 0x00, 
    0x01, 0x00, 0x00, 0x0a, 0x72, 0x00, 0x10, 0x00, 0x07, 0x00, 0x00, 0x00, 
    0x46, 0x03, 0x10, 0x00, 0x06, 0x00, 0x00, 0x00, 0x02, 0x40, 0x00, 0x00, 
    0x00, 0x00, 0x80, 0x7f, 0x00, 0x00, 0x80, 0x7f, 0x00, 0x00, 0x80, 0x7f, 
    0x00, 0x00, 0x00, 0x00, 0x27, 0x00, 0x00, 0x0a, 0x72, 0x00, 0x10, 0x00, 
    0x07, 0x00, 0x00, 0x00, 0x46, 0x02, 0x10, 0x00, 0x07, 0x00, 0x00, 0x00, 
    0x02, 0x40, 0x00, 0x00, 0x00, 0x00, 0x80, 0x7f, 0x00, 0x00, 0x80, 0x7f, 
    0x00, 0x00, 0x80, 0x7f, 0x00, 0x00, 0x00, 0x00, 0x01, 0x00, 0x00, 0x07, 
    0x12, 0x00, 0x10, 0x00, 0x00, 0x00, 0x00, 0x00, 0x1a, 0x00, 0x10, 0x00, 
    0x07, 0x00, 0x00, 0x00, 0x0a, 0x00, 0x10, 0x00, 0x07, 0x00, 0x00, 0x00, 
    0x01, 0x00, 0x00, 0x07, 0x12, 0x00, 0x10, 0x00, 0x00, 0x00, 0x00, 0x00, 
    0x2a, 0x00, 0x10, 0x00, 0x07, 0x00, 0x00, 0x00, 0x0a, 0x00, 0x10, 0x00, 
    0x00, 0x00, 0x00, 0x00, 0x34, 0x00, 0x00, 0x0a, 0xb2, 0x00, 0x10, 0x00, 
    0x06, 0x00, 0x00, 0x00, 0x46, 0x0c, 0x10, 0x00, 0x06, 0x00, 0x00, 0x00, 
    0x02, 0x40, 0x00, 0x00, 0x00, 0x00, 0x00, 0x00, 0x00, 0x00, 0x00, 0x00, 
    0x00, 0x00, 0x00, 0x00, 0x00, 0x00, 0x00, 0x00, 0x33, 0x00, 0x00, 0x0a, 
    0xb2, 0x00, 0x10, 0x00, 0x06, 0x00, 0x00, 0x00, 0x46, 0x0c, 0x10, 0x00, 
    0x06, 0x00, 0x00, 0x00, 0x02, 0x40, 0x00, 0x00, 0x00, 0xe8, 0x7d, 0x47, 
    0x00, 0xe8, 0x7d, 0x47, 0x00, 0x00, 0x00, 0x00, 0x00, 0xe8, 0x7d, 0x47, 
    0x01, 0x00, 0x00, 0x07, 0xb2, 0x00, 0x10, 0x00, 0x06, 0x00, 0x00, 0x00, 
    0x06, 0x00, 0x10, 0x00, 0x00, 0x00, 0x00, 0x00, 0x46, 0x0c, 0x10, 0x00, 
    0x06, 0x00, 0x00, 0x00, 0x00, 0x00, 0x00, 0x07, 0xd2, 0x00, 0x10, 0x00, 
    0x05, 0x00, 0x00, 0x00, 0x06, 0x0e, 0x10, 0x00, 0x05, 0x00, 0x00, 0x00, 
    0x06, 0x0d, 0x10, 0x00, 0x06, 0x00, 0x00, 0x00, 0x33, 0x00, 0x00, 0x0a, 
    0x72, 0x00, 0x10, 0x00, 0x07, 0x00, 0x00, 0x00, 0x86, 0x03, 0x10, 0x00, 
    0x05, 0x00, 0x00, 0x00, 0x02, 0x40, 0x00, 0x00, 0x00, 0xdc, 0x7f, 0x47, 
    0x00, 0xdc, 0x7f, 0x47, 0x00, 0xdc, 0x7f, 0x47, 0x00, 0x00, 0x00, 0x00, 
    0x36, 0x00, 0x00, 0x05, 0x82, 0x00, 0x10, 0x00, 0x07, 0x00, 0x00, 0x00, 
    0x01, 0x40, 0x00, 0x00, 0x00, 0x00, 0x80, 0x3f, 0x12, 0x00, 0x00, 0x01, 
    0x36, 0x00, 0x00, 0x08, 0xc2, 0x00, 0x10, 0x00, 0x01, 0x00, 0x00, 0x00, 
    0x02, 0x40, 0x00, 0x00, 0x00, 0x00, 0x00, 0x00, 0x00, 0x00, 0x00, 0x00, 
    0x00, 0x00, 0x00, 0x00, 0x00, 0x00, 0x00, 0x00, 0x2d, 0x00, 0x00, 0x89, 
    0xc2, 0x00, 0x00, 0x80, 0x43, 0x55, 0x15, 0x00, 0xd2, 0x00, 0x10, 0x00, 
    0x05, 0x00, 0x00, 0x00, 0x46, 0x0e, 0x10, 0x00, 0x01, 0x00, 0x00, 0x00, 
    0xc6, 0x79, 0x10, 0x00, 0x00, 0x00, 0x00, 0x00, 0x01, 0x00, 0x00, 0x0a, 
    0xb2, 0x00, 0x10, 0x00, 0x06, 0x00, 0x00, 0x00, 0x86, 0x0c, 0x10, 0x00, 
    0x05, 0x00, 0x00, 0x00, 0x02, 0x40, 0x00, 0x00, 0x00, 0x00, 0x80, 0x7f, 
    0x00, 0x00, 0x80, 0x7f, 0x00, 0x00, 0x00, 0x00, 0x00, 0x00, 0x80, 0x7f, 
    0x27, 0x00, 0x00, 0x0a, 0xb2, 0x00, 0x10, 0x00, 0x06, 0x00, 0x00, 0x00, 
    0x46, 0x0c, 0x10, 0x00, 0x06, 0x00, 0x00, 0x00, 0x02, 0x40, 0x00, 0x00, 
    0x00, 0x00, 0x80, 0x7f, 0x00, 0x00, 0x80, 0x7f, 0x00, 0x00, 0x00, 0x00, 
    0x00, 0x00, 0x80, 0x7f, 0x01, 0x00, 0x00, 0x07, 0x12, 0x00, 0x10, 0x00, 
    0x00, 0x00, 0x00, 0x00, 0x1a, 0x00, 0x10, 0x00, 0x06, 0x00, 0x00, 0x00, 
    0x0a, 0x00, 0x10, 0x00, 0x06, 0x00, 0x00, 0x00, 0x01, 0x00, 0x00, 0x07, 
    0x12, 0x00, 0x10, 0x00, 0x00, 0x00, 0x00, 0x00, 0x3a, 0x00, 0x10, 0x00, 
    0x06, 0x00, 0x00, 0x00, 0x0a, 0x00, 0x10, 0x00, 0x00, 0x00, 0x00, 0x00, 
    0x34, 0x00, 0x00, 0x0a, 0xd2, 0x00, 0x10, 0x00, 0x05, 0x00, 0x00, 0x00, 
    0x06, 0x0e, 0x10, 0x00, 0x05, 0x00, 0x00, 0x00, 0x02, 0x40, 0x00, 0x00, 
    0x00, 0x00, 0x00, 0x00, 0x00, 0x00, 0x00, 0x00, 0x00, 0x00, 0x00, 0x00, 
    0x00, 0x00, 0x00, 0x00, 0x33, 0x00, 0x00, 0x0a, 0xd2, 0x00, 0x10, 0x00, 
    0x05, 0x00, 0x00, 0x00, 0x06, 0x0e, 0x10, 0x00, 0x05, 0x00, 0x00, 0x00, 
    0x02, 0x40, 0x00, 0x00, 0x00, 0xe8, 0x7d, 0x47, 0x00, 0x00, 0x00, 0x00, 
    0x00, 0xe8, 0x7d, 0x47, 0x00, 0xe8, 0x7d, 0x47, 0x01, 0x00, 0x00, 0x07, 
    0x72, 0x00, 0x10, 0x00, 0x07, 0x00, 0x00, 0x00, 0x06, 0x00, 0x10, 0x00, 
    0x00, 0x00, 0x00, 0x00, 0x86, 0x03, 0x10, 0x00, 0x05, 0x00, 0x00, 0x00, 
    0x36, 0x00, 0x00, 0x05, 0x82, 0x00, 0x10, 0x00, 0x07, 0x00, 0x00, 0x00, 
    0x01, 0x40, 0x00, 0x00, 0x00, 0x00, 0x80, 0x3f, 0x15, 0x00, 0x00, 0x01, 
    0xa4, 0x00, 0x00, 0x07, 0xf2, 0xe0, 0x11, 0x00, 0x00, 0x00, 0x00, 0x00, 
    0x46, 0x05, 0x10, 0x00, 0x01, 0x00, 0x00, 0x00, 0x46, 0x0e, 0x10, 0x00, 
    0x07, 0x00, 0x00, 0x00, 0x02, 0x00, 0x00, 0x01, 0x17, 0x00, 0x00, 0x01, 
    0x3e, 0x00, 0x00, 0x01, 0x15, 0x00, 0x00, 0x01, 0x29, 0x00, 0x00, 0x07, 
    0x12, 0x00, 0x10, 0x00, 0x00, 0x00, 0x00, 0x00, 0x1a, 0x00, 0x10, 0x00, 
    0x03, 0x00, 0x00, 0x00, 0x01, 0x40, 0x00, 0x00, 0x04, 0x00, 0x00, 0x00, 
    0x1e, 0x00, 0x00, 0x07, 0x12, 0x00, 0x10, 0x00, 0x00, 0x00, 0x00, 0x00, 
    0x0a, 0x00, 0x10, 0x00, 0x00, 0x00, 0x00, 0x00, 0x01, 0x40, 0x00, 0x00, 
    0xf0, 0xff, 0xff, 0xff, 0xa7, 0x00, 0x00, 0x09, 0xe2, 0x00, 0x10, 0x00, 
    0x03, 0x00, 0x00, 0x00, 0x2a, 0x00, 0x10, 0x00, 0x06, 0x00, 0x00, 0x00, 
    0x0a, 0x00, 0x10, 0x00, 0x00, 0x00, 0x00, 0x00, 0x06, 0xf9, 0x11, 0x00, 
    0x01, 0x00, 0x00, 0x00, 0x01, 0x00, 0x00, 0x0a, 0xd2, 0x00, 0x10, 0x00, 
    0x05, 0x00, 0x00, 0x00, 0x56, 0x0e, 0x10, 0x00, 0x03, 0x00, 0x00, 0x00, 
    0x02, 0x40, 0x00, 0x00, 0x00, 0x00, 0x80, 0x7f, 0x00, 0x00, 0x00, 0x00, 
    0x00, 0x00, 0x80, 0x7f, 0x00, 0x00, 0x80, 0x7f, 0x27, 0x00, 0x00, 0x0a, 
    0xd2, 0x00, 0x10, 0x00, 0x05, 0x00, 0x00, 0x00, 0x06, 0x0e, 0x10, 0x00, 
    0x05, 0x00, 0x00, 0x00, 0x02, 0x40, 0x00, 0x00, 0x00, 0x00, 0x80, 0x7f, 
    0x00, 0x00, 0x00, 0x00, 0x00, 0x00, 0x80, 0x7f, 0x00, 0x00, 0x80, 0x7f, 
    0x01, 0x00, 0x00, 0x07, 0x42, 0x00, 0x10, 0x00, 0x01, 0x00, 0x00, 0x00, 
    0x2a, 0x00, 0x10, 0x00, 0x05, 0x00, 0x00, 0x00, 0x0a, 0x00, 0x10, 0x00, 
    0x05, 0x00, 0x00, 0x00, 0x01, 0x00, 0x00, 0x07, 0x42, 0x00, 0x10, 0x00, 
    0x01, 0x00, 0x00, 0x00, 0x3a, 0x00, 0x10, 0x00, 0x05, 0x00, 0x00, 0x00, 
    0x2a, 0x00, 0x10, 0x00, 0x01, 0x00, 0x00, 0x00, 0x34, 0x00, 0x00, 0x0a, 
    0xe2, 0x00, 0x10, 0x00, 0x03, 0x00, 0x00, 0x00, 0x56, 0x0e, 0x10, 0x00, 
    0x03, 0x00, 0x00, 0x00, 0x02, 0x40, 0x00, 0x00, 0x00, 0x00, 0x00, 0x00, 
    0x00, 0x00, 0x00, 0x00, 0x00, 0x00, 0x00, 0x00, 0x00, 0x00, 0x00, 0x00, 
    0x33, 0x00, 0x00, 0x0a, 0xe2, 0x00, 0x10, 0x00, 0x03, 0x00, 0x00, 0x00, 
    0x56, 0x0e, 0x10, 0x00, 0x03, 0x00, 0x00, 0x00, 0x02, 0x40, 0x00, 0x00, 
    0x00, 0x00, 0x00, 0x00, 0x00, 0xe8, 0x7d, 0x47, 0x00, 0xe8, 0x7d, 0x47, 
    0x00, 0xe8, 0x7d, 0x47, 0x01, 0x00, 0x00, 0x07, 0xe2, 0x00, 0x10, 0x00, 
    0x03, 0x00, 0x00, 0x00, 0xa6, 0x0a, 0x10, 0x00, 0x01, 0x00, 0x00, 0x00, 
    0x56, 0x0e, 0x10, 0x00, 0x03, 0x00, 0x00, 0x00, 0xa7, 0x00, 0x00, 0x09, 
    0xd2, 0x00, 0x10, 0x00, 0x05, 0x00, 0x00, 0x00, 0x0a, 0x00, 0x10, 0x00, 
    0x03, 0x00, 0x00, 0x00, 0x0a, 0x00, 0x10, 0x00, 0x00, 0x00, 0x00, 0x00, 
    0x06, 0xf9, 0x11, 0x00, 0x01, 0x00, 0x00, 0x00, 0x01, 0x00, 0x00, 0x0a, 
    0xb2, 0x00, 0x10, 0x00, 0x06, 0x00, 0x00, 0x00, 0x86, 0x0c, 0x10, 0x00, 
    0x05, 0x00, 0x00, 0x00, 0x02, 0x40, 0x00, 0x00, 0x00, 0x00, 0x80, 0x7f, 
    0x00, 0x00, 0x80, 0x7f, 0x00, 0x00, 0x00, 0x00, 0x00, 0x00, 0x80, 0x7f, 
    0x27, 0x00, 0x00, 0x0a, 0xb2, 0x00, 0x10, 0x00, 0x06, 0x00, 0x00, 0x00, 
    0x46, 0x0c, 0x10, 0x00, 0x06, 0x00, 0x00, 0x00, 0x02, 0x40, 0x00, 0x00, 
    0x00, 0x00, 0x80, 0x7f, 0x00, 0x00, 0x80, 0x7f, 0x00, 0x00, 0x00, 0x00, 
    0x00, 0x00, 0x80, 0x7f, 0x01, 0x00, 0x00, 0x07, 0x42, 0x00, 0x10, 0x00, 
    0x01, 0x00, 0x00, 0x00, 0x1a, 0x00, 0x10, 0x00, 0x06, 0x00, 0x00, 0x00, 
    0x0a, 0x00, 0x10, 0x00, 0x06, 0x00, 0x00, 0x00, 0x01, 0x00, 0x00, 0x07, 
    0x42, 0x00, 0x10, 0x00, 0x01, 0x00, 0x00, 0x00, 0x3a, 0x00, 0x10, 0x00, 
    0x06, 0x00, 0x00, 0x00, 0x2a, 0x00, 0x10, 0x00, 0x01, 0x00, 0x00, 0x00, 
    0x34, 0x00, 0x00, 0x0a, 0xd2, 0x00, 0x10, 0x00, 0x05, 0x00, 0x00, 0x00, 
    0x06, 0x0e, 0x10, 0x00, 0x05, 0x00, 0x00, 0x00, 0x02, 0x40, 0x00, 0x00, 
    0x00, 0x00, 0x00, 0x00, 0x00, 0x00, 0x00, 0x00, 0x00, 0x00, 0x00, 0x00, 
    0x00, 0x00, 0x00, 0x00, 0x33, 0x00, 0x00, 0x0a, 0xd2, 0x00, 0x10, 0x00, 
    0x05, 0x00, 0x00, 0x00, 0x06, 0x0e, 0x10, 0x00, 0x05, 0x00, 0x00, 0x00, 
    0x02, 0x40, 0x00, 0x00, 0x00, 0xe8, 0x7d, 0x47, 0x00, 0x00, 0x00, 0x00, 
    0x00, 0xe8, 0x7d, 0x47, 0x00, 0xe8, 0x7d, 0x47, 0x01, 0x00, 0x00, 0x07, 
    0xd2, 0x00, 0x10, 0x00, 0x05, 0x00, 0x00, 0x00, 0xa6, 0x0a, 0x10, 0x00, 
    0x01, 0x00, 0x00, 0x00, 0x06, 0x0e, 0x10, 0x00, 0x05, 0x00, 0x00, 0x00, 
    0x33, 0x00, 0x00, 0x07, 0xb2, 0x00, 0x10, 0x00, 0x06, 0x00, 0x00, 0x00, 
    0x96, 0x0d, 0x10, 0x00, 0x03, 0x00, 0x00, 0x00, 0x86, 0x0c, 0x10, 0x00, 
    0x05, 0x00, 0x00, 0x00, 0x34, 0x00, 0x00, 0x07, 0xe2, 0x00, 0x10, 0x00, 
    0x03, 0x00, 0x00, 0x00, 0x56, 0x0e, 0x10, 0x00, 0x03, 0x00, 0x00, 0x00, 
    0x06, 0x0e, 0x10, 0x00, 0x05, 0x00, 0x00, 0x00, 0xa7, 0x00, 0x00, 0x09, 
    0xd2, 0x00, 0x10, 0x00, 0x05, 0x00, 0x00, 0x00, 0x2a, 0x00, 0x10, 0x00, 
    0x09, 0x00, 0x00, 0x00, 0x0a, 0x00, 0x10, 0x00, 0x00, 0x00, 0x00, 0x00, 
    0x06, 0xf9, 0x11, 0x00, 0x01, 0x00, 0x00, 0x00, 0x01, 0x00, 0x00, 0x0a, 
    0x72, 0x00, 0x10, 0x00, 0x07, 0x00, 0x00, 0x00, 0x86, 0x03, 0x10, 0x00, 
    0x05, 0x00, 0x00, 0x00, 0x02, 0x40, 0x00, 0x00, 0x00, 0x00, 0x80, 0x7f, 
    0x00, 0x00, 0x80, 0x7f, 0x00, 0x00, 0x80, 0x7f, 0x00, 0x00, 0x00, 0x00, 
    0x27, 0x00, 0x00, 0x0a, 0x72, 0x00, 0x10, 0x00, 0x07, 0x00, 0x00, 0x00, 
    0x46, 0x02, 0x10, 0x00, 0x07, 0x00, 0x00, 0x00, 0x02, 0x40, 0x00, 0x00, 
    0x00, 0x00, 0x80, 0x7f, 0x00, 0x00, 0x80, 0x7f, 0x00, 0x00, 0x80, 0x7f, 
    0x00, 0x00, 0x00, 0x00, 0x01, 0x00, 0x00, 0x07, 0x12, 0x00, 0x10, 0x00, 
    0x00, 0x00, 0x00, 0x00, 0x1a, 0x00, 0x10, 0x00, 0x07, 0x00, 0x00, 0x00, 
    0x0a, 0x00, 0x10, 0x00, 0x07, 0x00, 0x00, 0x00, 0x01, 0x00, 0x00, 0x07, 
    0x12, 0x00, 0x10, 0x00, 0x00, 0x00, 0x00, 0x00, 0x2a, 0x00, 0x10, 0x00, 
    0x07, 0x00, 0x00, 0x00, 0x0a, 0x00, 0x10, 0x00, 0x00, 0x00, 0x00, 0x00, 
    0x34, 0x00, 0x00, 0x0a, 0xd2, 0x00, 0x10, 0x00, 0x05, 0x00, 0x00, 0x00, 
    0x06, 0x0e, 0x10, 0x00, 0x05, 0x00, 0x00, 0x00, 0x02, 0x40, 0x00, 0x00, 
    0x00, 0x00, 0x00, 0x00, 0x00, 0x00, 0x00, 0x00, 0x00, 0x00, 0x00, 0x00, 
    0x00, 0x00, 0x00, 0x00, 0x33, 0x00, 0x00, 0x0a, 0xd2, 0x00, 0x10, 0x00, 
    0x05, 0x00, 0x00, 0x00, 0x06, 0x0e, 0x10, 0x00, 0x05, 0x00, 0x00, 0x00, 
    0x02, 0x40, 0x00, 0x00, 0x00, 0xe8, 0x7d, 0x47, 0x00, 0x00, 0x00, 0x00, 
    0x00, 0xe8, 0x7d, 0x47, 0x00, 0xe8, 0x7d, 0x47, 0x01, 0x00, 0x00, 0x07, 
    0xd2, 0x00, 0x10, 0x00, 0x05, 0x00, 0x00, 0x00, 0x06, 0x00, 0x10, 0x00, 
    0x00, 0x00, 0x00, 0x00, 0x06, 0x0e, 0x10, 0x00, 0x05, 0x00, 0x00, 0x00, 
    0x33, 0x00, 0x00, 0x07, 0xb2, 0x00, 0x10, 0x00, 0x06, 0x00, 0x00, 0x00, 
    0x86, 0x0c, 0x10, 0x00, 0x05, 0x00, 0x00, 0x00, 0x46, 0x0c, 0x10, 0x00, 
    0x06, 0x00, 0x00, 0x00, 0x34, 0x00, 0x00, 0x07, 0xe2, 0x00, 0x10, 0x00, 
    0x03, 0x00, 0x00, 0x00, 0x56, 0x0e, 0x10, 0x00, 0x03, 0x00, 0x00, 0x00, 
    0x06, 0x0e, 0x10, 0x00, 0x05, 0x00, 0x00, 0x00, 0xa7, 0x00, 0x00, 0x09, 
    0xd2, 0x00, 0x10, 0x00, 0x05, 0x00, 0x00, 0x00, 0x2a, 0x00, 0x10, 0x00, 
    0x06, 0x00, 0x00, 0x00, 0x0a, 0x00, 0x10, 0x00, 0x04, 0x00, 0x00, 0x00, 
    0x06, 0xf9, 0x11, 0x00, 0x01, 0x00, 0x00, 0x00, 0x01, 0x00, 0x00, 0x0a, 
    0x72, 0x00, 0x10, 0x00, 0x07, 0x00, 0x00, 0x00, 0x86, 0x03, 0x10, 0x00, 
    0x05, 0x00, 0x00, 0x00, 0x02, 0x40, 0x00, 0x00, 0x00, 0x00, 0x80, 0x7f, 
    0x00, 0x00, 0x80, 0x7f, 0x00, 0x00, 0x80, 0x7f, 0x00, 0x00, 0x00, 0x00, 
    0x27, 0x00, 0x00, 0x0a, 0x72, 0x00, 0x10, 0x00, 0x07, 0x00, 0x00, 0x00, 
    0x46, 0x02, 0x10, 0x00, 0x07, 0x00, 0x00, 0x00, 0x02, 0x40, 0x00, 0x00, 
    0x00, 0x00, 0x80, 0x7f, 0x00, 0x00, 0x80, 0x7f, 0x00, 0x00, 0x80, 0x7f, 
    0x00, 0x00, 0x00, 0x00, 0x01, 0x00, 0x00, 0x07, 0x12, 0x00, 0x10, 0x00, 
    0x00, 0x00, 0x00, 0x00, 0x1a, 0x00, 0x10, 0x00, 0x07, 0x00, 0x00, 0x00, 
    0x0a, 0x00, 0x10, 0x00, 0x07, 0x00, 0x00, 0x00, 0x01, 0x00, 0x00, 0x07, 
    0x12, 0x00, 0x10, 0x00, 0x00, 0x00, 0x00, 0x00, 0x2a, 0x00, 0x10, 0x00, 
    0x07, 0x00, 0x00, 0x00, 0x0a, 0x00, 0x10, 0x00, 0x00, 0x00, 0x00, 0x00, 
    0x34, 0x00, 0x00, 0x0a, 0xd2, 0x00, 0x10, 0x00, 0x05, 0x00, 0x00, 0x00, 
    0x06, 0x0e, 0x10, 0x00, 0x05, 0x00, 0x00, 0x00, 0x02, 0x40, 0x00, 0x00, 
    0x00, 0x00, 0x00, 0x00, 0x00, 0x00, 0x00, 0x00, 0x00, 0x00, 0x00, 0x00, 
    0x00, 0x00, 0x00, 0x00, 0x33, 0x00, 0x00, 0x0a, 0xd2, 0x00, 0x10, 0x00, 
    0x05, 0x00, 0x00, 0x00, 0x06, 0x0e, 0x10, 0x00, 0x05, 0x00, 0x00, 0x00, 
    0x02, 0x40, 0x00, 0x00, 0x00, 0xe8, 0x7d, 0x47, 0x00, 0x00, 0x00, 0x00, 
    0x00, 0xe8, 0x7d, 0x47, 0x00, 0xe8, 0x7d, 0x47, 0x01, 0x00, 0x00, 0x07, 
    0xd2, 0x00, 0x10, 0x00, 0x05, 0x00, 0x00, 0x00, 0x06, 0x00, 0x10, 0x00, 
    0x00, 0x00, 0x00, 0x00, 0x06, 0x0e, 0x10, 0x00, 0x05, 0x00, 0x00, 0x00, 
    0x33, 0x00, 0x00, 0x07, 0xb2, 0x00, 0x10, 0x00, 0x06, 0x00, 0x00, 0x00, 
    0x86, 0x0c, 0x10, 0x00, 0x05, 0x00, 0x00, 0x00, 0x46, 0x0c, 0x10, 0x00, 
    0x06, 0x00, 0x00, 0x00, 0x34, 0x00, 0x00, 0x07, 0xe2, 0x00, 0x10, 0x00, 
    0x03, 0x00, 0x00, 0x00, 0x56, 0x0e, 0x10, 0x00, 0x03, 0x00, 0x00, 0x00, 
    0x06, 0x0e, 0x10, 0x00, 0x05, 0x00, 0x00, 0x00, 0xa7, 0x00, 0x00, 0x09, 
    0xd2, 0x00, 0x10, 0x00, 0x05, 0x00, 0x00, 0x00, 0x0a, 0x00, 0x10, 0x00, 
    0x03, 0x00, 0x00, 0x00, 0x0a, 0x00, 0x10, 0x00, 0x04, 0x00, 0x00, 0x00, 
    0x06, 0xf9, 0x11, 0x00, 0x01, 0x00, 0x00, 0x00, 0x01, 0x00, 0x00, 0x0a, 
    0x72, 0x00, 0x10, 0x00, 0x07, 0x00, 0x00, 0x00, 0x86, 0x03, 0x10, 0x00, 
    0x05, 0x00, 0x00, 0x00, 0x02, 0x40, 0x00, 0x00, 0x00, 0x00, 0x80, 0x7f, 
    0x00, 0x00, 0x80, 0x7f, 0x00, 0x00, 0x80, 0x7f, 0x00, 0x00, 0x00, 0x00, 
    0x27, 0x00, 0x00, 0x0a, 0x72, 0x00, 0x10, 0x00, 0x07, 0x00, 0x00, 0x00, 
    0x46, 0x02, 0x10, 0x00, 0x07, 0x00, 0x00, 0x00, 0x02, 0x40, 0x00, 0x00, 
    0x00, 0x00, 0x80, 0x7f, 0x00, 0x00, 0x80, 0x7f, 0x00, 0x00, 0x80, 0x7f, 
    0x00, 0x00, 0x00, 0x00, 0x01, 0x00, 0x00, 0x07, 0x12, 0x00, 0x10, 0x00, 
    0x00, 0x00, 0x00, 0x00, 0x1a, 0x00, 0x10, 0x00, 0x07, 0x00, 0x00, 0x00, 
    0x0a, 0x00, 0x10, 0x00, 0x07, 0x00, 0x00, 0x00, 0x01, 0x00, 0x00, 0x07, 
    0x12, 0x00, 0x10, 0x00, 0x00, 0x00, 0x00, 0x00, 0x2a, 0x00, 0x10, 0x00, 
    0x07, 0x00, 0x00, 0x00, 0x0a, 0x00, 0x10, 0x00, 0x00, 0x00, 0x00, 0x00, 
    0x34, 0x00, 0x00, 0x0a, 0xd2, 0x00, 0x10, 0x00, 0x05, 0x00, 0x00, 0x00, 
    0x06, 0x0e, 0x10, 0x00, 0x05, 0x00, 0x00, 0x00, 0x02, 0x40, 0x00, 0x00, 
    0x00, 0x00, 0x00, 0x00, 0x00, 0x00, 0x00, 0x00, 0x00, 0x00, 0x00, 0x00, 
    0x00, 0x00, 0x00, 0x00, 0x33, 0x00, 0x00, 0x0a, 0xd2, 0x00, 0x10, 0x00, 
    0x05, 0x00, 0x00, 0x00, 0x06, 0x0e, 0x10, 0x00, 0x05, 0x00, 0x00, 0x00, 
    0x02, 0x40, 0x00, 0x00, 0x00, 0xe8, 0x7d, 0x47, 0x00, 0x00, 0x00, 0x00, 
    0x00, 0xe8, 0x7d, 0x47, 0x00, 0xe8, 0x7d, 0x47, 0x01, 0x00, 0x00, 0x07, 
    0xd2, 0x00, 0x10, 0x00, 0x05, 0x00, 0x00, 0x00, 0x06, 0x00, 0x10, 0x00, 
    0x00, 0x00, 0x00, 0x00, 0x06, 0x0e, 0x10, 0x00, 0x05, 0x00, 0x00, 0x00, 
    0x33, 0x00, 0x00, 0x07, 0xb2, 0x00, 0x10, 0x00, 0x06, 0x00, 0x00, 0x00, 
    0x86, 0x0c, 0x10, 0x00, 0x05, 0x00, 0x00, 0x00, 0x46, 0x0c, 0x10, 0x00, 
    0x06, 0x00, 0x00, 0x00, 0x34, 0x00, 0x00, 0x07, 0xe2, 0x00, 0x10, 0x00, 
    0x03, 0x00, 0x00, 0x00, 0x56, 0x0e, 0x10, 0x00, 0x03, 0x00, 0x00, 0x00, 
    0x06, 0x0e, 0x10, 0x00, 0x05, 0x00, 0x00, 0x00, 0xa7, 0x00, 0x00, 0x09, 
    0xd2, 0x00, 0x10, 0x00, 0x04, 0x00, 0x00, 0x00, 0x2a, 0x00, 0x10, 0x00, 
    0x09, 0x00, 0x00, 0x00, 0x0a, 0x00, 0x10, 0x00, 0x04, 0x00, 0x00, 0x00, 
    0x06, 0xf9, 0x11, 0x00, 0x01, 0x00, 0x00, 0x00, 0x01, 0x00, 0x00, 0x0a, 
    0xd2, 0x00, 0x10, 0x00, 0x05, 0x00, 0x00, 0x00, 0x06, 0x0e, 0x10, 0x00, 
    0x04, 0x00, 0x00, 0x00, 0x02, 0x40, 0x00, 0x00, 0x00, 0x00, 0x80, 0x7f, 
    0x00, 0x00, 0x00, 0x00, 0x00, 0x00, 0x80, 0x7f, 0x00, 0x00, 0x80, 0x7f, 
    0x27, 0x00, 0x00, 0x0a, 0xd2, 0x00, 0x10, 0x00, 0x05, 0x00, 0x00, 0x00, 
    0x06, 0x0e, 0x10, 0x00, 0x05, 0x00, 0x00, 0x00, 0x02, 0x40, 0x00, 0x00, 
    0x00, 0x00, 0x80, 0x7f, 0x00, 0x00, 0x00, 0x00, 0x00, 0x00, 0x80, 0x7f, 
    0x00, 0x00, 0x80, 0x7f, 0x01, 0x00, 0x00, 0x07, 0x12, 0x00, 0x10, 0x00, 
    0x00, 0x00, 0x00, 0x00, 0x2a, 0x00, 0x10, 0x00, 0x05, 0x00, 0x00, 0x00, 
    0x0a, 0x00, 0x10, 0x00, 0x05, 0x00, 0x00, 0x00, 0x01, 0x00, 0x00, 0x07, 
    0x12, 0x00, 0x10, 0x00, 0x00, 0x00, 0x00, 0x00, 0x3a, 0x00, 0x10, 0x00, 
    0x05, 0x00, 0x00, 0x00, 0x0a, 0x00, 0x10, 0x00, 0x00, 0x00, 0x00, 0x00, 
    0x34, 0x00, 0x00, 0x0a, 0xd2, 0x00, 0x10, 0x00, 0x04, 0x00, 0x00, 0x00, 
    0x06, 0x0e, 0x10, 0x00, 0x04, 0x00, 0x00, 0x00, 0x02, 0x40, 0x00, 0x00, 
    0x00, 0x00, 0x00, 0x00, 0x00, 0x00, 0x00, 0x00, 0x00, 0x00, 0x00, 0x00, 
    0x00, 0x00, 0x00, 0x00, 0x33, 0x00, 0x00, 0x0a, 0xd2, 0x00, 0x10, 0x00, 
    0x04, 0x00, 0x00, 0x00, 0x06, 0x0e, 0x10, 0x00, 0x04, 0x00, 0x00, 0x00, 
    0x02, 0x40, 0x00, 0x00, 0x00, 0xe8, 0x7d, 0x47, 0x00, 0x00, 0x00, 0x00, 
    0x00, 0xe8, 0x7d, 0x47, 0x00, 0xe8, 0x7d, 0x47, 0x01, 0x00, 0x00, 0x07, 
    0xd2, 0x00, 0x10, 0x00, 0x04, 0x00, 0x00, 0x00, 0x06, 0x00, 0x10, 0x00, 
    0x00, 0x00, 0x00, 0x00, 0x06, 0x0e, 0x10, 0x00, 0x04, 0x00, 0x00, 0x00, 
    0x33, 0x00, 0x00, 0x07, 0xd2, 0x00, 0x10, 0x00, 0x05, 0x00, 0x00, 0x00, 
    0x06, 0x0e, 0x10, 0x00, 0x04, 0x00, 0x00, 0x00, 0x06, 0x0d, 0x10, 0x00, 
    0x06, 0x00, 0x00, 0x00, 0x34, 0x00, 0x00, 0x07, 0xe2, 0x00, 0x10, 0x00, 
    0x03, 0x00, 0x00, 0x00, 0x56, 0x0e, 0x10, 0x00, 0x03, 0x00, 0x00, 0x00, 
    0x06, 0x0e, 0x10, 0x00, 0x04, 0x00, 0x00, 0x00, 0xa7, 0x00, 0x00, 0x09, 
    0xd2, 0x00, 0x10, 0x00, 0x04, 0x00, 0x00, 0x00, 0x2a, 0x00, 0x10, 0x00, 
    0x06, 0x00, 0x00, 0x00, 0x1a, 0x00, 0x10, 0x00, 0x04, 0x00, 0x00, 0x00, 
    0x06, 0xf9, 0x11, 0x00, 0x01, 0x00, 0x00, 0x00, 0x01, 0x00, 0x00, 0x0a, 
    0x72, 0x00, 0x10, 0x00, 0x06, 0x00, 0x00, 0x00, 0x86, 0x03, 0x10, 0x00, 
    0x04, 0x00, 0x00, 0x00, 0x02, 0x40, 0x00, 0x00, 0x00, 0x00, 0x80, 0x7f, 
    0x00, 0x00, 0x80, 0x7f, 0x00, 0x00, 0x80, 0x7f, 0x00, 0x00, 0x00, 0x00, 
    0x27, 0x00, 0x00, 0x0a, 0x72, 0x00, 0x10, 0x00, 0x06, 0x00, 0x00, 0x00, 
    0x46, 0x02, 0x10, 0x00, 0x06, 0x00, 0x00, 0x00, 0x02, 0x40, 0x00, 0x00, 
    0x00, 0x00, 0x80, 0x7f, 0x00, 0x00, 0x80, 0x7f, 0x00, 0x00, 0x80, 0x7f, 
    0x00, 0x00, 0x00, 0x00, 0x01, 0x00, 0x00, 0x07, 0x12, 0x00, 0x10, 0x00, 
    0x00, 0x00, 0x00, 0x00, 0x1a, 0x00, 0x10, 0x00, 0x06, 0x00, 0x00, 0x00, 
    0x0a, 0x00, 0x10, 0x00, 0x06, 0x00, 0x00, 0x00, 0x01, 0x00, 0x00, 0x07, 
    0x12, 0x00, 0x10, 0x00, 0x00, 0x00, 0x00, 0x00, 0x2a, 0x00, 0x10, 0x00, 
    0x06, 0x00, 0x00, 0x00, 0x0a, 0x00, 0x10, 0x00, 0x00, 0x00, 0x00, 0x00, 
    0x34, 0x00, 0x00, 0x0a, 0xd2, 0x00, 0x10, 0x00, 0x04, 0x00, 0x00, 0x00, 
    0x06, 0x0e, 0x10, 0x00, 0x04, 0x00, 0x00, 0x00, 0x02, 0x40, 0x00, 0x00, 
    0x00, 0x00, 0x00, 0x00, 0x00, 0x00, 0x00, 0x00, 0x00, 0x00, 0x00, 0x00, 
    0x00, 0x00, 0x00, 0x00, 0x33, 0x00, 0x00, 0x0a, 0xd2, 0x00, 0x10, 0x00, 
    0x04, 0x00, 0x00, 0x00, 0x06, 0x0e, 0x10, 0x00, 0x04, 0x00, 0x00, 0x00, 
    0x02, 0x40, 0x00, 0x00, 0x00, 0xe8, 0x7d, 0x47, 0x00, 0x00, 0x00, 0x00, 
    0x00, 0xe8, 0x7d, 0x47, 0x00, 0xe8, 0x7d, 0x47, 0x01, 0x00, 0x00, 0x07, 
    0xd2, 0x00, 0x10, 0x00, 0x04, 0x00, 0x00, 0x00, 0x06, 0x00, 0x10, 0x00, 
    0x00, 0x00, 0x00, 0x00, 0x06, 0x0e, 0x10, 0x00, 0x04, 0x00, 0x00, 0x00, 
    0x33, 0x00, 0x00, 0x07, 0xd2, 0x00, 0x10, 0x00, 0x05, 0x00, 0x00, 0x00, 
    0x06, 0x0e, 0x10, 0x00, 0x04, 0x00, 0x00, 0x00, 0x06, 0x0e, 0x10, 0x00, 
    0x05, 0x00, 0x00, 0x00, 0x34, 0x00, 0x00, 0x07, 0xe2, 0x00, 0x10, 0x00, 
    0x03, 0x00, 0x00, 0x00, 0x56, 0x0e, 0x10, 0x00, 0x03, 0x00, 0x00, 0x00, 
    0x06, 0x0e, 0x10, 0x00, 0x04, 0x00, 0x00, 0x00, 0xa7, 0x00, 0x00, 0x09, 
    0xd2, 0x00, 0x10, 0x00, 0x04, 0x00, 0x00, 0x00, 0x0a, 0x00, 0x10, 0x00, 
    0x03, 0x00, 0x00, 0x00, 0x1a, 0x00, 0x10, 0x00, 0x04, 0x00, 0x00, 0x00, 
    0x06, 0xf9, 0x11, 0x00, 0x01, 0x00, 0x00, 0x00, 0x01, 0x00, 0x00, 0x0a, 
    0x72, 0x00, 0x10, 0x00, 0x06, 0x00, 0x00, 0x00, 0x86, 0x03, 0x10, 0x00, 
    0x04, 0x00, 0x00, 0x00, 0x02, 0x40, 0x00, 0x00, 0x00, 0x00, 0x80, 0x7f, 
    0x00, 0x00, 0x80, 0x7f, 0x00, 0x00, 0x80, 0x7f, 0x00, 0x00, 0x00, 0x00, 
    0x27, 0x00, 0x00, 0x0a, 0x72, 0x00, 0x10, 0x00, 0x06, 0x00, 0x00, 0x00, 
    0x46, 0x02, 0x10, 0x00, 0x06, 0x00, 0x00, 0x00, 0x02, 0x40, 0x00, 0x00, 
    0x00, 0x00, 0x80, 0x7f, 0x00, 0x00, 0x80, 0x7f, 0x00, 0x00, 0x80, 0x7f, 
    0x00, 0x00, 0x00, 0x00, 0x01, 0x00, 0x00, 0x07, 0x12, 0x00, 0x10, 0x00, 
    0x00, 0x00, 0x00, 0x00, 0x1a, 0x00, 0x10, 0x00, 0x06, 0x00, 0x00, 0x00, 
    0x0a, 0x00, 0x10, 0x00, 0x06, 0x00, 0x00, 0x00, 0x01, 0x00, 0x00, 0x07, 
    0x12, 0x00, 0x10, 0x00, 0x00, 0x00, 0x00, 0x00, 0x2a, 0x00, 0x10, 0x00, 
    0x06, 0x00, 0x00, 0x00, 0x0a, 0x00, 0x10, 0x00, 0x00, 0x00, 0x00, 0x00, 
    0x34, 0x00, 0x00, 0x0a, 0xd2, 0x00, 0x10, 0x00, 0x04, 0x00, 0x00, 0x00, 
    0x06, 0x0e, 0x10, 0x00, 0x04, 0x00, 0x00, 0x00, 0x02, 0x40, 0x00, 0x00, 
    0x00, 0x00, 0x00, 0x00, 0x00, 0x00, 0x00, 0x00, 0x00, 0x00, 0x00, 0x00, 
    0x00, 0x00, 0x00, 0x00, 0x33, 0x00, 0x00, 0x0a, 0xd2, 0x00, 0x10, 0x00, 
    0x04, 0x00, 0x00, 0x00, 0x06, 0x0e, 0x10, 0x00, 0x04, 0x00, 0x00, 0x00, 
    0x02, 0x40, 0x00, 0x00, 0x00, 0xe8, 0x7d, 0x47, 0x00, 0x00, 0x00, 0x00, 
    0x00, 0xe8, 0x7d, 0x47, 0x00, 0xe8, 0x7d, 0x47, 0x01, 0x00, 0x00, 0x07, 
    0xd2, 0x00, 0x10, 0x00, 0x04, 0x00, 0x00, 0x00, 0x06, 0x00, 0x10, 0x00, 
    0x00, 0x00, 0x00, 0x00, 0x06, 0x0e, 0x10, 0x00, 0x04, 0x00, 0x00, 0x00, 
    0x33, 0x00, 0x00, 0x07, 0xd2, 0x00, 0x10, 0x00, 0x05, 0x00, 0x00, 0x00, 
    0x06, 0x0e, 0x10, 0x00, 0x04, 0x00, 0x00, 0x00, 0x06, 0x0e, 0x10, 0x00, 
    0x05, 0x00, 0x00, 0x00, 0x34, 0x00, 0x00, 0x07, 0x72, 0x00, 0x10, 0x00, 
    0x03, 0x00, 0x00, 0x00, 0x96, 0x07, 0x10, 0x00, 0x03, 0x00, 0x00, 0x00, 
    0x86, 0x03, 0x10, 0x00, 0x04, 0x00, 0x00, 0x00, 0xa7, 0x00, 0x00, 0x09, 
    0x72, 0x00, 0x10, 0x00, 0x04, 0x00, 0x00, 0x00, 0x2a, 0x00, 0x10, 0x00, 
    0x09, 0x00, 0x00, 0x00, 0x1a, 0x00, 0x10, 0x00, 0x04, 0x00, 0x00, 0x00, 
    0x46, 0xf2, 0x11, 0x00, 0x01, 0x00, 0x00, 0x00, 0x01, 0x00, 0x00, 0x0a, 
    0x72, 0x00, 0x10, 0x00, 0x06, 0x00, 0x00, 0x00, 0x46, 0x02, 0x10, 0x00, 
    0x04, 0x00, 0x00, 0x00, 0x02, 0x40, 0x00, 0x00, 0x00, 0x00, 0x80, 0x7f, 
    0x00, 0x00, 0x80, 0x7f, 0x00, 0x00, 0x80, 0x7f, 0x00, 0x00, 0x00, 0x00, 
    0x27, 0x00, 0x00, 0x0a, 0x72, 0x00, 0x10, 0x00, 0x06, 0x00, 0x00, 0x00, 
    0x46, 0x02, 0x10, 0x00, 0x06, 0x00, 0x00, 0x00, 0x02, 0x40, 0x00, 0x00, 
    0x00, 0x00, 0x80, 0x7f, 0x00, 0x00, 0x80, 0x7f, 0x00, 0x00, 0x80, 0x7f, 
    0x00, 0x00, 0x00, 0x00, 0x01, 0x00, 0x00, 0x07, 0x12, 0x00, 0x10, 0x00, 
    0x00, 0x00, 0x00, 0x00, 0x1a, 0x00, 0x10, 0x00, 0x06, 0x00, 0x00, 0x00, 
    0x0a, 0x00, 0x10, 0x00, 0x06, 0x00, 0x00, 0x00, 0x01, 0x00, 0x00, 0x07, 
    0x12, 0x00, 0x10, 0x00, 0x00, 0x00, 0x00, 0x00, 0x2a, 0x00, 0x10, 0x00, 
    0x06, 0x00, 0x00, 0x00, 0x0a, 0x00, 0x10, 0x00, 0x00, 0x00, 0x00, 0x00, 
    0x34, 0x00, 0x00, 0x0a, 0x72, 0x00, 0x10, 0x00, 0x04, 0x00, 0x00, 0x00, 
    0x46, 0x02, 0x10, 0x00, 0x04, 0x00, 0x00, 0x00, 0x02, 0x40, 0x00, 0x00, 
    0x00, 0x00, 0x00, 0x00, 0x00, 0x00, 0x00, 0x00, 0x00, 0x00, 0x00, 0x00, 
    0x00, 0x00, 0x00, 0x00, 0x33, 0x00, 0x00, 0x0a, 0x72, 0x00, 0x10, 0x00, 
    0x04, 0x00, 0x00, 0x00, 0x46, 0x02, 0x10, 0x00, 0x04, 0x00, 0x00, 0x00, 
    0x02, 0x40, 0x00, 0x00, 0x00, 0xe8, 0x7d, 0x47, 0x00, 0xe8, 0x7d, 0x47, 
    0x00, 0xe8, 0x7d, 0x47, 0x00, 0x00, 0x00, 0x00, 0x01, 0x00, 0x00, 0x07, 
    0x72, 0x00, 0x10, 0x00, 0x04, 0x00, 0x00, 0x00, 0x06, 0x00, 0x10, 0x00, 
    0x00, 0x00, 0x00, 0x00, 0x46, 0x02, 0x10, 0x00, 0x04, 0x00, 0x00, 0x00, 
    0x33, 0x00, 0x00, 0x07, 0xd2, 0x00, 0x10, 0x00, 0x05, 0x00, 0x00, 0x00, 
    0x06, 0x09, 0x10, 0x00, 0x04, 0x00, 0x00, 0x00, 0x06, 0x0e, 0x10, 0x00, 
    0x05, 0x00, 0x00, 0x00, 0x34, 0x00, 0x00, 0x07, 0x72, 0x00, 0x10, 0x00, 
    0x03, 0x00, 0x00, 0x00, 0x46, 0x02, 0x10, 0x00, 0x03, 0x00, 0x00, 0x00, 
    0x46, 0x02, 0x10, 0x00, 0x04, 0x00, 0x00, 0x00, 0x00, 0x00, 0x00, 0x08, 
    0x72, 0x00, 0x10, 0x00, 0x04, 0x00, 0x00, 0x00, 0x86, 0x03, 0x10, 0x80, 
    0x41, 0x00, 0x00, 0x00, 0x05, 0x00, 0x00, 0x00, 0x46, 0x02, 0x10, 0x00, 
    0x03, 0x00, 0x00, 0x00, 0x38, 0x00, 0x00, 0x0a, 0x72, 0x00, 0x10, 0x00, 
    0x06, 0x00, 0x00, 0x00, 0x46, 0x02, 0x10, 0x00, 0x03, 0x00, 0x00, 0x00, 
    0x02, 0x40, 0x00, 0x00, 0x8f, 0xc2, 0x75, 0x3c, 0x8f, 0xc2, 0x75, 0x3c, 
    0x8f, 0xc2, 0x75, 0x3c, 0x00, 0x00, 0x00, 0x00, 0x34, 0x00, 0x00, 0x0a, 
    0x72, 0x00, 0x10, 0x00, 0x06, 0x00, 0x00, 0x00, 0x46, 0x02, 0x10, 0x00, 
    0x06, 0x00, 0x00, 0x00, 0x02, 0x40, 0x00, 0x00, 0x6f, 0x12, 0x03, 0x3b, 
    0x6f, 0x12, 0x03, 0x3b, 0x6f, 0x12, 0x03, 0x3b, 0x00, 0x00, 0x00, 0x00, 
    0x32, 0x00, 0x00, 0x0c, 0x72, 0x00, 0x10, 0x00, 0x04, 0x00, 0x00, 0x00, 
    0x46, 0x02, 0x10, 0x00, 0x04, 0x00, 0x00, 0x00, 0x02, 0x40, 0x00, 0x00, 
    0x9a, 0x99, 0x99, 0x3e, 0x9a, 0x99, 0x99, 0x3e, 0x9a, 0x99, 0x99, 0x3e, 
    0x00, 0x00, 0x00, 0x00, 0x46, 0x02, 0x10, 0x00, 0x06, 0x00, 0x00, 0x00, 
    0x00, 0x00, 0x00, 0x08, 0xd2, 0x00, 0x10, 0x00, 0x05, 0x00, 0x00, 0x00, 
    0x06, 0x09, 0x10, 0x80, 0x41, 0x00, 0x00, 0x00, 0x04, 0x00, 0x00, 0x00, 
    0x06, 0x0e, 0x10, 0x00, 0x05, 0x00, 0x00, 0x00, 0x34, 0x00, 0x00, 0x0a, 
    0xd2, 0x00, 0x10, 0x00, 0x05, 0x00, 0x00, 0x00, 0x06, 0x0e, 0x10, 0x00, 
    0x05, 0x00, 0x00, 0x00, 0x02, 0x40, 0x00, 0x00, 0x00, 0x00, 0x00, 0x00, 
    0x00, 0x00, 0x00, 0x00, 0x00, 0x00, 0x00, 0x00, 0x00, 0x00, 0x00, 0x00, 
    0x00, 0x00, 0x00, 0x07, 0x72, 0x00, 0x10, 0x00, 0x03, 0x00, 0x00, 0x00, 
    0x46, 0x02, 0x10, 0x00, 0x03, 0x00, 0x00, 0x00, 0x46, 0x02, 0x10, 0x00, 
    0x04, 0x00, 0x00, 0x00, 0x34, 0x00, 0x00, 0x07, 0x72, 0x00, 0x10, 0x00, 
    0x00, 0x00, 0x00, 0x00, 0x96, 0x07, 0x10, 0x00, 0x00, 0x00, 0x00, 0x00, 
    0x86, 0x03, 0x10, 0x00, 0x05, 0x00, 0x00, 0x00, 0x33, 0x00, 0x00, 0x07, 
    0x72, 0x00, 0x10, 0x00, 0x00, 0x00, 0x00, 0x00, 0x46, 0x02, 0x10, 0x00, 
    0x03, 0x00, 0x00, 0x00, 0x46, 0x02, 0x10, 0x00, 0x00, 0x00, 0x00, 0x00, 
    0x00, 0x00, 0x00, 0x08, 0x72, 0x00, 0x10, 0x00, 0x00, 0x00, 0x00, 0x00, 
    0x46, 0x02, 0x10, 0x80, 0x41, 0x00, 0x00, 0x00, 0x02, 0x00, 0x00, 0x00, 
    0x46, 0x02, 0x10, 0x00, 0x00, 0x00, 0x00, 0x00, 0x32, 0x00, 0x00, 0x09, 
    0x72, 0x00, 0x10, 0x00, 0x00, 0x00, 0x00, 0x00, 0x56, 0x05, 0x10, 0x00, 
    0x05, 0x00, 0x00, 0x00, 0x46, 0x02, 0x10, 0x00, 0x00, 0x00, 0x00, 0x00, 
    0x46, 0x02, 0x10, 0x00, 0x02, 0x00, 0x00, 0x00, 0x34, 0x00, 0x00, 0x0a, 
    0x72, 0x00, 0x10, 0x00, 0x00, 0x00, 0x00, 0x00, 0x46, 0x02, 0x10, 0x00, 
    0x00, 0x00, 0x00, 0x00, 0x02, 0x40, 0x00, 0x00, 0x00, 0x00, 0x00, 0x00, 
    0x00, 0x00, 0x00, 0x00, 0x00, 0x00, 0x00, 0x00, 0x00, 0x00, 0x00, 0x00, 
    0x33, 0x00, 0x00, 0x0a, 0x72, 0x00, 0x10, 0x00, 0x00, 0x00, 0x00, 0x00, 
    0x46, 0x02, 0x10, 0x00, 0x00, 0x00, 0x00, 0x00, 0x02, 0x40, 0x00, 0x00, 
    0x00, 0xe8, 0x7d, 0x47, 0x00, 0xe8, 0x7d, 0x47, 0x00, 0xe8, 0x7d, 0x47, 
    0x00, 0x00, 0x00, 0x00, 0x36, 0x00, 0x00, 0x05, 0x82, 0x00, 0x10, 0x00, 
    0x00, 0x00, 0x00, 0x00, 0x01, 0x40, 0x00, 0x00, 0x00, 0x00, 0x80, 0x3f, 
    0xa4, 0x00, 0x00, 0x07, 0xf2, 0xe0, 0x11, 0x00, 0x00, 0x00, 0x00, 0x00, 
    0x46, 0x05, 0x10, 0x00, 0x01, 0x00, 0x00, 0x00, 0x46, 0x0e, 0x10, 0x00, 
    0x00, 0x00, 0x00, 0x00, 0x3e, 0x00, 0x00, 0x01, 0x53, 0x54, 0x41, 0x54, 
    0x94, 0x00, 0x00, 0x00, 0x98, 0x03, 0x00, 0x00, 0x0b, 0x00, 0x00, 0x00, 
    0x00, 0x00, 0x00, 0x00, 0x02, 0x00, 0x00, 0x00, 0xba, 0x01, 0x00, 0x00, 
    0x55, 0x00, 0x00, 0x00, 0xba, 0x00, 0x00, 0x00, 0x10, 0x00, 0x00, 0x00, 
    0x0d, 0x00, 0x00, 0x00, 0x00, 0x00, 0x00, 0x00, 0x00, 0x00, 0x00, 0x00, 
    0x00, 0x00, 0x00, 0x00, 0x00, 0x00, 0x00, 0x00, 0x00, 0x00, 0x00, 0x00, 
    0x00, 0x00, 0x00, 0x00, 0x22, 0x00, 0x00, 0x00, 0x00, 0x00, 0x00, 0x00, 
    0x00, 0x00, 0x00, 0x00, 0x00, 0x00, 0x00, 0x00, 0x21, 0x00, 0x00, 0x00, 
    0x00, 0x00, 0x00, 0x00, 0x02, 0x00, 0x00, 0x00, 0x00, 0x00, 0x00, 0x00, 
    0x00, 0x00, 0x00, 0x00, 0x00, 0x00, 0x00, 0x00, 0x00, 0x00, 0x00, 0x00, 
    0x00, 0x00, 0x00, 0x00, 0x00, 0x00, 0x00, 0x00, 0x00, 0x00, 0x00, 0x00, 
    0x00, 0x00, 0x00, 0x00, 0x00, 0x00, 0x00, 0x00, 0x00, 0x00, 0x00, 0x00, 
    0x00, 0x00, 0x00, 0x00, 0x00, 0x00, 0x00, 0x00, 0x01, 0x00, 0x00, 0x00, 
    0x00, 0x00, 0x00, 0x00, 0x08, 0x00, 0x00, 0x00, 0x52, 0x54, 0x53, 0x30, 
    0xbc, 0x00, 0x00, 0x00, 0x02, 0x00, 0x00, 0x00, 0x03, 0x00, 0x00, 0x00, 
    0x18, 0x00, 0x00, 0x00, 0x01, 0x00, 0x00, 0x00, 0x88, 0x00, 0x00, 0x00, 
    0x00, 0x00, 0x00, 0x00, 0x02, 0x00, 0x00, 0x00, 0x00, 0x00, 0x00, 0x00, 
    0x3c, 0x00, 0x00, 0x00, 0x00, 0x00, 0x00, 0x00, 0x00, 0x00, 0x00, 0x00, 
    0x48, 0x00, 0x00, 0x00, 0x00, 0x00, 0x00, 0x00, 0x00, 0x00, 0x00, 0x00, 
    0x68, 0x00, 0x00, 0x00, 0x00, 0x00, 0x00, 0x00, 0x00, 0x00, 0x00, 0x00, 
    0x00, 0x00, 0x00, 0x00, 0x01, 0x00, 0x00, 0x00, 0x50, 0x00, 0x00, 0x00, 
    0x00, 0x00, 0x00, 0x00, 0x07, 0x00, 0x00, 0x00, 0x00, 0x00, 0x00, 0x00, 
    0x00, 0x00, 0x00, 0x00, 0x00, 0x00, 0x00, 0x00, 0xff, 0xff, 0xff, 0xff, 
    0x01, 0x00, 0x00, 0x00, 0x70, 0x00, 0x00, 0x00, 0x01, 0x00, 0x00, 0x00, 
    0x01, 0x00, 0x00, 0x00, 0x00, 0x00, 0x00, 0x00, 0x00, 0x00, 0x00, 0x00, 
    0x00, 0x00, 0x00, 0x00, 0xff, 0xff, 0xff, 0xff, 0x15, 0x00, 0x00, 0x00, 
    0x03, 0x00, 0x00, 0x00, 0x03, 0x00, 0x00, 0x00, 0x03, 0x00, 0x00, 0x00, 
    0x00, 0x00, 0x00, 0x00, 0x10, 0x00, 0x00, 0x00, 0x04, 0x00, 0x00, 0x00, 
    0x02, 0x00, 0x00, 0x00, 0x00, 0x00, 0x00, 0x00, 0xff, 0xff, 0x7f, 0x7f, 
    0x00, 0x00, 0x00, 0x00, 0x00, 0x00, 0x00, 0x00, 0x00, 0x00, 0x00, 0x00
    
};
