#pragma once

inline static const unsigned char FSRDOutputComp_cso[] = {
    0x44, 0x58, 0x42, 0x43, 0xac, 0x12, 0xe1, 0x63, 0xd6, 0x63, 0xb8, 0xa1, 
    0x50, 0xf9, 0xd9, 0xdd, 0xe5, 0x92, 0x53, 0xe9, 0x01, 0x00, 0x00, 0x00, 
    0xf0, 0x5e, 0x00, 0x00, 0x08, 0x00, 0x00, 0x00, 0x40, 0x00, 0x00, 0x00, 
    0x50, 0x00, 0x00, 0x00, 0x60, 0x00, 0x00, 0x00, 0x70, 0x00, 0x00, 0x00, 
    0xa0, 0x01, 0x00, 0x00, 0x64, 0x02, 0x00, 0x00, 0x10, 0x0d, 0x00, 0x00, 
    0x2c, 0x0d, 0x00, 0x00, 0x53, 0x46, 0x49, 0x30, 0x08, 0x00, 0x00, 0x00, 
    0x00, 0x00, 0x00, 0x00, 0x00, 0x00, 0x00, 0x00, 0x49, 0x53, 0x47, 0x31, 
    0x08, 0x00, 0x00, 0x00, 0x00, 0x00, 0x00, 0x00, 0x08, 0x00, 0x00, 0x00, 
    0x4f, 0x53, 0x47, 0x31, 0x08, 0x00, 0x00, 0x00, 0x00, 0x00, 0x00, 0x00, 
    0x08, 0x00, 0x00, 0x00, 0x50, 0x53, 0x56, 0x30, 0x28, 0x01, 0x00, 0x00, 
    0x34, 0x00, 0x00, 0x00, 0x00, 0x00, 0x00, 0x00, 0x00, 0x00, 0x00, 0x00, 
    0x00, 0x00, 0x00, 0x00, 0x00, 0x00, 0x00, 0x00, 0x00, 0x00, 0x00, 0x00, 
    0xff, 0xff, 0xff, 0xff, 0x05, 0x00, 0x00, 0x00, 0x00, 0x00, 0x00, 0x00, 
    0x00, 0x00, 0x00, 0x00, 0x08, 0x00, 0x00, 0x00, 0x08, 0x00, 0x00, 0x00, 
    0x01, 0x00, 0x00, 0x00, 0x01, 0x00, 0x00, 0x00, 0x09, 0x00, 0x00, 0x00, 
    0x18, 0x00, 0x00, 0x00, 0x02, 0x00, 0x00, 0x00, 0x00, 0x00, 0x00, 0x00, 
    0x00, 0x00, 0x00, 0x00, 0x00, 0x00, 0x00, 0x00, 0x0d, 0x00, 0x00, 0x00, 
    0x00, 0x00, 0x00, 0x00, 0x01, 0x00, 0x00, 0x00, 0x00, 0x00, 0x00, 0x00, 
    0x00, 0x00, 0x00, 0x00, 0x00, 0x00, 0x00, 0x00, 0x0e, 0x00, 0x00, 0x00, 
    0x00, 0x00, 0x00, 0x00, 0x03, 0x00, 0x00, 0x00, 0x00, 0x00, 0x00, 0x00, 
    0x00, 0x00, 0x00, 0x00, 0x00, 0x00, 0x00, 0x00, 0x02, 0x00, 0x00, 0x00, 
    0x00, 0x00, 0x00, 0x00, 0x03, 0x00, 0x00, 0x00, 0x00, 0x00, 0x00, 0x00, 
    0x01, 0x00, 0x00, 0x00, 0x01, 0x00, 0x00, 0x00, 0x02, 0x00, 0x00, 0x00, 
    0x00, 0x00, 0x00, 0x00, 0x03, 0x00, 0x00, 0x00, 0x00, 0x00, 0x00, 0x00, 
    0x02, 0x00, 0x00, 0x00, 0x02, 0x00, 0x00, 0x00, 0x02, 0x00, 0x00, 0x00, 
    0x00, 0x00, 0x00, 0x00, 0x03, 0x00, 0x00, 0x00, 0x00, 0x00, 0x00, 0x00, 
    0x03, 0x00, 0x00, 0x00, 0x03, 0x00, 0x00, 0x00, 0x02, 0x00, 0x00, 0x00, 
    0x00, 0x00, 0x00, 0x00, 0x03, 0x00, 0x00, 0x00, 0x00, 0x00, 0x00, 0x00, 
    0x04, 0x00, 0x00, 0x00, 0x04, 0x00, 0x00, 0x00, 0x02, 0x00, 0x00, 0x00, 
    0x00, 0x00, 0x00, 0x00, 0x03, 0x00, 0x00, 0x00, 0x00, 0x00, 0x00, 0x00, 
    0x05, 0x00, 0x00, 0x00, 0x05, 0x00, 0x00, 0x00, 0x02, 0x00, 0x00, 0x00, 
    0x00, 0x00, 0x00, 0x00, 0x06, 0x00, 0x00, 0x00, 0x00, 0x00, 0x00, 0x00, 
    0x00, 0x00, 0x00, 0x00, 0x00, 0x00, 0x00, 0x00, 0x02, 0x00, 0x00, 0x00, 
    0x00, 0x00, 0x00, 0x00, 0x08, 0x00, 0x00, 0x00, 0x00, 0x43, 0x53, 0x4d, 
    0x61, 0x69, 0x6e, 0x00, 0x00, 0x00, 0x00, 0x00, 0x52, 0x54, 0x53, 0x30, 
    0xbc, 0x00, 0x00, 0x00, 0x02, 0x00, 0x00, 0x00, 0x03, 0x00, 0x00, 0x00, 
    0x18, 0x00, 0x00, 0x00, 0x01, 0x00, 0x00, 0x00, 0x88, 0x00, 0x00, 0x00, 
    0x00, 0x00, 0x00, 0x00, 0x02, 0x00, 0x00, 0x00, 0x00, 0x00, 0x00, 0x00, 
    0x3c, 0x00, 0x00, 0x00, 0x00, 0x00, 0x00, 0x00, 0x00, 0x00, 0x00, 0x00, 
    0x48, 0x00, 0x00, 0x00, 0x00, 0x00, 0x00, 0x00, 0x00, 0x00, 0x00, 0x00, 
    0x68, 0x00, 0x00, 0x00, 0x00, 0x00, 0x00, 0x00, 0x00, 0x00, 0x00, 0x00, 
    0x00, 0x00, 0x00, 0x00, 0x01, 0x00, 0x00, 0x00, 0x50, 0x00, 0x00, 0x00, 
    0x00, 0x00, 0x00, 0x00, 0x07, 0x00, 0x00, 0x00, 0x00, 0x00, 0x00, 0x00, 
    0x00, 0x00, 0x00, 0x00, 0x00, 0x00, 0x00, 0x00, 0xff, 0xff, 0xff, 0xff, 
    0x01, 0x00, 0x00, 0x00, 0x70, 0x00, 0x00, 0x00, 0x01, 0x00, 0x00, 0x00, 
    0x01, 0x00, 0x00, 0x00, 0x00, 0x00, 0x00, 0x00, 0x00, 0x00, 0x00, 0x00, 
    0x00, 0x00, 0x00, 0x00, 0xff, 0xff, 0xff, 0xff, 0x15, 0x00, 0x00, 0x00, 
    0x03, 0x00, 0x00, 0x00, 0x03, 0x00, 0x00, 0x00, 0x03, 0x00, 0x00, 0x00, 
    0x00, 0x00, 0x00, 0x00, 0x10, 0x00, 0x00, 0x00, 0x04, 0x00, 0x00, 0x00, 
    0x02, 0x00, 0x00, 0x00, 0x00, 0x00, 0x00, 0x00, 0xff, 0xff, 0x7f, 0x7f, 
    0x00, 0x00, 0x00, 0x00, 0x00, 0x00, 0x00, 0x00, 0x00, 0x00, 0x00, 0x00, 
    0x53, 0x54, 0x41, 0x54, 0xa4, 0x0a, 0x00, 0x00, 0x60, 0x00, 0x05, 0x00, 
    0xa9, 0x02, 0x00, 0x00, 0x44, 0x58, 0x49, 0x4c, 0x00, 0x01, 0x00, 0x00, 
    0x10, 0x00, 0x00, 0x00, 0x8c, 0x0a, 0x00, 0x00, 0x42, 0x43, 0xc0, 0xde, 
    0x21, 0x0c, 0x00, 0x00, 0xa0, 0x02, 0x00, 0x00, 0x0b, 0x82, 0x20, 0x00, 
    0x02, 0x00, 0x00, 0x00, 0x13, 0x00, 0x00, 0x00, 0x07, 0x81, 0x23, 0x91, 
    0x41, 0xc8, 0x04, 0x49, 0x06, 0x10, 0x32, 0x39, 0x92, 0x01, 0x84, 0x0c, 
    0x25, 0x05, 0x08, 0x19, 0x1e, 0x04, 0x8b, 0x62, 0x80, 0x18, 0x45, 0x02, 
    0x42, 0x92, 0x0b, 0x42, 0xc4, 0x10, 0x32, 0x14, 0x38, 0x08, 0x18, 0x4b, 
    0x0a, 0x32, 0x62, 0x88, 0x48, 0x90, 0x14, 0x20, 0x43, 0x46, 0x88, 0xa5, 
    0x00, 0x19, 0x32, 0x42, 0xe4, 0x48, 0x0e, 0x90, 0x11, 0x23, 0xc4, 0x50, 
    0x41, 0x51, 0x81, 0x8c, 0xe1, 0x83, 0xe5, 0x8a, 0x04, 0x31, 0x46, 0x06, 
    0x51, 0x18, 0x00, 0x00, 0x0b, 0x00, 0x00, 0x00, 0x1b, 0x8c, 0xe0, 0xff, 
    0xff, 0xff, 0xff, 0x07, 0x40, 0x02, 0xa8, 0x0d, 0x86, 0xf0, 0xff, 0xff, 
    0xff, 0xff, 0x03, 0x20, 0x01, 0xd5, 0x06, 0x62, 0xf8, 0xff, 0xff, 0xff, 
    0xff, 0x01, 0x90, 0x36, 0x18, 0xc4, 0xff, 0xff, 0xff, 0xff, 0x0f, 0x00, 
    0x03, 0x48, 0x00, 0x00, 0x49, 0x18, 0x00, 0x00, 0x03, 0x00, 0x00, 0x00, 
    0x13, 0x82, 0x60, 0x42, 0x20, 0x4c, 0x08, 0x86, 0x09, 0x01, 0x01, 0x00, 
    0x89, 0x20, 0x00, 0x00, 0x75, 0x00, 0x00, 0x00, 0x32, 0x22, 0x88, 0x09, 
    0x20, 0x64, 0x85, 0x04, 0x13, 0x23, 0xa4, 0x84, 0x04, 0x13, 0x23, 0xe3, 
    0x84, 0xa1, 0x90, 0x14, 0x12, 0x4c, 0x8c, 0x8c, 0x0b, 0x84, 0xc4, 0x4c, 
    0x10, 0xe0, 0xc1, 0x0c, 0x40, 0x02, 0x13, 0x00, 0x83, 0x08, 0xc1, 0x30, 
    0x02, 0x50, 0x82, 0x81, 0x88, 0x39, 0x02, 0x30, 0x28, 0x83, 0x61, 0x18, 
    0x74, 0xdc, 0x34, 0x5c, 0xfe, 0x84, 0x3d, 0x84, 0xe4, 0xaf, 0x84, 0xb4, 
    0x12, 0x93, 0x5f, 0xdc, 0x36, 0x2a, 0x00, 0x00, 0x00, 0x8c, 0x39, 0x02, 
    0x84, 0x94, 0x7b, 0x86, 0xcb, 0x9f, 0xb0, 0x87, 0x90, 0xfc, 0x10, 0x68, 
    0x86, 0x85, 0x40, 0xc1, 0x52, 0x98, 0xc4, 0x60, 0x18, 0x00, 0x00, 0x00, 
    0xc3, 0x30, 0x00, 0x6a, 0x8a, 0x92, 0x18, 0x8c, 0x61, 0x18, 0x86, 0x61, 
    0x18, 0xf4, 0x94, 0x65, 0x30, 0x18, 0xc3, 0x30, 0x00, 0x00, 0x00, 0x14, 
    0x8a, 0x0a, 0x01, 0x18, 0x00, 0x40, 0x53, 0x19, 0x00, 0x03, 0xa0, 0xaa, 
    0x10, 0x86, 0x61, 0x18, 0x74, 0x95, 0x61, 0x30, 0x0c, 0xca, 0xe6, 0x08, 
    0x82, 0x32, 0x6c, 0x06, 0x40, 0x5c, 0x41, 0x00, 0x03, 0x00, 0x00, 0x00, 
    0x00, 0xc8, 0x2b, 0x0a, 0x60, 0x00, 0x00, 0x00, 0x00, 0x00, 0x00, 0x10, 
    0x58, 0x0c, 0xc0, 0x00, 0x00, 0x00, 0x20, 0xf1, 0xa8, 0xe1, 0xf2, 0x27, 
    0xec, 0x21, 0x24, 0x9f, 0xdb, 0xa8, 0x62, 0x25, 0x26, 0x1f, 0xb9, 0x6d, 
    0x44, 0x18, 0x86, 0x61, 0x14, 0x82, 0x34, 0x18, 0x83, 0xca, 0xa3, 0x86, 
    0xcb, 0x9f, 0xb0, 0x87, 0x90, 0x7c, 0x6e, 0xa3, 0x8a, 0x95, 0x98, 0xfc, 
    0xe2, 0xb6, 0x11, 0x01, 0x00, 0x00, 0x50, 0x88, 0xd3, 0x60, 0x0c, 0x42, 
    0x8b, 0xc1, 0x18, 0x8a, 0x61, 0x6c, 0xa4, 0x0e, 0x04, 0x0c, 0x23, 0x10, 
    0xc0, 0x4c, 0x6c, 0x30, 0x0e, 0xec, 0x10, 0x0e, 0xf3, 0x30, 0x0f, 0x6e, 
    0x40, 0x0b, 0xe5, 0x80, 0x0f, 0xf4, 0x50, 0x0f, 0xf2, 0x50, 0x0e, 0x72, 
    0x40, 0x0a, 0x7c, 0x60, 0x0f, 0xe5, 0x30, 0x0e, 0xf4, 0xf0, 0x0e, 0xf2, 
    0xc0, 0x07, 0xe8, 0x10, 0x0e, 0xec, 0x60, 0x0e, 0x6c, 0x00, 0x06, 0x74, 
    0xe0, 0x07, 0x60, 0xe0, 0x07, 0x7a, 0xa0, 0x07, 0xed, 0x90, 0x0e, 0xf0, 
    0x30, 0x0f, 0xbf, 0x40, 0x0f, 0xf9, 0x00, 0x0f, 0xe5, 0x80, 0x02, 0x63, 
    0xa6, 0x30, 0x18, 0x07, 0x76, 0x08, 0x87, 0x79, 0x98, 0x07, 0x37, 0xa0, 
    0x85, 0x72, 0xc0, 0x07, 0x7a, 0xa8, 0x07, 0x79, 0x28, 0x07, 0x39, 0x20, 
    0x05, 0x3e, 0xb0, 0x87, 0x72, 0x18, 0x07, 0x7a, 0x78, 0x07, 0x79, 0xe0, 
    0x03, 0x74, 0x08, 0x07, 0x76, 0x30, 0x07, 0x36, 0x00, 0x03, 0x3a, 0xf0, 
    0x03, 0x30, 0xf0, 0x03, 0x24, 0xb4, 0x2e, 0xbd, 0x33, 0x8d, 0xc1, 0x38, 
    0xb0, 0x43, 0x38, 0xcc, 0xc3, 0x3c, 0xb8, 0x81, 0x2c, 0xdc, 0x02, 0x2d, 
    0x94, 0x03, 0x3e, 0xd0, 0x43, 0x3d, 0xc8, 0x43, 0x39, 0xc8, 0x01, 0x29, 
    0xf0, 0x81, 0x3d, 0x94, 0xc3, 0x38, 0xd0, 0xc3, 0x3b, 0xc8, 0x03, 0x1f, 
    0xa0, 0x43, 0x38, 0xb0, 0x83, 0x39, 0xb0, 0x01, 0x18, 0xd0, 0x81, 0x1f, 
    0x80, 0x81, 0x1f, 0xa0, 0xa0, 0xa5, 0x78, 0x18, 0x41, 0x00, 0xee, 0xe0, 
    0xb6, 0x9f, 0x73, 0x98, 0x07, 0x11, 0x2d, 0x60, 0xcc, 0x44, 0xdf, 0x24, 
    0x4d, 0x11, 0x25, 0x4c, 0x3e, 0x0b, 0x30, 0xcf, 0x42, 0x44, 0xec, 0x04, 
    0x4c, 0x04, 0x0a, 0x0c, 0xb2, 0x01, 0x00, 0x00, 0x13, 0x14, 0x72, 0xc0, 
    0x87, 0x74, 0x60, 0x87, 0x36, 0x68, 0x87, 0x79, 0x68, 0x03, 0x72, 0xc0, 
    0x87, 0x0d, 0xaf, 0x50, 0x0e, 0x6d, 0xd0, 0x0e, 0x7a, 0x50, 0x0e, 0x6d, 
    0x00, 0x0f, 0x7a, 0x30, 0x07, 0x72, 0xa0, 0x07, 0x73, 0x20, 0x07, 0x6d, 
    0x90, 0x0e, 0x71, 0xa0, 0x07, 0x73, 0x20, 0x07, 0x6d, 0x90, 0x0e, 0x78, 
    0xa0, 0x07, 0x73, 0x20, 0x07, 0x6d, 0x90, 0x0e, 0x71, 0x60, 0x07, 0x7a, 
    0x30, 0x07, 0x72, 0xd0, 0x06, 0xe9, 0x30, 0x07, 0x72, 0xa0, 0x07, 0x73, 
    0x20, 0x07, 0x6d, 0x90, 0x0e, 0x76, 0x40, 0x07, 0x7a, 0x60, 0x07, 0x74, 
    0xd0, 0x06, 0xe6, 0x10, 0x07, 0x76, 0xa0, 0x07, 0x73, 0x20, 0x07, 0x6d, 
    0x60, 0x0e, 0x73, 0x20, 0x07, 0x7a, 0x30, 0x07, 0x72, 0xd0, 0x06, 0xe6, 
    0x60, 0x07, 0x74, 0xa0, 0x07, 0x76, 0x40, 0x07, 0x6d, 0xe0, 0x0e, 0x78, 
    0xa0, 0x07, 0x71, 0x60, 0x07, 0x7a, 0x30, 0x07, 0x72, 0xa0, 0x07, 0x76, 
    0x40, 0x07, 0x3a, 0x0f, 0x24, 0x90, 0x21, 0x23, 0x45, 0x44, 0x00, 0x76, 
    0xd8, 0x00, 0xcc, 0x0e, 0x1b, 0x80, 0x87, 0x3c, 0x04, 0x10, 0x00, 0x00, 
    0x00, 0x00, 0x00, 0x00, 0x00, 0x00, 0x00, 0x0c, 0x79, 0x0e, 0x20, 0x00, 
    0x02, 0x00, 0x00, 0x00, 0x00, 0x00, 0x00, 0x00, 0x18, 0xf2, 0x1c, 0x40, 
    0x00, 0x04, 0x00, 0x00, 0x00, 0x00, 0x00, 0x00, 0x00, 0x30, 0xe4, 0x69, 
    0x80, 0x00, 0x10, 0x00, 0x00, 0x00, 0x00, 0x00, 0x00, 0x00, 0x60, 0xc8, 
    0xf3, 0x00, 0x01, 0x20, 0x00, 0x00, 0x00, 0x00, 0x00, 0x00, 0x00, 0xc0, 
    0x90, 0x27, 0x02, 0x02, 0x60, 0x00, 0x00, 0x00, 0x00, 0x00, 0x00, 0x00, 
    0x80, 0x21, 0xcf, 0x04, 0x04, 0x40, 0x00, 0x00, 0x00, 0x00, 0x00, 0x00, 
    0x00, 0x00, 0x43, 0x9e, 0x0a, 0x08, 0x80, 0x00, 0x00, 0x00, 0x00, 0x00, 
    0x00, 0x00, 0x00, 0x86, 0x3c, 0x17, 0x10, 0x00, 0x01, 0x00, 0x00, 0x00, 
    0x00, 0x00, 0x00, 0x00, 0x0c, 0x79, 0x32, 0x20, 0x00, 0x08, 0x00, 0x00, 
    0x00, 0x00, 0x00, 0x00, 0x00, 0x18, 0xf2, 0x70, 0x40, 0x00, 0x04, 0x00, 
    0x00, 0x00, 0x00, 0x00, 0x00, 0x00, 0x30, 0xe4, 0xf1, 0x80, 0x00, 0x08, 
    0x00, 0x00, 0x00, 0x00, 0x00, 0x00, 0x00, 0x60, 0xc8, 0x03, 0x06, 0x40, 
    0x00, 0x04, 0x00, 0x00, 0x00, 0x00, 0x00, 0x00, 0x00, 0x30, 0xe4, 0x11, 
    0x03, 0x20, 0x00, 0x02, 0x00, 0x00, 0x00, 0x00, 0x00, 0x00, 0x00, 0x18, 
    0xf2, 0x94, 0x01, 0x10, 0x00, 0x02, 0x00, 0x00, 0x00, 0x00, 0x00, 0x00, 
    0x00, 0x0c, 0x79, 0xd0, 0x00, 0x08, 0x00, 0x01, 0x00, 0x00, 0x00, 0x00, 
    0x00, 0x00, 0x00, 0x86, 0x3c, 0x6a, 0x00, 0x04, 0x80, 0x00, 0x00, 0x00, 
    0x00, 0x00, 0x00, 0x00, 0x00, 0x59, 0x20, 0x00, 0x15, 0x00, 0x00, 0x00, 
    0x32, 0x1e, 0x98, 0x18, 0x19, 0x11, 0x4c, 0x90, 0x8c, 0x09, 0x26, 0x47, 
    0xc6, 0x04, 0x43, 0xda, 0x6a, 0x80, 0x8c, 0x12, 0x18, 0x01, 0x28, 0x86, 
    0x22, 0x28, 0x89, 0x32, 0x28, 0x84, 0x52, 0x28, 0xa0, 0x72, 0x28, 0x8d, 
    0x02, 0x29, 0x94, 0x82, 0x29, 0x88, 0x02, 0x44, 0x2a, 0xe8, 0x80, 0xd2, 
    0x0c, 0x28, 0xd9, 0x88, 0xf2, 0x34, 0x29, 0xcd, 0x83, 0x12, 0x14, 0xa0, 
    0x6d, 0x04, 0x80, 0x82, 0x19, 0x00, 0x82, 0x67, 0x00, 0x48, 0x9e, 0x01, 
    0x20, 0x7a, 0x06, 0x80, 0xea, 0x19, 0x00, 0xba, 0x67, 0x00, 0x00, 0x00, 
    0x79, 0x18, 0x00, 0x00, 0xcb, 0x00, 0x00, 0x00, 0x1a, 0x03, 0x4c, 0x90, 
    0x46, 0x02, 0x13, 0x44, 0x8f, 0x0c, 0x6f, 0xec, 0xed, 0x4d, 0x0c, 0x24, 
    0xc6, 0x05, 0xc7, 0x45, 0xa6, 0x06, 0xa6, 0xc6, 0x65, 0x46, 0x06, 0x04, 
    0x45, 0x2c, 0x06, 0xc6, 0x26, 0x2c, 0xc7, 0x26, 0x86, 0x2c, 0x65, 0x43, 
    0x10, 0x4c, 0x10, 0x0c, 0x6a, 0x82, 0x60, 0x54, 0x1b, 0x84, 0x81, 0xd8, 
    0x20, 0x10, 0x04, 0x85, 0xb1, 0xb9, 0x09, 0x82, 0x61, 0x6d, 0x18, 0x0e, 
    0x84, 0x98, 0x20, 0xc0, 0x01, 0x1b, 0x30, 0x4a, 0x72, 0x23, 0x2a, 0x73, 
    0x7b, 0x4b, 0x9b, 0x2b, 0x23, 0x9b, 0x4a, 0x3b, 0x73, 0x0b, 0x63, 0x8b, 
    0x99, 0x20, 0x18, 0xd7, 0x04, 0xc1, 0xc0, 0x36, 0x08, 0x44, 0xb3, 0x21, 
    0x21, 0x94, 0x85, 0x20, 0x06, 0x86, 0x70, 0x98, 0x24, 0xb9, 0x05, 0xb1, 
    0x89, 0x95, 0x91, 0xbd, 0xc5, 0x6c, 0x48, 0x06, 0x05, 0x22, 0x86, 0x81, 
    0x21, 0x1c, 0x46, 0x49, 0x6e, 0x44, 0x65, 0x6e, 0x6f, 0x69, 0x73, 0x65, 
    0x64, 0x53, 0x69, 0x67, 0x6e, 0x61, 0x6c, 0x32, 0x1b, 0x12, 0x46, 0x91, 
    0x08, 0x66, 0x60, 0x08, 0x67, 0x82, 0x60, 0x64, 0x4c, 0x92, 0xdc, 0x82, 
    0xd8, 0xc4, 0xca, 0xc8, 0xde, 0x64, 0x36, 0x24, 0x94, 0x52, 0x11, 0xd4, 
    0xc0, 0x10, 0xce, 0x04, 0xc1, 0xd0, 0xc8, 0x24, 0xb9, 0x4d, 0xad, 0xa5, 
    0xc1, 0x4d, 0xa5, 0x9d, 0xb9, 0x85, 0xb1, 0x6d, 0x48, 0x2e, 0x05, 0x23, 
    0xae, 0x81, 0x21, 0x9c, 0x09, 0x82, 0xb1, 0x51, 0x49, 0x72, 0x93, 0x0a, 
    0xbb, 0x1b, 0x7a, 0x63, 0x7b, 0x93, 0xdb, 0x90, 0x68, 0xca, 0x46, 0x68, 
    0x03, 0x43, 0x38, 0x1b, 0x8c, 0x27, 0x9a, 0xac, 0x8c, 0x9b, 0x20, 0xc8, 
    0x41, 0x1b, 0x10, 0x79, 0xaa, 0xa3, 0x1b, 0x7a, 0x63, 0x7b, 0x93, 0x9b, 
    0x20, 0x6c, 0x6a, 0xb0, 0x61, 0x21, 0xbc, 0x8f, 0x20, 0x06, 0x06, 0x0c, 
    0xc0, 0x00, 0x0c, 0x9c, 0x0d, 0x41, 0x18, 0x4c, 0x10, 0xea, 0xe0, 0x0d, 
    0x78, 0x0c, 0x09, 0x7d, 0x0d, 0xbd, 0xb5, 0xc1, 0x4d, 0x10, 0x0c, 0x6e, 
    0x03, 0x42, 0x8c, 0x01, 0x19, 0x10, 0xc4, 0x50, 0x06, 0xc0, 0x86, 0xc0, 
    0x0c, 0x26, 0x08, 0x77, 0x00, 0x07, 0x6c, 0x98, 0xd2, 0xdc, 0xca, 0xc2, 
    0xe4, 0xa6, 0xc2, 0xda, 0xe0, 0xd8, 0xca, 0xe4, 0x36, 0x20, 0x04, 0x1a, 
    0xa4, 0x01, 0x41, 0x0c, 0x04, 0xb0, 0x21, 0x50, 0x83, 0x0d, 0x44, 0x27, 
    0x06, 0x67, 0xb0, 0x06, 0x13, 0x04, 0x3a, 0x70, 0x03, 0x2a, 0x44, 0x73, 
    0x74, 0x54, 0x65, 0x78, 0x53, 0x69, 0x7a, 0x65, 0x13, 0x04, 0xa3, 0x9b, 
    0x20, 0x6c, 0xd3, 0x04, 0xc1, 0xf0, 0x36, 0x28, 0x88, 0x1b, 0x50, 0xc4, 
    0x1b, 0x34, 0x0d, 0x1c, 0xc4, 0xc1, 0xc5, 0x67, 0xe8, 0x4d, 0x4e, 0xae, 
    0x8c, 0x2d, 0x8c, 0x2e, 0xed, 0xcd, 0x4d, 0x28, 0x2d, 0x6c, 0x6e, 0x82, 
    0x60, 0x7c, 0x1b, 0x10, 0x64, 0x0e, 0x28, 0x3a, 0x78, 0x83, 0xa6, 0x81, 
    0x03, 0x16, 0x46, 0x6c, 0x61, 0x67, 0x73, 0x13, 0x04, 0x03, 0x0c, 0x36, 
    0x20, 0x88, 0x1d, 0x50, 0x77, 0xf0, 0x06, 0x5a, 0x03, 0x07, 0x44, 0xbe, 
    0xa0, 0xc2, 0xc8, 0xc8, 0xd2, 0xdc, 0xce, 0x26, 0x08, 0x46, 0x18, 0x6c, 
    0x40, 0x90, 0x3c, 0xa0, 0xf4, 0xe0, 0x0d, 0x9a, 0x38, 0x60, 0x36, 0x14, 
    0x65, 0x20, 0x07, 0x75, 0x80, 0x07, 0x7b, 0xb0, 0x61, 0x20, 0xda, 0x80, 
    0x0f, 0x26, 0x08, 0x85, 0xb0, 0x01, 0xd8, 0x30, 0x10, 0x7f, 0xf0, 0x07, 
    0x1b, 0x02, 0x50, 0xd8, 0x30, 0x0c, 0x7e, 0x10, 0x0a, 0x34, 0x86, 0xa6, 
    0x9a, 0xc2, 0xd2, 0xdc, 0x26, 0x08, 0x86, 0x18, 0x6c, 0x18, 0x48, 0x81, 
    0x14, 0x86, 0x0d, 0xc2, 0x55, 0x0a, 0x1b, 0x0a, 0x3f, 0x18, 0x05, 0x80, 
    0x0d, 0x4c, 0x81, 0x50, 0x98, 0x9c, 0x5c, 0x58, 0xde, 0x17, 0xdd, 0xd9, 
    0x5c, 0xdb, 0x97, 0x58, 0x1e, 0x5d, 0xd9, 0xdc, 0x04, 0xc1, 0x18, 0x03, 
    0x3e, 0x61, 0x72, 0x72, 0x61, 0x79, 0x5f, 0x74, 0x67, 0x73, 0x6d, 0x5f, 
    0x6c, 0x64, 0x73, 0x74, 0x13, 0x04, 0x83, 0x0c, 0x78, 0x88, 0x85, 0xc9, 
    0xc9, 0xa5, 0x95, 0xc9, 0x11, 0x11, 0x93, 0x0b, 0x73, 0x1b, 0x43, 0x2b, 
    0x9b, 0x9b, 0x20, 0x18, 0x65, 0x40, 0xc3, 0x8c, 0xed, 0x2d, 0x8c, 0x6e, 
    0x6e, 0x82, 0x60, 0x98, 0x01, 0x8b, 0x34, 0xb7, 0x39, 0xba, 0xb9, 0x09, 
    0x82, 0x71, 0x06, 0x24, 0xd2, 0xdc, 0xe8, 0xe6, 0x26, 0x08, 0x06, 0x1a, 
    0x10, 0xa1, 0x2b, 0xc3, 0xfb, 0x62, 0x7b, 0x0b, 0x23, 0x23, 0x42, 0x57, 
    0x86, 0xf7, 0xe5, 0xf6, 0x26, 0xd7, 0xc6, 0x84, 0xae, 0x0c, 0xef, 0x6b, 
    0x8e, 0xee, 0x4d, 0xae, 0x8c, 0x45, 0x5d, 0x9a, 0x1b, 0xdd, 0xdc, 0x04, 
    0xc1, 0x48, 0x83, 0x0d, 0x16, 0x2a, 0xa4, 0x82, 0x2a, 0xac, 0x02, 0x2b, 
    0x0c, 0xad, 0xe0, 0x0a, 0xaf, 0x00, 0x0b, 0xb1, 0x20, 0x0b, 0xb3, 0x40, 
    0x0b, 0xb5, 0x50, 0x06, 0xb6, 0x30, 0xdc, 0x42, 0x83, 0x0b, 0xb9, 0x50, 
    0x85, 0x8d, 0xcd, 0xae, 0xcd, 0x25, 0x8d, 0xac, 0xcc, 0x8d, 0x6e, 0x4a, 
    0x10, 0x54, 0x21, 0xc3, 0x73, 0xb1, 0x2b, 0x93, 0x9b, 0x4b, 0x7b, 0x73, 
    0x9b, 0x12, 0x10, 0x4d, 0xc8, 0xf0, 0x5c, 0xec, 0xc2, 0xd8, 0xec, 0xca, 
    0xe4, 0xa6, 0x04, 0x45, 0x1d, 0x32, 0x3c, 0x97, 0x39, 0xb4, 0x30, 0xb2, 
    0x32, 0xb9, 0xa6, 0x37, 0xb2, 0x32, 0xb6, 0x29, 0x01, 0x52, 0x86, 0x0c, 
    0xcf, 0x45, 0xae, 0x6c, 0xee, 0xad, 0x4e, 0x6e, 0xac, 0x6c, 0x6e, 0x4a, 
    0xb0, 0x06, 0x95, 0xc8, 0xf0, 0x5c, 0xe8, 0xf2, 0xe0, 0xca, 0x82, 0xdc, 
    0xdc, 0xde, 0xe8, 0xc2, 0xe8, 0xd2, 0xde, 0xdc, 0xe6, 0xa6, 0x08, 0x7c, 
    0x10, 0x0a, 0x75, 0xc8, 0xf0, 0x5c, 0xca, 0xdc, 0xe8, 0xe4, 0xf2, 0xa0, 
    0xde, 0xd2, 0xdc, 0xe8, 0xe6, 0xa6, 0x04, 0xa6, 0xd0, 0x85, 0x0c, 0xcf, 
    0x65, 0xec, 0xad, 0xce, 0x8d, 0xae, 0x4c, 0x6e, 0x6e, 0x4a, 0x90, 0x0b, 
    0x00, 0x00, 0x00, 0x00, 0x79, 0x18, 0x00, 0x00, 0x5d, 0x00, 0x00, 0x00, 
    0x33, 0x08, 0x80, 0x1c, 0xc4, 0xe1, 0x1c, 0x66, 0x14, 0x01, 0x3d, 0x88, 
    0x43, 0x38, 0x84, 0xc3, 0x8c, 0x42, 0x80, 0x07, 0x79, 0x78, 0x07, 0x73, 
    0x98, 0x71, 0x0c, 0xe6, 0x00, 0x0f, 0xed, 0x10, 0x0e, 0xf4, 0x80, 0x0e, 
    0x33, 0x0c, 0x42, 0x1e, 0xc2, 0xc1, 0x1d, 0xce, 0xa1, 0x1c, 0x66, 0x30, 
    0x05, 0x3d, 0x88, 0x43, 0x38, 0x84, 0x83, 0x1b, 0xcc, 0x03, 0x3d, 0xc8, 
    0x43, 0x3d, 0x8c, 0x03, 0x3d, 0xcc, 0x78, 0x8c, 0x74, 0x70, 0x07, 0x7b, 
    0x08, 0x07, 0x79, 0x48, 0x87, 0x70, 0x70, 0x07, 0x7a, 0x70, 0x03, 0x76, 
    0x78, 0x87, 0x70, 0x20, 0x87, 0x19, 0xcc, 0x11, 0x0e, 0xec, 0x90, 0x0e, 
    0xe1, 0x30, 0x0f, 0x6e, 0x30, 0x0f, 0xe3, 0xf0, 0x0e, 0xf0, 0x50, 0x0e, 
    0x33, 0x10, 0xc4, 0x1d, 0xde, 0x21, 0x1c, 0xd8, 0x21, 0x1d, 0xc2, 0x61, 
    0x1e, 0x66, 0x30, 0x89, 0x3b, 0xbc, 0x83, 0x3b, 0xd0, 0x43, 0x39, 0xb4, 
    0x03, 0x3c, 0xbc, 0x83, 0x3c, 0x84, 0x03, 0x3b, 0xcc, 0xf0, 0x14, 0x76, 
    0x60, 0x07, 0x7b, 0x68, 0x07, 0x37, 0x68, 0x87, 0x72, 0x68, 0x07, 0x37, 
    0x80, 0x87, 0x70, 0x90, 0x87, 0x70, 0x60, 0x07, 0x76, 0x28, 0x07, 0x76, 
    0xf8, 0x05, 0x76, 0x78, 0x87, 0x77, 0x80, 0x87, 0x5f, 0x08, 0x87, 0x71, 
    0x18, 0x87, 0x72, 0x98, 0x87, 0x79, 0x98, 0x81, 0x2c, 0xee, 0xf0, 0x0e, 
    0xee, 0xe0, 0x0e, 0xf5, 0xc0, 0x0e, 0xec, 0x30, 0x03, 0x62, 0xc8, 0xa1, 
    0x1c, 0xe4, 0xa1, 0x1c, 0xcc, 0xa1, 0x1c, 0xe4, 0xa1, 0x1c, 0xdc, 0x61, 
    0x1c, 0xca, 0x21, 0x1c, 0xc4, 0x81, 0x1d, 0xca, 0x61, 0x06, 0xd6, 0x90, 
    0x43, 0x39, 0xc8, 0x43, 0x39, 0x98, 0x43, 0x39, 0xc8, 0x43, 0x39, 0xb8, 
    0xc3, 0x38, 0x94, 0x43, 0x38, 0x88, 0x03, 0x3b, 0x94, 0xc3, 0x2f, 0xbc, 
    0x83, 0x3c, 0xfc, 0x82, 0x3b, 0xd4, 0x03, 0x3b, 0xb0, 0xc3, 0x0c, 0xc4, 
    0x21, 0x07, 0x7c, 0x70, 0x03, 0x7a, 0x28, 0x87, 0x76, 0x80, 0x87, 0x19, 
    0xd5, 0x43, 0x0e, 0xf8, 0xe0, 0x06, 0xe3, 0xf0, 0x0e, 0xee, 0x40, 0x0f, 
    0xf2, 0xf0, 0x0e, 0xec, 0x60, 0x0e, 0xec, 0xf0, 0x0e, 0xf7, 0xe0, 0x06, 
    0xe8, 0x90, 0x0e, 0xee, 0x40, 0x0f, 0xf3, 0x30, 0x43, 0x81, 0xd8, 0x81, 
    0x1d, 0xec, 0xa1, 0x1d, 0xdc, 0x80, 0x1d, 0xde, 0xe1, 0x1d, 0xe0, 0x61, 
    0x46, 0x14, 0x91, 0x03, 0x3e, 0xb8, 0x01, 0x39, 0x88, 0xc3, 0x39, 0xb8, 
    0x81, 0x3d, 0x84, 0x83, 0x3c, 0xb0, 0x43, 0x38, 0xe4, 0xc3, 0x3b, 0xd4, 
    0x03, 0x3d, 0xcc, 0x60, 0x24, 0x72, 0xc0, 0x07, 0x37, 0x10, 0x07, 0x79, 
    0x28, 0x87, 0x70, 0x58, 0x07, 0x37, 0x10, 0x07, 0x79, 0x00, 0x00, 0x00, 
    0x71, 0x20, 0x00, 0x00, 0x5c, 0x00, 0x00, 0x00, 0x15, 0x60, 0x07, 0x81, 
    0xdf, 0xf9, 0x4b, 0x2c, 0xbb, 0xdf, 0xe9, 0x79, 0x99, 0x3c, 0x7c, 0xb3, 
    0xdf, 0x72, 0x20, 0x70, 0x06, 0x0d, 0x66, 0x61, 0x4d, 0x20, 0x89, 0x34, 
    0x0c, 0x5a, 0x7f, 0x24, 0x7b, 0x79, 0x4c, 0x7f, 0xcb, 0x81, 0x4d, 0x12, 
    0x6c, 0x06, 0x04, 0x06, 0x5d, 0x76, 0x57, 0x8c, 0x9c, 0x6e, 0x17, 0x40, 
    0x1c, 0x04, 0x7e, 0xe7, 0xaf, 0x34, 0x7c, 0x1f, 0xbe, 0xd9, 0x6f, 0x39, 
    0x10, 0x38, 0x83, 0x06, 0xb3, 0xb0, 0x26, 0x90, 0x44, 0x1a, 0x06, 0xad, 
    0x3f, 0x92, 0xbd, 0x3c, 0xa6, 0xbf, 0xe5, 0xc0, 0x26, 0x09, 0x36, 0x03, 
    0x02, 0x83, 0x2e, 0xbb, 0x2b, 0x46, 0x4e, 0xb7, 0x4d, 0xc0, 0xe0, 0x58, 
    0x13, 0x40, 0x1a, 0x5b, 0x68, 0x86, 0xcb, 0x77, 0x1e, 0x3f, 0x00, 0xa2, 
    0x08, 0x21, 0x22, 0x43, 0x80, 0x86, 0xcb, 0x77, 0x1e, 0x3f, 0x40, 0x1a, 
    0x20, 0xc2, 0xfc, 0xe2, 0xb6, 0x4d, 0x01, 0x1a, 0x2e, 0xdf, 0x79, 0xfc, 
    0x00, 0x69, 0x80, 0x08, 0xf3, 0x91, 0xdb, 0xb6, 0x88, 0x6d, 0xb8, 0x7c, 
    0xe7, 0xf1, 0x85, 0x80, 0x2a, 0x0a, 0x22, 0x2a, 0x1d, 0x60, 0x28, 0x09, 
    0x03, 0x10, 0x30, 0xbf, 0xb8, 0x6d, 0x83, 0xd8, 0x86, 0xcb, 0x77, 0x1e, 
    0x5f, 0x08, 0xa8, 0xa2, 0x20, 0xa2, 0xd2, 0x01, 0x86, 0x92, 0x30, 0x00, 
    0x01, 0xf3, 0x91, 0xdb, 0x36, 0x09, 0x69, 0xb8, 0x7c, 0xe7, 0xf1, 0x85, 
    0x88, 0x00, 0x26, 0x22, 0x04, 0x9a, 0x61, 0x21, 0xec, 0xc1, 0x19, 0x2e, 
    0xdf, 0x79, 0xfc, 0xc1, 0x99, 0x6c, 0xbf, 0xb8, 0x6d, 0x6b, 0x70, 0x86, 
    0xcb, 0x77, 0x1e, 0x7f, 0x70, 0xa6, 0xdb, 0x2f, 0x6e, 0xdb, 0x1c, 0x9c, 
    0xe1, 0xf2, 0x9d, 0xc7, 0x1f, 0x9c, 0x09, 0xf7, 0x8b, 0xdb, 0xb6, 0x81, 
    0x68, 0xb8, 0x7c, 0xe7, 0xf1, 0x8d, 0xc8, 0xa1, 0x1e, 0x71, 0xf0, 0x91, 
    0xdb, 0x36, 0x06, 0x6c, 0xb8, 0x7c, 0xe7, 0xf1, 0x11, 0x89, 0x7d, 0x08, 
    0x01, 0x01, 0x96, 0x6f, 0x71, 0x80, 0xc9, 0x2f, 0x6e, 0xdb, 0x0a, 0xaa, 
    0xe1, 0xf2, 0x9d, 0xc7, 0x97, 0x00, 0xe6, 0x59, 0x88, 0x92, 0xa8, 0x88, 
    0xc5, 0x2f, 0x6e, 0xdb, 0x0c, 0xaa, 0xe1, 0xf2, 0x9d, 0xc7, 0x9f, 0x88, 
    0x6b, 0xa2, 0x22, 0xa2, 0x74, 0x80, 0xc1, 0x2f, 0x6e, 0xdb, 0x0e, 0xac, 
    0xe1, 0xf2, 0x9d, 0xc7, 0x9f, 0x88, 0x6b, 0xa2, 0x22, 0x82, 0x9d, 0x9c, 
    0x88, 0xf0, 0x8b, 0xdb, 0x36, 0x82, 0x6c, 0xb8, 0x7c, 0xe7, 0xf1, 0xa7, 
    0x23, 0x22, 0x80, 0x41, 0x1c, 0xc4, 0x06, 0x8c, 0x1c, 0xea, 0xf1, 0x91, 
    0xdb, 0xb6, 0x84, 0x67, 0xb8, 0x7c, 0xe7, 0xf1, 0xa9, 0x06, 0x88, 0x30, 
    0xbf, 0xb8, 0x6d, 0x00, 0x00, 0x00, 0x00, 0x00, 0x48, 0x41, 0x53, 0x48, 
    0x14, 0x00, 0x00, 0x00, 0x00, 0x00, 0x00, 0x00, 0x7a, 0x0d, 0x67, 0x1b, 
    0x5f, 0x41, 0x62, 0xb2, 0xc9, 0x73, 0x4e, 0xb9, 0x70, 0x0b, 0x8f, 0x64, 
    0x44, 0x58, 0x49, 0x4c, 0xbc, 0x51, 0x00, 0x00, 0x60, 0x00, 0x05, 0x00, 
    0x6f, 0x14, 0x00, 0x00, 0x44, 0x58, 0x49, 0x4c, 0x00, 0x01, 0x00, 0x00, 
    0x10, 0x00, 0x00, 0x00, 0xa4, 0x51, 0x00, 0x00, 0x42, 0x43, 0xc0, 0xde, 
    0x21, 0x0c, 0x00, 0x00, 0x66, 0x14, 0x00, 0x00, 0x0b, 0x82, 0x20, 0x00, 
    0x02, 0x00, 0x00, 0x00, 0x13, 0x00, 0x00, 0x00, 0x07, 0x81, 0x23, 0x91, 
    0x41, 0xc8, 0x04, 0x49, 0x06, 0x10, 0x32, 0x39, 0x92, 0x01, 0x84, 0x0c, 
    0x25, 0x05, 0x08, 0x19, 0x1e, 0x04, 0x8b, 0x62, 0x80, 0x18, 0x45, 0x02, 
    0x42, 0x92, 0x0b, 0x42, 0xc4, 0x10, 0x32, 0x14, 0x38, 0x08, 0x18, 0x4b, 
    0x0a, 0x32, 0x62, 0x88, 0x48, 0x90, 0x14, 0x20, 0x43, 0x46, 0x88, 0xa5, 
    0x00, 0x19, 0x32, 0x42, 0xe4, 0x48, 0x0e, 0x90, 0x11, 0x23, 0xc4, 0x50, 
    0x41, 0x51, 0x81, 0x8c, 0xe1, 0x83, 0xe5, 0x8a, 0x04, 0x31, 0x46, 0x06, 
    0x51, 0x18, 0x00, 0x00, 0x0b, 0x00, 0x00, 0x00, 0x1b, 0x8c, 0xe0, 0xff, 
    0xff, 0xff, 0xff, 0x07, 0x40, 0x02, 0xa8, 0x0d, 0x86, 0xf0, 0xff, 0xff, 
    0xff, 0xff, 0x03, 0x20, 0x01, 0xd5, 0x06, 0x62, 0xf8, 0xff, 0xff, 0xff, 
    0xff, 0x01, 0x90, 0x36, 0x18, 0xc4, 0xff, 0xff, 0xff, 0xff, 0x0f, 0x00, 
    0x03, 0x48, 0x00, 0x00, 0x49, 0x18, 0x00, 0x00, 0x03, 0x00, 0x00, 0x00, 
    0x13, 0x82, 0x60, 0x42, 0x20, 0x4c, 0x08, 0x86, 0x09, 0x01, 0x01, 0x00, 
    0x89, 0x20, 0x00, 0x00, 0x76, 0x00, 0x00, 0x00, 0x32, 0x22, 0x88, 0x09, 
    0x20, 0x64, 0x85, 0x04, 0x13, 0x23, 0xa4, 0x84, 0x04, 0x13, 0x23, 0xe3, 
    0x84, 0xa1, 0x90, 0x14, 0x12, 0x4c, 0x8c, 0x8c, 0x0b, 0x84, 0xc4, 0x4c, 
    0x10, 0xe8, 0xc1, 0x0c, 0x40, 0x02, 0x13, 0x00, 0x83, 0x08, 0xc1, 0x30, 
    0x02, 0x50, 0x82, 0x81, 0x88, 0x39, 0x02, 0x30, 0x28, 0x83, 0x61, 0x18, 
    0x74, 0xdc, 0x34, 0x5c, 0xfe, 0x84, 0x3d, 0x84, 0xe4, 0xaf, 0x84, 0xb4, 
    0x12, 0x93, 0x5f, 0xdc, 0x36, 0x2a, 0x00, 0x00, 0x00, 0x8c, 0x39, 0x02, 
    0x84, 0x94, 0x7b, 0x86, 0xcb, 0x9f, 0xb0, 0x87, 0x90, 0xfc, 0x10, 0x68, 
    0x86, 0x85, 0x40, 0xc1, 0x52, 0x98, 0xc4, 0x60, 0x18, 0x00, 0x00, 0x00, 
    0xc3, 0x30, 0x00, 0x6a, 0x8a, 0x92, 0x18, 0x8c, 0x61, 0x18, 0x86, 0x61, 
    0x18, 0xf4, 0x94, 0x65, 0x30, 0x18, 0xc3, 0x30, 0x00, 0x00, 0x00, 0x14, 
    0x8a, 0x0a, 0x01, 0x18, 0x00, 0x40, 0x53, 0x19, 0x00, 0x03, 0xa0, 0xaa, 
    0x10, 0x86, 0x61, 0x18, 0x74, 0x95, 0x61, 0x30, 0x0c, 0xca, 0xe6, 0x08, 
    0x82, 0x32, 0x6c, 0x06, 0x40, 0x5c, 0x41, 0x00, 0x03, 0x00, 0x00, 0x00, 
    0x00, 0xc8, 0x2b, 0x0a, 0x60, 0x00, 0x00, 0x00, 0x00, 0x00, 0x00, 0x10, 
    0x58, 0x0c, 0xc0, 0x00, 0x00, 0x00, 0x20, 0xf1, 0xa8, 0xe1, 0xf2, 0x27, 
    0xec, 0x21, 0x24, 0x9f, 0xdb, 0xa8, 0x62, 0x25, 0x26, 0x1f, 0xb9, 0x6d, 
    0x44, 0x18, 0x86, 0x61, 0x14, 0x82, 0x34, 0x18, 0x83, 0xca, 0xa3, 0x86, 
    0xcb, 0x9f, 0xb0, 0x87, 0x90, 0x7c, 0x6e, 0xa3, 0x8a, 0x95, 0x98, 0xfc, 
    0xe2, 0xb6, 0x11, 0x01, 0x00, 0x00, 0x50, 0x88, 0xd3, 0x60, 0x0c, 0x42, 
    0x8b, 0xc1, 0x18, 0x8a, 0x61, 0x6c, 0xa4, 0x0e, 0x04, 0x0c, 0x23, 0x10, 
    0xc0, 0x4c, 0x6c, 0x30, 0x0e, 0xec, 0x10, 0x0e, 0xf3, 0x30, 0x0f, 0x6e, 
    0x40, 0x0b, 0xe5, 0x80, 0x0f, 0xf4, 0x50, 0x0f, 0xf2, 0x50, 0x0e, 0x72, 
    0x40, 0x0a, 0x7c, 0x60, 0x0f, 0xe5, 0x30, 0x0e, 0xf4, 0xf0, 0x0e, 0xf2, 
    0xc0, 0x07, 0xe8, 0x10, 0x0e, 0xec, 0x60, 0x0e, 0x6c, 0x00, 0x06, 0x74, 
    0xe0, 0x07, 0x60, 0xe0, 0x07, 0x7a, 0xa0, 0x07, 0xed, 0x90, 0x0e, 0xf0, 
    0x30, 0x0f, 0xbf, 0x40, 0x0f, 0xf9, 0x00, 0x0f, 0xe5, 0x80, 0x02, 0x63, 
    0xa6, 0x30, 0x18, 0x07, 0x76, 0x08, 0x87, 0x79, 0x98, 0x07, 0x37, 0xa0, 
    0x85, 0x72, 0xc0, 0x07, 0x7a, 0xa8, 0x07, 0x79, 0x28, 0x07, 0x39, 0x20, 
    0x05, 0x3e, 0xb0, 0x87, 0x72, 0x18, 0x07, 0x7a, 0x78, 0x07, 0x79, 0xe0, 
    0x03, 0x74, 0x08, 0x07, 0x76, 0x30, 0x07, 0x36, 0x00, 0x03, 0x3a, 0xf0, 
    0x03, 0x30, 0xf0, 0x03, 0x24, 0xb4, 0x2e, 0xbd, 0x33, 0x8d, 0xc1, 0x38, 
    0xb0, 0x43, 0x38, 0xcc, 0xc3, 0x3c, 0xb8, 0x81, 0x2c, 0xdc, 0x02, 0x2d, 
    0x94, 0x03, 0x3e, 0xd0, 0x43, 0x3d, 0xc8, 0x43, 0x39, 0xc8, 0x01, 0x29, 
    0xf0, 0x81, 0x3d, 0x94, 0xc3, 0x38, 0xd0, 0xc3, 0x3b, 0xc8, 0x03, 0x1f, 
    0xa0, 0x43, 0x38, 0xb0, 0x83, 0x39, 0xb0, 0x01, 0x18, 0xd0, 0x81, 0x1f, 
    0x80, 0x81, 0x1f, 0xa0, 0xa0, 0xa5, 0x78, 0x18, 0x41, 0x00, 0xee, 0xe0, 
    0xb6, 0x9f, 0x73, 0x98, 0x07, 0x11, 0x2d, 0x60, 0xcc, 0x44, 0xdf, 0x24, 
    0x4d, 0x11, 0x25, 0x4c, 0x3e, 0x0b, 0x30, 0xcf, 0x42, 0x44, 0xec, 0x04, 
    0x4c, 0x04, 0x0a, 0x0c, 0xb2, 0xa7, 0x00, 0x06, 0x11, 0x80, 0x01, 0x00, 
    0x13, 0x14, 0x72, 0xc0, 0x87, 0x74, 0x60, 0x87, 0x36, 0x68, 0x87, 0x79, 
    0x68, 0x03, 0x72, 0xc0, 0x87, 0x0d, 0xaf, 0x50, 0x0e, 0x6d, 0xd0, 0x0e, 
    0x7a, 0x50, 0x0e, 0x6d, 0x00, 0x0f, 0x7a, 0x30, 0x07, 0x72, 0xa0, 0x07, 
    0x73, 0x20, 0x07, 0x6d, 0x90, 0x0e, 0x71, 0xa0, 0x07, 0x73, 0x20, 0x07, 
    0x6d, 0x90, 0x0e, 0x78, 0xa0, 0x07, 0x73, 0x20, 0x07, 0x6d, 0x90, 0x0e, 
    0x71, 0x60, 0x07, 0x7a, 0x30, 0x07, 0x72, 0xd0, 0x06, 0xe9, 0x30, 0x07, 
    0x72, 0xa0, 0x07, 0x73, 0x20, 0x07, 0x6d, 0x90, 0x0e, 0x76, 0x40, 0x07, 
    0x7a, 0x60, 0x07, 0x74, 0xd0, 0x06, 0xe6, 0x10, 0x07, 0x76, 0xa0, 0x07, 
    0x73, 0x20, 0x07, 0x6d, 0x60, 0x0e, 0x73, 0x20, 0x07, 0x7a, 0x30, 0x07, 
    0x72, 0xd0, 0x06, 0xe6, 0x60, 0x07, 0x74, 0xa0, 0x07, 0x76, 0x40, 0x07, 
    0x6d, 0xe0, 0x0e, 0x78, 0xa0, 0x07, 0x71, 0x60, 0x07, 0x7a, 0x30, 0x07, 
    0x72, 0xa0, 0x07, 0x76, 0x40, 0x07, 0x3a, 0x0f, 0x24, 0x90, 0x21, 0x23, 
    0x45, 0x44, 0x00, 0x76, 0x3e, 0x30, 0x3b, 0x1f, 0x78, 0xc8, 0x43, 0x00, 
    0x00, 0x00, 0x00, 0x00, 0x00, 0x00, 0x00, 0x00, 0x00, 0xc0, 0x90, 0xe7, 
    0x00, 0x02, 0x20, 0x00, 0x00, 0x00, 0x00, 0x00, 0x00, 0x00, 0x80, 0x21, 
    0xcf, 0x01, 0x04, 0x40, 0x00, 0x00, 0x00, 0x00, 0x00, 0x00, 0x00, 0x00, 
    0x43, 0x9e, 0x06, 0x08, 0x00, 0x01, 0x00, 0x00, 0x00, 0x00, 0x00, 0x00, 
    0x00, 0x86, 0x3c, 0x0f, 0x10, 0x00, 0x02, 0x00, 0x00, 0x00, 0x00, 0x00, 
    0x00, 0x00, 0x0c, 0x79, 0x22, 0x20, 0x00, 0x06, 0x00, 0x00, 0x00, 0x00, 
    0x00, 0x00, 0x00, 0x18, 0xf2, 0x4c, 0x40, 0x00, 0x04, 0x00, 0x00, 0x00, 
    0x00, 0x00, 0x00, 0x00, 0x30, 0xe4, 0xa9, 0x80, 0x00, 0x08, 0x00, 0x00, 
    0x00, 0x00, 0x00, 0x00, 0x00, 0x60, 0xc8, 0x73, 0x01, 0x01, 0x10, 0x00, 
    0x00, 0x00, 0x00, 0x00, 0x00, 0x00, 0xc0, 0x90, 0x27, 0x03, 0x02, 0x80, 
    0x00, 0x00, 0x00, 0x00, 0x00, 0x00, 0x00, 0x80, 0x21, 0x0f, 0x07, 0x04, 
    0x40, 0x00, 0x00, 0x00, 0x00, 0x00, 0x00, 0x00, 0x00, 0x43, 0x1e, 0x0f, 
    0x08, 0x80, 0x00, 0x00, 0x00, 0x00, 0x00, 0x00, 0x00, 0x00, 0x86, 0x3c, 
    0x60, 0x00, 0x04, 0x40, 0x00, 0x00, 0x00, 0x00, 0x00, 0x00, 0x00, 0x00, 
    0x43, 0x1e, 0x31, 0x00, 0x02, 0x20, 0x00, 0x00, 0x00, 0x00, 0x00, 0x00, 
    0x00, 0x80, 0x21, 0x4f, 0x19, 0x00, 0x01, 0x20, 0x00, 0x00, 0x00, 0x00, 
    0x00, 0x00, 0x00, 0xc0, 0x90, 0x07, 0x0d, 0x80, 0x00, 0x10, 0x00, 0x00, 
    0x00, 0x00, 0x00, 0x00, 0x00, 0x60, 0xc8, 0xa3, 0x06, 0x40, 0x00, 0x08, 
    0x00, 0x00, 0x00, 0x00, 0x00, 0x00, 0x00, 0x90, 0x05, 0x02, 0x00, 0x00, 
    0x0d, 0x00, 0x00, 0x00, 0x32, 0x1e, 0x98, 0x18, 0x19, 0x11, 0x4c, 0x90, 
    0x8c, 0x09, 0x26, 0x47, 0xc6, 0x04, 0x43, 0xda, 0x46, 0x00, 0xc8, 0x28, 
    0x81, 0x11, 0x80, 0x92, 0x28, 0x86, 0x22, 0x28, 0x83, 0x42, 0x28, 0x85, 
    0x02, 0x2a, 0x08, 0x0a, 0x66, 0x00, 0x08, 0x9e, 0x01, 0x20, 0x79, 0x06, 
    0x80, 0xea, 0x19, 0x00, 0xba, 0x67, 0x00, 0x00, 0x79, 0x18, 0x00, 0x00, 
    0x60, 0x00, 0x00, 0x00, 0x1a, 0x03, 0x4c, 0x90, 0x46, 0x02, 0x13, 0x44, 
    0x8f, 0x0c, 0x6f, 0xec, 0xed, 0x4d, 0x0c, 0x24, 0xc6, 0x05, 0xc7, 0x45, 
    0xa6, 0x06, 0xa6, 0xc6, 0x65, 0x46, 0x06, 0x04, 0x45, 0x2c, 0x06, 0xc6, 
    0x26, 0x2c, 0xc7, 0x26, 0x86, 0x2c, 0x65, 0x43, 0x10, 0x4c, 0x10, 0x0c, 
    0x6a, 0x82, 0x60, 0x54, 0x1b, 0x84, 0x81, 0x98, 0x20, 0x18, 0xd6, 0x06, 
    0x61, 0x30, 0x28, 0x8c, 0xcd, 0x4d, 0x10, 0x8c, 0x6b, 0xc3, 0x80, 0x24, 
    0xc4, 0x04, 0x01, 0x0e, 0x3e, 0x02, 0x13, 0x04, 0x03, 0xdb, 0x20, 0x10, 
    0xc6, 0x86, 0x84, 0x58, 0x18, 0x82, 0x18, 0x1a, 0xc2, 0xd9, 0x90, 0x0c, 
    0x0b, 0x43, 0x0c, 0x43, 0x43, 0x38, 0x1b, 0x92, 0x66, 0x61, 0x88, 0x66, 
    0x68, 0x08, 0x67, 0x82, 0x60, 0x64, 0x1b, 0x12, 0x69, 0x61, 0x08, 0x69, 
    0x68, 0x08, 0x67, 0x82, 0x60, 0x68, 0x1b, 0x12, 0x6a, 0x61, 0x08, 0x6a, 
    0x68, 0x08, 0x67, 0x82, 0x60, 0x6c, 0x1b, 0x12, 0x6b, 0x61, 0x08, 0x6b, 
    0x68, 0x08, 0x67, 0x83, 0xf1, 0x40, 0xd1, 0x54, 0x5d, 0x13, 0x04, 0x39, 
    0x00, 0x83, 0x09, 0xc2, 0x36, 0x6d, 0x58, 0x88, 0x8c, 0x21, 0x88, 0xa1, 
    0xd1, 0x34, 0xcd, 0xd9, 0x10, 0x6c, 0x13, 0x84, 0x3a, 0x08, 0x83, 0x09, 
    0x82, 0xc1, 0x6d, 0x40, 0x88, 0x8e, 0x21, 0x88, 0xc1, 0x03, 0x36, 0x04, 
    0xdf, 0x04, 0xe1, 0x0e, 0xc4, 0x60, 0x03, 0x42, 0x84, 0x01, 0x43, 0x10, 
    0x03, 0x01, 0x6c, 0x08, 0xc4, 0x60, 0x03, 0x81, 0x71, 0x60, 0x30, 0x06, 
    0x13, 0x84, 0x42, 0xa0, 0x31, 0x34, 0xd5, 0x14, 0x96, 0xe6, 0x36, 0x41, 
    0x30, 0xba, 0x0d, 0xc3, 0x19, 0x9c, 0xc1, 0xb0, 0x41, 0xa0, 0xd0, 0x60, 
    0x43, 0x51, 0x06, 0x66, 0x00, 0x90, 0x41, 0x1a, 0x90, 0x22, 0xc3, 0x73, 
    0x19, 0x7b, 0x73, 0xa3, 0x93, 0x7b, 0x63, 0x33, 0x63, 0x7b, 0xbb, 0x73, 
    0x41, 0x4b, 0x73, 0xa3, 0x9b, 0x5b, 0x31, 0xb0, 0xc1, 0x1a, 0x0c, 0x2b, 
    0x86, 0x36, 0x58, 0x83, 0x61, 0xc5, 0xe0, 0x06, 0x6b, 0x30, 0xac, 0x18, 
    0xde, 0x60, 0x0d, 0x86, 0x2a, 0x6c, 0x6c, 0x76, 0x6d, 0x2e, 0x69, 0x64, 
    0x65, 0x6e, 0x74, 0x53, 0x82, 0xa0, 0x0a, 0x19, 0x9e, 0x8b, 0x5d, 0x99, 
    0xdc, 0x5c, 0xda, 0x9b, 0xdb, 0x94, 0x80, 0x68, 0x42, 0x86, 0xe7, 0x62, 
    0x17, 0xc6, 0x66, 0x57, 0x26, 0x37, 0x25, 0x30, 0xea, 0x90, 0xe1, 0xb9, 
    0xcc, 0xa1, 0x85, 0x91, 0x95, 0xc9, 0x35, 0xbd, 0x91, 0x95, 0xb1, 0x4d, 
    0x09, 0x92, 0x32, 0x64, 0x78, 0x2e, 0x72, 0x65, 0x73, 0x6f, 0x75, 0x72, 
    0x63, 0x65, 0x73, 0x53, 0x82, 0x31, 0xa8, 0x43, 0x86, 0xe7, 0x52, 0xe6, 
    0x46, 0x27, 0x97, 0x07, 0xf5, 0x96, 0xe6, 0x46, 0x37, 0x37, 0x25, 0x48, 
    0x03, 0x00, 0x00, 0x00, 0x79, 0x18, 0x00, 0x00, 0x5d, 0x00, 0x00, 0x00, 
    0x33, 0x08, 0x80, 0x1c, 0xc4, 0xe1, 0x1c, 0x66, 0x14, 0x01, 0x3d, 0x88, 
    0x43, 0x38, 0x84, 0xc3, 0x8c, 0x42, 0x80, 0x07, 0x79, 0x78, 0x07, 0x73, 
    0x98, 0x71, 0x0c, 0xe6, 0x00, 0x0f, 0xed, 0x10, 0x0e, 0xf4, 0x80, 0x0e, 
    0x33, 0x0c, 0x42, 0x1e, 0xc2, 0xc1, 0x1d, 0xce, 0xa1, 0x1c, 0x66, 0x30, 
    0x05, 0x3d, 0x88, 0x43, 0x38, 0x84, 0x83, 0x1b, 0xcc, 0x03, 0x3d, 0xc8, 
    0x43, 0x3d, 0x8c, 0x03, 0x3d, 0xcc, 0x78, 0x8c, 0x74, 0x70, 0x07, 0x7b, 
    0x08, 0x07, 0x79, 0x48, 0x87, 0x70, 0x70, 0x07, 0x7a, 0x70, 0x03, 0x76, 
    0x78, 0x87, 0x70, 0x20, 0x87, 0x19, 0xcc, 0x11, 0x0e, 0xec, 0x90, 0x0e, 
    0xe1, 0x30, 0x0f, 0x6e, 0x30, 0x0f, 0xe3, 0xf0, 0x0e, 0xf0, 0x50, 0x0e, 
    0x33, 0x10, 0xc4, 0x1d, 0xde, 0x21, 0x1c, 0xd8, 0x21, 0x1d, 0xc2, 0x61, 
    0x1e, 0x66, 0x30, 0x89, 0x3b, 0xbc, 0x83, 0x3b, 0xd0, 0x43, 0x39, 0xb4, 
    0x03, 0x3c, 0xbc, 0x83, 0x3c, 0x84, 0x03, 0x3b, 0xcc, 0xf0, 0x14, 0x76, 
    0x60, 0x07, 0x7b, 0x68, 0x07, 0x37, 0x68, 0x87, 0x72, 0x68, 0x07, 0x37, 
    0x80, 0x87, 0x70, 0x90, 0x87, 0x70, 0x60, 0x07, 0x76, 0x28, 0x07, 0x76, 
    0xf8, 0x05, 0x76, 0x78, 0x87, 0x77, 0x80, 0x87, 0x5f, 0x08, 0x87, 0x71, 
    0x18, 0x87, 0x72, 0x98, 0x87, 0x79, 0x98, 0x81, 0x2c, 0xee, 0xf0, 0x0e, 
    0xee, 0xe0, 0x0e, 0xf5, 0xc0, 0x0e, 0xec, 0x30, 0x03, 0x62, 0xc8, 0xa1, 
    0x1c, 0xe4, 0xa1, 0x1c, 0xcc, 0xa1, 0x1c, 0xe4, 0xa1, 0x1c, 0xdc, 0x61, 
    0x1c, 0xca, 0x21, 0x1c, 0xc4, 0x81, 0x1d, 0xca, 0x61, 0x06, 0xd6, 0x90, 
    0x43, 0x39, 0xc8, 0x43, 0x39, 0x98, 0x43, 0x39, 0xc8, 0x43, 0x39, 0xb8, 
    0xc3, 0x38, 0x94, 0x43, 0x38, 0x88, 0x03, 0x3b, 0x94, 0xc3, 0x2f, 0xbc, 
    0x83, 0x3c, 0xfc, 0x82, 0x3b, 0xd4, 0x03, 0x3b, 0xb0, 0xc3, 0x0c, 0xc4, 
    0x21, 0x07, 0x7c, 0x70, 0x03, 0x7a, 0x28, 0x87, 0x76, 0x80, 0x87, 0x19, 
    0xd5, 0x43, 0x0e, 0xf8, 0xe0, 0x06, 0xe3, 0xf0, 0x0e, 0xee, 0x40, 0x0f, 
    0xf2, 0xf0, 0x0e, 0xec, 0x60, 0x0e, 0xec, 0xf0, 0x0e, 0xf7, 0xe0, 0x06, 
    0xe8, 0x90, 0x0e, 0xee, 0x40, 0x0f, 0xf3, 0x30, 0x43, 0x81, 0xd8, 0x81, 
    0x1d, 0xec, 0xa1, 0x1d, 0xdc, 0x80, 0x1d, 0xde, 0xe1, 0x1d, 0xe0, 0x61, 
    0x46, 0x14, 0x91, 0x03, 0x3e, 0xb8, 0x01, 0x39, 0x88, 0xc3, 0x39, 0xb8, 
    0x81, 0x3d, 0x84, 0x83, 0x3c, 0xb0, 0x43, 0x38, 0xe4, 0xc3, 0x3b, 0xd4, 
    0x03, 0x3d, 0xcc, 0x60, 0x24, 0x72, 0xc0, 0x07, 0x37, 0x10, 0x07, 0x79, 
    0x28, 0x87, 0x70, 0x58, 0x07, 0x37, 0x10, 0x07, 0x79, 0x00, 0x00, 0x00, 
    0x71, 0x20, 0x00, 0x00, 0x5c, 0x00, 0x00, 0x00, 0x15, 0x60, 0x07, 0x81, 
    0xdf, 0xf9, 0x4b, 0x2c, 0xbb, 0xdf, 0xe9, 0x79, 0x99, 0x3c, 0x7c, 0xb3, 
    0xdf, 0x72, 0x20, 0x70, 0x06, 0x0d, 0x66, 0x61, 0x4d, 0x20, 0x89, 0x34, 
    0x0c, 0x5a, 0x7f, 0x24, 0x7b, 0x79, 0x4c, 0x7f, 0xcb, 0x81, 0x4d, 0x12, 
    0x6c, 0x06, 0x04, 0x06, 0x5d, 0x76, 0x57, 0x8c, 0x9c, 0x6e, 0x17, 0x40, 
    0x1c, 0x04, 0x7e, 0xe7, 0xaf, 0x34, 0x7c, 0x1f, 0xbe, 0xd9, 0x6f, 0x39, 
    0x10, 0x38, 0x83, 0x06, 0xb3, 0xb0, 0x26, 0x90, 0x44, 0x1a, 0x06, 0xad, 
    0x3f, 0x92, 0xbd, 0x3c, 0xa6, 0xbf, 0xe5, 0xc0, 0x26, 0x09, 0x36, 0x03, 
    0x02, 0x83, 0x2e, 0xbb, 0x2b, 0x46, 0x4e, 0xb7, 0x4d, 0xc0, 0xe0, 0x58, 
    0x13, 0x40, 0x1a, 0x5b, 0x68, 0x86, 0xcb, 0x77, 0x1e, 0x3f, 0x00, 0xa2, 
    0x08, 0x21, 0x22, 0x43, 0x80, 0x86, 0xcb, 0x77, 0x1e, 0x3f, 0x40, 0x1a, 
    0x20, 0xc2, 0xfc, 0xe2, 0xb6, 0x4d, 0x01, 0x1a, 0x2e, 0xdf, 0x79, 0xfc, 
    0x00, 0x69, 0x80, 0x08, 0xf3, 0x91, 0xdb, 0xb6, 0x88, 0x6d, 0xb8, 0x7c, 
    0xe7, 0xf1, 0x85, 0x80, 0x2a, 0x0a, 0x22, 0x2a, 0x1d, 0x60, 0x28, 0x09, 
    0x03, 0x10, 0x30, 0xbf, 0xb8, 0x6d, 0x83, 0xd8, 0x86, 0xcb, 0x77, 0x1e, 
    0x5f, 0x08, 0xa8, 0xa2, 0x20, 0xa2, 0xd2, 0x01, 0x86, 0x92, 0x30, 0x00, 
    0x01, 0xf3, 0x91, 0xdb, 0x36, 0x09, 0x69, 0xb8, 0x7c, 0xe7, 0xf1, 0x85, 
    0x88, 0x00, 0x26, 0x22, 0x04, 0x9a, 0x61, 0x21, 0xec, 0xc1, 0x19, 0x2e, 
    0xdf, 0x79, 0xfc, 0xc1, 0x99, 0x6c, 0xbf, 0xb8, 0x6d, 0x6b, 0x70, 0x86, 
    0xcb, 0x77, 0x1e, 0x7f, 0x70, 0xa6, 0xdb, 0x2f, 0x6e, 0xdb, 0x1c, 0x9c, 
    0xe1, 0xf2, 0x9d, 0xc7, 0x1f, 0x9c, 0x09, 0xf7, 0x8b, 0xdb, 0xb6, 0x81, 
    0x68, 0xb8, 0x7c, 0xe7, 0xf1, 0x8d, 0xc8, 0xa1, 0x1e, 0x71, 0xf0, 0x91, 
    0xdb, 0x36, 0x06, 0x6c, 0xb8, 0x7c, 0xe7, 0xf1, 0x11, 0x89, 0x7d, 0x08, 
    0x01, 0x01, 0x96, 0x6f, 0x71, 0x80, 0xc9, 0x2f, 0x6e, 0xdb, 0x0a, 0xaa, 
    0xe1, 0xf2, 0x9d, 0xc7, 0x97, 0x00, 0xe6, 0x59, 0x88, 0x92, 0xa8, 0x88, 
    0xc5, 0x2f, 0x6e, 0xdb, 0x0c, 0xaa, 0xe1, 0xf2, 0x9d, 0xc7, 0x9f, 0x88, 
    0x6b, 0xa2, 0x22, 0xa2, 0x74, 0x80, 0xc1, 0x2f, 0x6e, 0xdb, 0x0e, 0xac, 
    0xe1, 0xf2, 0x9d, 0xc7, 0x9f, 0x88, 0x6b, 0xa2, 0x22, 0x82, 0x9d, 0x9c, 
    0x88, 0xf0, 0x8b, 0xdb, 0x36, 0x82, 0x6c, 0xb8, 0x7c, 0xe7, 0xf1, 0xa7, 
    0x23, 0x22, 0x80, 0x41, 0x1c, 0xc4, 0x06, 0x8c, 0x1c, 0xea, 0xf1, 0x91, 
    0xdb, 0xb6, 0x84, 0x67, 0xb8, 0x7c, 0xe7, 0xf1, 0xa9, 0x06, 0x88, 0x30, 
    0xbf, 0xb8, 0x6d, 0x00, 0x61, 0x20, 0x00, 0x00, 0x36, 0x12, 0x00, 0x00, 
    0x13, 0x04, 0x64, 0x11, 0x0b, 0x04, 0x00, 0x00, 0x6e, 0x00, 0x00, 0x00, 
    0xa4, 0x14, 0x41, 0x19, 0x94, 0xc0, 0x08, 0x40, 0x79, 0x90, 0x51, 0x80, 
    0x80, 0x58, 0x05, 0x08, 0x88, 0x54, 0x80, 0x80, 0x38, 0x05, 0x08, 0x88, 
    0x52, 0x80, 0x80, 0x18, 0x05, 0x08, 0x88, 0xff, 0x50, 0x80, 0x80, 0x08, 
    0xc5, 0x57, 0xa0, 0x01, 0x05, 0x28, 0x50, 0x80, 0x01, 0x05, 0x53, 0x03, 
    0x55, 0x50, 0xbe, 0x01, 0xc5, 0x1b, 0x50, 0x6c, 0x05, 0x57, 0x9e, 0x02, 
    0xc5, 0x54, 0x4a, 0x65, 0x57, 0x0e, 0xe5, 0x56, 0x86, 0x01, 0x25, 0x57, 
    0x84, 0x01, 0x85, 0x31, 0x03, 0x50, 0x14, 0x85, 0x54, 0x46, 0x04, 0x8c, 
    0x11, 0xb0, 0x61, 0x5a, 0x8b, 0xe1, 0x30, 0x46, 0xf0, 0xb2, 0x28, 0x0a, 
    0x87, 0xc1, 0x18, 0x41, 0xa8, 0xf2, 0x71, 0x1c, 0x0e, 0x63, 0x04, 0xa1, 
    0x9a, 0xea, 0x66, 0x18, 0x8c, 0x11, 0xac, 0x2a, 0x6b, 0xef, 0xde, 0x18, 
    0x41, 0xcd, 0xee, 0x38, 0x08, 0x06, 0x63, 0x04, 0x35, 0xeb, 0xd7, 0x29, 
    0x18, 0x8c, 0x11, 0x98, 0x6f, 0x5f, 0xda, 0xe0, 0x30, 0x46, 0x10, 0xf6, 
    0x77, 0x8c, 0x82, 0xc1, 0x18, 0x01, 0xcf, 0x97, 0xea, 0x08, 0x06, 0x63, 
    0x04, 0x28, 0xdf, 0xd3, 0xbd, 0x37, 0x46, 0x90, 0xae, 0x31, 0x4d, 0x83, 
    0xc1, 0x18, 0x01, 0x09, 0xd6, 0xe4, 0x19, 0x0e, 0x63, 0x04, 0x7d, 0xeb, 
    0xe6, 0x6d, 0x18, 0x8c, 0x11, 0x90, 0xf3, 0x7c, 0xae, 0xe1, 0x30, 0x46, 
    0x70, 0xa7, 0x72, 0xdd, 0x83, 0xc1, 0x18, 0x01, 0xab, 0xb2, 0x67, 0x0a, 
    0x06, 0x63, 0x04, 0x2c, 0xed, 0xd7, 0xe0, 0x37, 0x46, 0xe0, 0xf6, 0xb1, 
    0x68, 0x7e, 0x63, 0x04, 0x73, 0xce, 0x9a, 0xeb, 0x2f, 0x8c, 0x11, 0xf0, 
    0xe5, 0x59, 0x82, 0x60, 0x30, 0x46, 0xa0, 0xe2, 0xf5, 0x29, 0xfe, 0xc2, 
    0x18, 0x01, 0x08, 0x82, 0xa0, 0x0a, 0x06, 0x63, 0x04, 0x70, 0xdd, 0xbf, 
    0xf8, 0x37, 0x46, 0x30, 0xee, 0x29, 0xfb, 0x7f, 0x63, 0x04, 0xec, 0x4b, 
    0xc3, 0xe3, 0x2f, 0x8c, 0x11, 0xa8, 0x78, 0x7d, 0x8a, 0xde, 0x18, 0xc1, 
    0x8d, 0xb7, 0x63, 0xcb, 0xcd, 0x00, 0x8c, 0x11, 0x80, 0x20, 0x08, 0xc2, 
    0xdf, 0x18, 0x81, 0xce, 0x9a, 0x73, 0xfa, 0x8d, 0x11, 0xbc, 0x34, 0xbc, 
    0x9e, 0xde, 0x18, 0x81, 0x8a, 0xd7, 0xa7, 0xea, 0x8d, 0x11, 0xf4, 0x7d, 
    0xcb, 0xe2, 0xda, 0x18, 0x81, 0xfe, 0xee, 0xb7, 0xd9, 0x8d, 0x11, 0xbc, 
    0x33, 0x69, 0xc2, 0xdd, 0x18, 0x01, 0x08, 0x82, 0x20, 0x09, 0x06, 0x63, 
    0x04, 0x23, 0x3d, 0xb7, 0x6a, 0x37, 0x46, 0x60, 0xde, 0x27, 0x19, 0x7b, 
    0x63, 0x04, 0x3c, 0xa9, 0x8b, 0xe4, 0x37, 0x46, 0x80, 0xf6, 0x60, 0xdf, 
    0x7e, 0x63, 0x04, 0xe3, 0x0f, 0xf2, 0xa7, 0x37, 0x46, 0x00, 0xd7, 0xfd, 
    0x8b, 0x7e, 0x63, 0x04, 0x20, 0x08, 0x82, 0x20, 0x18, 0x8c, 0x11, 0xe0, 
    0xec, 0x7d, 0xe6, 0xde, 0x18, 0x41, 0xae, 0x97, 0xee, 0xfc, 0x8d, 0x11, 
    0xc0, 0x3e, 0x3b, 0x97, 0xdf, 0x18, 0xc1, 0x3b, 0x93, 0x26, 0xda, 0x8d, 
    0x11, 0x80, 0xe0, 0xfd, 0xdf, 0x63, 0x30, 0x46, 0x00, 0x82, 0x20, 0x88, 
    0x7f, 0x63, 0x04, 0x20, 0x08, 0x82, 0x28, 0x18, 0x8c, 0x11, 0x80, 0xa0, 
    0xbe, 0xdf, 0x63, 0x30, 0x02, 0x00, 0x00, 0x00, 0x23, 0x06, 0x09, 0x00, 
    0x82, 0x60, 0xa0, 0x06, 0xeb, 0xc0, 0x07, 0xb8, 0x80, 0x0e, 0xe8, 0xa0, 
    0x0e, 0x23, 0x06, 0x09, 0x00, 0x82, 0x60, 0xa0, 0x06, 0xec, 0xd0, 0x07, 
    0xb8, 0x30, 0x0e, 0xe3, 0xb0, 0x0e, 0x23, 0x06, 0x09, 0x00, 0x82, 0x60, 
    0xa0, 0x06, 0xed, 0xe0, 0x07, 0xb9, 0x50, 0x0e, 0xe5, 0xc0, 0x0e, 0x23, 
    0x06, 0x09, 0x00, 0x82, 0x60, 0xa0, 0x06, 0xee, 0xf0, 0x07, 0xba, 0x70, 
    0x0e, 0xe7, 0xd0, 0x0e, 0x23, 0x06, 0x09, 0x00, 0x82, 0x60, 0xa0, 0x06, 
    0xef, 0x00, 0x0a, 0xbb, 0x90, 0x0e, 0xe9, 0xe0, 0x0e, 0x23, 0x06, 0x09, 
    0x00, 0x82, 0x60, 0xa0, 0x06, 0xf0, 0x10, 0x0a, 0xbc, 0xe0, 0x0e, 0xee, 
    0xf0, 0x0e, 0x23, 0x06, 0x09, 0x00, 0x82, 0x60, 0xa0, 0x06, 0xf1, 0x20, 
    0x0a, 0xbd, 0xe0, 0x0e, 0xee, 0x00, 0x0f, 0x23, 0x06, 0x09, 0x00, 0x82, 
    0x60, 0xa0, 0x06, 0xf2, 0x30, 0x0a, 0xe0, 0xf0, 0x0e, 0xef, 0x10, 0x0f, 
    0x23, 0x06, 0x09, 0x00, 0x82, 0x60, 0xa0, 0x06, 0xf3, 0x40, 0x0a, 0xe2, 
    0x00, 0x0f, 0xf0, 0x20, 0x0f, 0x23, 0x06, 0x06, 0x00, 0x82, 0x60, 0x70, 
    0x8c, 0xc4, 0x2b, 0xc4, 0xc3, 0x88, 0x81, 0x01, 0x80, 0x20, 0x18, 0x1c, 
    0x24, 0x01, 0x0b, 0xf3, 0x30, 0x62, 0x60, 0x00, 0x20, 0x08, 0x06, 0x07, 
    0x49, 0xc8, 0xc2, 0x3c, 0x8c, 0x18, 0x18, 0x00, 0x08, 0x82, 0xc1, 0x51, 
    0x12, 0xb3, 0x50, 0x0f, 0x45, 0xc4, 0xc3, 0x15, 0x21, 0x0f, 0x57, 0x84, 
    0x00, 0x45, 0x08, 0x70, 0x02, 0x50, 0x27, 0x00, 0x65, 0xc2, 0x1a, 0xc0, 
    0xc7, 0x04, 0x36, 0x80, 0xcf, 0x88, 0xc1, 0x01, 0x80, 0x20, 0x18, 0xa0, 
    0x41, 0x48, 0xd4, 0x42, 0xd3, 0x0f, 0xa3, 0x09, 0x81, 0x30, 0x9a, 0x20, 
    0x0c, 0x56, 0x08, 0xf2, 0xb1, 0x42, 0x90, 0xcf, 0x68, 0x42, 0x01, 0x0c, 
    0x47, 0x28, 0x01, 0xf1, 0x8d, 0x26, 0x1c, 0xc1, 0x70, 0xc4, 0x12, 0x10, 
    0x5f, 0x0d, 0x81, 0x8e, 0x18, 0x1c, 0x00, 0x08, 0x82, 0x41, 0x19, 0xb0, 
    0xc4, 0x2f, 0x5c, 0x28, 0x31, 0x9a, 0x10, 0x04, 0x15, 0xa8, 0x84, 0x0e, 
    0x37, 0x04, 0x2a, 0x11, 0x06, 0x65, 0xad, 0x03, 0x94, 0xc5, 0x0e, 0x50, 
    0x59, 0x4a, 0x5c, 0x05, 0x1b, 0x5c, 0x63, 0xd0, 0x31, 0x06, 0x95, 0x20, 
    0x0f, 0x50, 0xc2, 0x3c, 0xc0, 0x70, 0x43, 0xe1, 0x0e, 0x62, 0x50, 0x81, 
    0xb2, 0xb3, 0x0c, 0x5f, 0x10, 0xd4, 0x71, 0x0e, 0x55, 0x08, 0x3a, 0x4c, 
    0x09, 0x0c, 0x94, 0xc0, 0xc0, 0x88, 0xc1, 0x01, 0x80, 0x20, 0x18, 0x5c, 
    0x64, 0x21, 0x0f, 0x42, 0x4e, 0x8c, 0x18, 0x1c, 0x00, 0x08, 0x82, 0xc1, 
    0x55, 0x16, 0xf3, 0x20, 0xe8, 0xc4, 0x88, 0xc1, 0x01, 0x80, 0x20, 0x18, 
    0x5c, 0x66, 0x51, 0x0f, 0x82, 0x32, 0x62, 0x70, 0x00, 0x20, 0x08, 0x06, 
    0xd7, 0x59, 0xd8, 0x83, 0xa0, 0x54, 0x85, 0x13, 0x3a, 0xdc, 0x10, 0xf8, 
    0x04, 0x18, 0xcc, 0x32, 0x08, 0x47, 0x30, 0x62, 0xd0, 0x00, 0x20, 0x08, 
    0x06, 0x8f, 0x5b, 0xc8, 0x83, 0x1c, 0xfc, 0x04, 0x31, 0xc0, 0x03, 0x3c, 
    0xc0, 0x03, 0x3c, 0x8c, 0x26, 0x04, 0xc0, 0x68, 0x82, 0x10, 0x8c, 0x26, 
    0x0c, 0xc2, 0x88, 0x81, 0x01, 0x80, 0x20, 0x18, 0x70, 0x6c, 0x31, 0x0f, 
    0xc3, 0x88, 0x81, 0x01, 0x80, 0x20, 0x18, 0x70, 0x6d, 0x41, 0x0f, 0xc3, 
    0x88, 0x81, 0x01, 0x80, 0x20, 0x18, 0x70, 0x6e, 0x51, 0x0f, 0x43, 0x0d, 
    0x82, 0x56, 0x20, 0xe8, 0x2c, 0xc3, 0x40, 0x04, 0x23, 0x06, 0x07, 0x00, 
    0x82, 0x60, 0x30, 0xd5, 0x85, 0x3d, 0x20, 0xa1, 0x30, 0x62, 0x70, 0x00, 
    0x20, 0x08, 0x06, 0x93, 0x5d, 0xdc, 0x03, 0x22, 0x0a, 0x23, 0x06, 0x07, 
    0x00, 0x82, 0x60, 0x30, 0xdd, 0x05, 0x3e, 0x20, 0xa3, 0x30, 0x62, 0x70, 
    0x00, 0x20, 0x08, 0x06, 0x13, 0x5e, 0xe8, 0xc3, 0x60, 0x0a, 0x23, 0x06, 
    0x07, 0x00, 0x82, 0x60, 0x30, 0xe5, 0xc5, 0x3e, 0x0c, 0xa7, 0x30, 0x62, 
    0x70, 0x00, 0x20, 0x08, 0x06, 0x93, 0x5e, 0xf0, 0xc3, 0x80, 0x0a, 0xb3, 
    0x04, 0xc4, 0x40, 0x05, 0x60, 0x0c, 0x2e, 0x21, 0x0c, 0x54, 0x00, 0xc6, 
    0x00, 0x13, 0xc2, 0x40, 0x05, 0x60, 0x0c, 0x32, 0x21, 0x8c, 0x18, 0x34, 
    0x00, 0x08, 0x82, 0xc1, 0x03, 0x1a, 0x24, 0x31, 0x0a, 0x71, 0x61, 0x55, 
    0x22, 0x21, 0x12, 0x22, 0x21, 0x12, 0xa3, 0x09, 0x01, 0x30, 0x9a, 0x20, 
    0x04, 0xa3, 0x09, 0x83, 0x30, 0x62, 0x60, 0x00, 0x20, 0x08, 0x06, 0x9c, 
    0x5f, 0x94, 0xc4, 0x30, 0x62, 0x60, 0x00, 0x20, 0x08, 0x06, 0xdc, 0x5f, 
    0x98, 0xc4, 0x30, 0x62, 0x60, 0x00, 0x20, 0x08, 0x06, 0x1c, 0x68, 0x9c, 
    0xc4, 0x50, 0x83, 0xa0, 0x15, 0x08, 0x3a, 0xcb, 0x50, 0x18, 0xc1, 0x88, 
    0xc1, 0x01, 0x80, 0x20, 0x18, 0x4c, 0xa7, 0x81, 0x12, 0xc8, 0x2c, 0x8c, 
    0x18, 0x1c, 0x00, 0x08, 0x82, 0xc1, 0x84, 0x1a, 0x29, 0x81, 0xd0, 0xc2, 
    0x88, 0xc1, 0x01, 0x80, 0x20, 0x18, 0x4c, 0xa9, 0xa1, 0x12, 0x48, 0x2d, 
    0x8c, 0x18, 0x1c, 0x00, 0x08, 0x82, 0xc1, 0xa4, 0x1a, 0x2c, 0x31, 0xdc, 
    0xc2, 0x88, 0xc1, 0x01, 0x80, 0x20, 0x18, 0x4c, 0xab, 0xd1, 0x12, 0x03, 
    0x2e, 0x8c, 0x18, 0x1c, 0x00, 0x08, 0x82, 0xc1, 0xc4, 0x1a, 0x2e, 0x31, 
    0xe4, 0xc2, 0x2c, 0x81, 0x31, 0x50, 0x01, 0x18, 0x85, 0x5c, 0x10, 0x03, 
    0x15, 0x80, 0x51, 0xd0, 0x05, 0x31, 0x50, 0x01, 0x18, 0x85, 0x5d, 0x10, 
    0x36, 0x54, 0xf2, 0xb1, 0xa1, 0x92, 0x8f, 0x0d, 0x95, 0x7c, 0x66, 0x09, 
    0xa0, 0x11, 0x83, 0x06, 0x00, 0x41, 0x30, 0x78, 0x6a, 0x23, 0x27, 0x70, 
    0xc1, 0x34, 0xd6, 0x40, 0x0d, 0x6e, 0xe2, 0x26, 0x6e, 0xe2, 0x26, 0x46, 
    0x13, 0x02, 0x60, 0x34, 0x41, 0x08, 0x46, 0x13, 0x06, 0x61, 0xc4, 0xc0, 
    0x00, 0x40, 0x10, 0x0c, 0xb8, 0xd9, 0xd0, 0x89, 0x61, 0xc4, 0xc0, 0x00, 
    0x40, 0x10, 0x0c, 0x38, 0xda, 0xd8, 0x89, 0x61, 0xc4, 0xc0, 0x00, 0x40, 
    0x10, 0x0c, 0xb8, 0xda, 0xe0, 0x89, 0xa1, 0x06, 0x41, 0x2b, 0x10, 0x74, 
    0x96, 0x01, 0x49, 0x82, 0x11, 0x83, 0x03, 0x00, 0x41, 0x30, 0x98, 0x78, 
    0xa3, 0x27, 0x10, 0x74, 0x18, 0x31, 0x38, 0x00, 0x10, 0x04, 0x83, 0xa9, 
    0x37, 0x7c, 0x02, 0x49, 0x87, 0x11, 0x83, 0x03, 0x00, 0x41, 0x30, 0x98, 
    0x7c, 0xe3, 0x27, 0x10, 0x75, 0x18, 0x31, 0x38, 0x00, 0x10, 0x04, 0x83, 
    0xe9, 0x37, 0xc2, 0x62, 0x60, 0x87, 0x11, 0x83, 0x03, 0x00, 0x41, 0x30, 
    0x98, 0xc0, 0x43, 0x2c, 0x86, 0x76, 0x18, 0x31, 0x38, 0x00, 0x10, 0x04, 
    0x83, 0x29, 0x3c, 0xc6, 0x62, 0x70, 0x87, 0x59, 0x82, 0x64, 0xa0, 0x02, 
    0x30, 0x10, 0xde, 0x38, 0x06, 0x2a, 0x00, 0x03, 0xf1, 0x8d, 0x63, 0xa0, 
    0x02, 0x30, 0x10, 0xf0, 0x38, 0x46, 0x0c, 0x1a, 0x00, 0x04, 0xc1, 0xe0, 
    0x39, 0x8f, 0xb5, 0x60, 0x07, 0xdc, 0xe8, 0x03, 0x3e, 0x48, 0x8b, 0xb4, 
    0x48, 0x8b, 0xb4, 0x18, 0x4d, 0x08, 0x80, 0xd1, 0x04, 0x21, 0x18, 0x4d, 
    0x18, 0x84, 0x11, 0x03, 0x03, 0x00, 0x41, 0x30, 0xe0, 0xca, 0x83, 0x2d, 
    0x86, 0x11, 0x03, 0x03, 0x00, 0x41, 0x30, 0xe0, 0xcc, 0xa3, 0x2d, 0x86, 
    0x11, 0x03, 0x03, 0x00, 0x41, 0x30, 0xe0, 0xce, 0xc3, 0x2d, 0x86, 0x1a, 
    0x04, 0xad, 0x40, 0xd0, 0x59, 0x06, 0x65, 0x09, 0x46, 0x0c, 0x0e, 0x00, 
    0x04, 0xc1, 0x60, 0x72, 0x8f, 0xb7, 0x40, 0xf4, 0x61, 0xc4, 0xe0, 0x00, 
    0x40, 0x10, 0x0c, 0xa6, 0xf7, 0x80, 0x0b, 0x64, 0x1f, 0x46, 0x0c, 0x0e, 
    0x00, 0x04, 0xc1, 0x60, 0x82, 0x8f, 0xb8, 0x40, 0xf8, 0x61, 0xc4, 0xe0, 
    0x00, 0x40, 0x10, 0x0c, 0xa6, 0xf8, 0x98, 0x8b, 0xc1, 0x1f, 0x46, 0x0c, 
    0x0e, 0x00, 0x04, 0xc1, 0x60, 0x92, 0x0f, 0xba, 0x18, 0xfe, 0x61, 0xc4, 
    0xe0, 0x00, 0x40, 0x10, 0x0c, 0xa6, 0xf9, 0xa8, 0x8b, 0x01, 0x24, 0x66, 
    0x09, 0x96, 0x81, 0x0a, 0xc0, 0x50, 0x40, 0x24, 0x19, 0xa8, 0x00, 0x0c, 
    0x45, 0x44, 0x92, 0x81, 0x0a, 0xc0, 0x50, 0x48, 0x24, 0x19, 0x31, 0x68, 
    0x00, 0x10, 0x04, 0x83, 0x27, 0x3f, 0xfa, 0xa2, 0x1f, 0xd4, 0xe3, 0x15, 
    0x5c, 0x61, 0x2f, 0xf6, 0x62, 0x2f, 0xf6, 0x62, 0x34, 0x21, 0x00, 0x46, 
    0x13, 0x84, 0x60, 0x34, 0x61, 0x10, 0x46, 0x0c, 0x0c, 0x00, 0x04, 0xc1, 
    0x80, 0xbb, 0x0f, 0xbf, 0x18, 0x46, 0x0c, 0x0c, 0x00, 0x04, 0xc1, 0x80, 
    0xc3, 0x8f, 0xbf, 0x18, 0x46, 0x0c, 0x0c, 0x00, 0x04, 0xc1, 0x80, 0xcb, 
    0x0f, 0xd0, 0x18, 0x6a, 0x10, 0xb4, 0x02, 0x41, 0x67, 0x19, 0x98, 0x26, 
    0x18, 0x31, 0x38, 0x00, 0x10, 0x04, 0x83, 0x09, 0x44, 0x42, 0x03, 0x61, 
    0x89, 0x11, 0x83, 0x03, 0x00, 0x41, 0x30, 0x98, 0x42, 0x44, 0x34, 0x90, 
    0x96, 0x18, 0x31, 0x38, 0x00, 0x10, 0x04, 0x83, 0x49, 0x44, 0x46, 0x03, 
    0x71, 0x89, 0x11, 0x83, 0x03, 0x00, 0x41, 0x30, 0x98, 0x46, 0xa4, 0x34, 
    0x86, 0x98, 0x18, 0x31, 0x38, 0x00, 0x10, 0x04, 0x83, 0x89, 0x44, 0x4c, 
    0x63, 0x90, 0x89, 0x11, 0x83, 0x03, 0x00, 0x41, 0x30, 0x98, 0x4a, 0xe4, 
    0x34, 0x86, 0x99, 0x98, 0x25, 0x68, 0x06, 0x2a, 0x00, 0x83, 0x21, 0x93, 
    0x65, 0xa0, 0x02, 0x30, 0x18, 0x33, 0x59, 0x06, 0x2a, 0x00, 0x83, 0x41, 
    0x93, 0x65, 0xc4, 0xa0, 0x01, 0x40, 0x10, 0x0c, 0x9e, 0x15, 0x79, 0x8d, 
    0x98, 0xe0, 0x8f, 0x70, 0x00, 0x87, 0xd6, 0x68, 0x8d, 0xd6, 0x68, 0x8d, 
    0xd1, 0x84, 0x00, 0x18, 0x4d, 0x10, 0x82, 0xd1, 0x84, 0x41, 0x18, 0x31, 
    0x30, 0x00, 0x10, 0x04, 0x03, 0x2e, 0x45, 0x60, 0x63, 0x18, 0x31, 0x30, 
    0x00, 0x10, 0x04, 0x03, 0x4e, 0x45, 0x62, 0x63, 0x18, 0x31, 0x30, 0x00, 
    0x10, 0x04, 0x03, 0x6e, 0x45, 0x64, 0x63, 0xa8, 0x41, 0xd0, 0x0a, 0x04, 
    0x9d, 0x65, 0x70, 0x9e, 0x60, 0xc4, 0xe0, 0x00, 0x40, 0x10, 0x0c, 0x26, 
    0x19, 0x99, 0x0d, 0xc4, 0x27, 0x46, 0x0c, 0x0e, 0x00, 0x04, 0xc1, 0x60, 
    0x9a, 0x11, 0xda, 0x40, 0x7e, 0x62, 0xc4, 0xe0, 0x00, 0x40, 0x10, 0x0c, 
    0x26, 0x1a, 0xa9, 0x0d, 0x04, 0x2c, 0x46, 0x0c, 0x0e, 0x00, 0x04, 0xc1, 
    0x60, 0xaa, 0x91, 0xdb, 0x18, 0xc6, 0x62, 0xc4, 0xe0, 0x00, 0x40, 0x10, 
    0x0c, 0x26, 0x1b, 0xc1, 0x8d, 0x81, 0x2c, 0x46, 0x0c, 0x0e, 0x00, 0x04, 
    0xc1, 0x60, 0xba, 0x91, 0xdc, 0x18, 0xca, 0x62, 0x96, 0xe0, 0x19, 0xa8, 
    0x00, 0x0c, 0x07, 0x55, 0x9a, 0x81, 0x0a, 0xc0, 0x70, 0x54, 0xa5, 0x19, 
    0xa8, 0x00, 0x0c, 0x87, 0x55, 0x1a, 0x1b, 0x2a, 0xf8, 0xd8, 0x50, 0xc1, 
    0xc7, 0x86, 0x0a, 0x3e, 0x86, 0xf1, 0x81, 0x7c, 0x0c, 0xe3, 0x03, 0xf9, 
    0x18, 0xc6, 0x07, 0xf2, 0xb1, 0xa4, 0x0d, 0xe4, 0x63, 0x49, 0x1b, 0xc8, 
    0xc7, 0x92, 0x36, 0x90, 0x8f, 0x0d, 0x06, 0x7c, 0x6c, 0x30, 0xe0, 0x63, 
    0x83, 0x01, 0x9f, 0x59, 0x02, 0x68, 0xa0, 0x02, 0x30, 0x1e, 0xb7, 0x30, 
    0x06, 0x2a, 0x00, 0xe3, 0x71, 0x0b, 0x63, 0xa0, 0x02, 0x30, 0x1e, 0xb7, 
    0x30, 0x06, 0x2a, 0x00, 0xef, 0xf1, 0x0d, 0x63, 0xa0, 0x02, 0xf0, 0x1e, 
    0xdf, 0x30, 0x06, 0x2a, 0x00, 0xef, 0xf1, 0x0d, 0x63, 0xc4, 0xa0, 0x01, 
    0x40, 0x10, 0x0c, 0x9e, 0x37, 0x99, 0x0f, 0xbb, 0x00, 0x93, 0x92, 0x20, 
    0x89, 0xf8, 0x88, 0x8f, 0xf8, 0x88, 0x8f, 0xd1, 0x84, 0x00, 0x18, 0x4d, 
    0x10, 0x82, 0xd1, 0x84, 0x41, 0x18, 0x31, 0x30, 0x00, 0x10, 0x04, 0x03, 
    0xae, 0x4d, 0xe8, 0x63, 0x18, 0x31, 0x30, 0x00, 0x10, 0x04, 0x03, 0xce, 
    0x4d, 0xea, 0x63, 0x18, 0x31, 0x30, 0x00, 0x10, 0x04, 0x03, 0xee, 0x4d, 
    0xec, 0x63, 0xa8, 0x41, 0xd0, 0x0a, 0x04, 0x9d, 0x65, 0x88, 0xa4, 0x60, 
    0xc4, 0xe0, 0x00, 0x40, 0x10, 0x0c, 0x26, 0x3b, 0xb9, 0x0f, 0x44, 0x34, 
    0x46, 0x0c, 0x0e, 0x00, 0x04, 0xc1, 0x60, 0xba, 0x13, 0xfc, 0x40, 0x46, 
    0x63, 0xc4, 0xe0, 0x00, 0x40, 0x10, 0x0c, 0x26, 0x3c, 0xc9, 0x0f, 0x84, 
    0x34, 0x46, 0x0c, 0x0e, 0x00, 0x04, 0xc1, 0x60, 0xca, 0x93, 0xfd, 0x18, 
    0x4c, 0x63, 0xc4, 0xe0, 0x00, 0x40, 0x10, 0x0c, 0x26, 0x3d, 0xe1, 0x8f, 
    0xe1, 0x34, 0x46, 0x0c, 0x0e, 0x00, 0x04, 0xc1, 0x60, 0xda, 0x93, 0xfe, 
    0x18, 0x50, 0x63, 0x96, 0x40, 0x1a, 0xa8, 0x00, 0x8c, 0x08, 0x66, 0xa0, 
    0x81, 0x0a, 0xc0, 0x88, 0x64, 0x06, 0x1a, 0xa8, 0x00, 0x8c, 0x88, 0x66, 
    0x20, 0x1b, 0x30, 0xf8, 0xd8, 0x80, 0xc1, 0xc7, 0x06, 0x0c, 0x3e, 0x23, 
    0x06, 0x06, 0x00, 0x82, 0x60, 0xc0, 0xf9, 0x49, 0x89, 0x0c, 0x23, 0x06, 
    0x06, 0x00, 0x82, 0x60, 0xc0, 0xfd, 0x89, 0x89, 0x0c, 0x23, 0x06, 0x06, 
    0x00, 0x82, 0x60, 0xc0, 0x81, 0xca, 0x89, 0x0c, 0x35, 0x08, 0x5a, 0x81, 
    0xa0, 0xb3, 0x0c, 0x13, 0x15, 0x8c, 0x18, 0x1c, 0x00, 0x08, 0x82, 0xc1, 
    0x74, 0x2a, 0x28, 0x82, 0xcc, 0xc6, 0x88, 0xc1, 0x01, 0x80, 0x20, 0x18, 
    0x4c, 0xa8, 0x92, 0x22, 0x08, 0x6d, 0x8c, 0x18, 0x1c, 0x00, 0x08, 0x82, 
    0xc1, 0x94, 0x2a, 0x2a, 0x82, 0xd4, 0xc6, 0x88, 0xc1, 0x01, 0x80, 0x20, 
    0x18, 0x4c, 0xaa, 0xc2, 0x22, 0xc3, 0x6d, 0x8c, 0x18, 0x1c, 0x00, 0x08, 
    0x82, 0xc1, 0xb4, 0x2a, 0x2d, 0x32, 0xe0, 0xc6, 0x88, 0xc1, 0x01, 0x80, 
    0x20, 0x18, 0x4c, 0xac, 0xe2, 0x22, 0x43, 0x6e, 0xcc, 0x12, 0x50, 0x03, 
    0x15, 0x80, 0x31, 0xc9, 0x8d, 0x34, 0x50, 0x01, 0x18, 0x13, 0xdd, 0x48, 
    0x03, 0x15, 0x80, 0x31, 0xd9, 0x8d, 0x34, 0x62, 0xd0, 0x00, 0x20, 0x08, 
    0x06, 0x8f, 0xac, 0xd8, 0x88, 0x6e, 0x8c, 0x0a, 0x5a, 0x9c, 0x05, 0x8d, 
    0xd0, 0x08, 0x8d, 0xd0, 0xc8, 0x68, 0x42, 0x00, 0x8c, 0x26, 0x08, 0xc1, 
    0x68, 0xc2, 0x20, 0x8c, 0x18, 0x18, 0x00, 0x08, 0x82, 0x01, 0x07, 0x2b, 
    0x37, 0x32, 0x8c, 0x18, 0x18, 0x00, 0x08, 0x82, 0x01, 0x17, 0x2b, 0x38, 
    0x32, 0x8c, 0x18, 0x18, 0x00, 0x08, 0x82, 0x01, 0x27, 0x2b, 0x39, 0x32, 
    0xd4, 0x20, 0x68, 0x05, 0x82, 0xce, 0x32, 0x54, 0x56, 0x30, 0x62, 0x70, 
    0x00, 0x20, 0x08, 0x06, 0x53, 0xae, 0xe8, 0x08, 0x52, 0x1e, 0x23, 0x06, 
    0x07, 0x00, 0x82, 0x60, 0x30, 0xe9, 0xca, 0x8e, 0x20, 0xe6, 0x31, 0x62, 
    0x70, 0x00, 0x20, 0x08, 0x06, 0xd3, 0xae, 0xf0, 0x08, 0x72, 0x1e, 0x23, 
    0x06, 0x07, 0x00, 0x82, 0x60, 0x30, 0xf1, 0x8a, 0x8f, 0x0c, 0xe9, 0x31, 
    0x62, 0x70, 0x00, 0x20, 0x08, 0x06, 0x53, 0xaf, 0xfc, 0xc8, 0xa0, 0x1e, 
    0x23, 0x06, 0x07, 0x00, 0x82, 0x60, 0x30, 0xf9, 0x0a, 0x98, 0x0c, 0xeb, 
    0x31, 0x4b, 0x60, 0x0d, 0x54, 0x00, 0x46, 0x65, 0x3b, 0xd4, 0x40, 0x05, 
    0x60, 0x54, 0xb8, 0x43, 0x0d, 0x54, 0x00, 0x46, 0xa5, 0x3b, 0xd4, 0x88, 
    0xc1, 0x01, 0x80, 0x20, 0x18, 0x4c, 0xe2, 0x32, 0x26, 0x78, 0x30, 0x1f, 
    0x23, 0x06, 0x07, 0x00, 0x82, 0x60, 0x30, 0x8d, 0x0b, 0x99, 0xe0, 0x01, 
    0x7d, 0x8c, 0x18, 0x1c, 0x00, 0x08, 0x82, 0xc1, 0x44, 0x2e, 0x65, 0x82, 
    0x07, 0xf5, 0x61, 0xf4, 0x31, 0xd0, 0xc7, 0xea, 0x63, 0xa0, 0x8f, 0xd9, 
    0xc7, 0x40, 0x1f, 0x1b, 0x12, 0xf9, 0xd8, 0x90, 0xc8, 0xc7, 0x86, 0x44, 
    0x3e, 0x23, 0x06, 0x06, 0x00, 0x82, 0x60, 0xc0, 0x9d, 0x8b, 0x9b, 0x0c, 
    0x23, 0x06, 0x06, 0x00, 0x82, 0x60, 0xc0, 0xa1, 0xcb, 0x9b, 0x0c, 0x23, 
    0x06, 0x06, 0x00, 0x82, 0x60, 0xc0, 0xa5, 0x0b, 0x9c, 0x0c, 0x35, 0x08, 
    0x5a, 0x81, 0xa0, 0xb3, 0x0c, 0x17, 0x16, 0x8c, 0x18, 0x1c, 0x00, 0x08, 
    0x82, 0xc1, 0x04, 0x2f, 0x71, 0x82, 0xf0, 0xc7, 0x88, 0xc1, 0x01, 0x80, 
    0x20, 0x18, 0x4c, 0xf1, 0x22, 0x27, 0x48, 0x7f, 0x8c, 0x18, 0x1c, 0x00, 
    0x08, 0x82, 0xc1, 0x24, 0x2f, 0x73, 0x82, 0xf8, 0xc7, 0x88, 0xc1, 0x01, 
    0x80, 0x20, 0x18, 0x4c, 0xf3, 0x52, 0x27, 0x03, 0x88, 0x8c, 0x18, 0x1c, 
    0x00, 0x08, 0x82, 0xc1, 0x44, 0x2f, 0x76, 0x32, 0x84, 0xc8, 0x88, 0xc1, 
    0x01, 0x80, 0x20, 0x18, 0x4c, 0xf5, 0x72, 0x27, 0x83, 0x88, 0xcc, 0x12, 
    0x60, 0x03, 0x15, 0x80, 0x71, 0x91, 0x90, 0x35, 0x50, 0x01, 0x18, 0x97, 
    0x09, 0x59, 0x03, 0x15, 0x80, 0x71, 0xa1, 0x90, 0x35, 0x62, 0xb0, 0x00, 
    0x20, 0x08, 0x06, 0x1e, 0xbd, 0x88, 0xca, 0x20, 0x04, 0x2b, 0xc2, 0x22, 
    0x2d, 0x32, 0x62, 0x60, 0x00, 0x20, 0x08, 0x06, 0x9c, 0xbd, 0xf4, 0x49, 
    0x30, 0xcb, 0x90, 0x69, 0xc1, 0x88, 0xc1, 0x01, 0x80, 0x20, 0x18, 0x4c, 
    0xfb, 0xc2, 0x27, 0xc2, 0x89, 0xcc, 0x12, 0x68, 0x03, 0x15, 0x80, 0x90, 
    0xc1, 0x10, 0x66, 0x18, 0x1c, 0xc8, 0xc7, 0x30, 0x38, 0x90, 0x8f, 0x61, 
    0x70, 0x20, 0x9f, 0x11, 0x03, 0x03, 0x00, 0x41, 0x30, 0xe0, 0xf8, 0x65, 
    0x54, 0x86, 0x11, 0x03, 0x03, 0x00, 0x41, 0x30, 0xe0, 0xfa, 0x85, 0x54, 
    0x86, 0x11, 0x03, 0x03, 0x00, 0x41, 0x30, 0xe0, 0xfc, 0xa5, 0x54, 0x86, 
    0x1a, 0x04, 0xad, 0x40, 0xd0, 0x59, 0x86, 0x8d, 0x0b, 0x46, 0x0c, 0x0e, 
    0x00, 0x04, 0xc1, 0x60, 0x2a, 0x19, 0x53, 0x41, 0x62, 0x64, 0xc4, 0xe0, 
    0x00, 0x40, 0x10, 0x0c, 0x26, 0x93, 0x39, 0x15, 0x44, 0x46, 0x46, 0x0c, 
    0x0e, 0x00, 0x04, 0xc1, 0x60, 0x3a, 0x19, 0x54, 0x41, 0x66, 0x64, 0xc4, 
    0xe0, 0x00, 0x40, 0x10, 0x0c, 0x26, 0x94, 0x51, 0x95, 0xa1, 0x46, 0x46, 
    0x0c, 0x0e, 0x00, 0x04, 0xc1, 0x60, 0x4a, 0x99, 0x55, 0x19, 0x6c, 0x64, 
    0xc4, 0xe0, 0x00, 0x40, 0x10, 0x0c, 0x26, 0x95, 0x61, 0x95, 0xe1, 0x46, 
    0x66, 0x09, 0xb8, 0x81, 0x0a, 0xc0, 0xd8, 0xdc, 0x48, 0x1b, 0xa8, 0x00, 
    0x8c, 0x0d, 0x8e, 0xb4, 0x81, 0x0a, 0xc0, 0xd8, 0xe4, 0x48, 0x1b, 0x31, 
    0x58, 0x00, 0x10, 0x04, 0x03, 0x2f, 0x65, 0x6e, 0x65, 0x10, 0x02, 0x30, 
    0x09, 0x13, 0x31, 0x19, 0x31, 0x30, 0x00, 0x10, 0x04, 0x03, 0x6e, 0x65, 
    0x64, 0x25, 0x98, 0x65, 0xe8, 0xbc, 0x60, 0xc4, 0xe0, 0x00, 0x40, 0x10, 
    0x0c, 0x26, 0x98, 0x89, 0x15, 0x81, 0x47, 0x66, 0x09, 0xbc, 0x81, 0x0a, 
    0x40, 0xe8, 0xf4, 0x88, 0x2b, 0xf8, 0xb8, 0x15, 0x29, 0xf8, 0x08, 0xa0, 
    0x02, 0x91, 0x91, 0x42, 0x99, 0x00, 0x56, 0x30, 0xf8, 0x4c, 0xca, 0x04, 
    0xc3, 0x06, 0x44, 0x80, 0x07, 0x03, 0x50, 0xf5, 0xc1, 0x2b, 0x52, 0xf5, 
    0x11, 0x40, 0x05, 0x27, 0x23, 0xe5, 0x32, 0x01, 0xac, 0x60, 0x18, 0x1b, 
    0x97, 0x09, 0x86, 0x0d, 0x88, 0x80, 0x0f, 0x06, 0xa0, 0xf4, 0x23, 0x5c, 
    0xa4, 0xf4, 0x23, 0x80, 0x0a, 0x58, 0x46, 0xea, 0x65, 0x02, 0x58, 0xc1, 
    0x80, 0x36, 0x33, 0x13, 0x0c, 0x1b, 0x10, 0x01, 0x28, 0x0c, 0x40, 0xfd, 
    0x87, 0xb9, 0x48, 0xfd, 0x47, 0x00, 0x15, 0xc4, 0x8c, 0xd4, 0xcc, 0x04, 
    0xb0, 0x82, 0xa1, 0x6d, 0x70, 0x26, 0x18, 0x36, 0x20, 0x02, 0x35, 0x18, 
    0x80, 0x22, 0x91, 0x75, 0x91, 0x22, 0x91, 0x00, 0x2a, 0xb0, 0x19, 0x29, 
    0x9e, 0x09, 0x60, 0x05, 0x43, 0xdc, 0xf4, 0x4c, 0x30, 0x6c, 0x40, 0x04, 
    0xbe, 0x30, 0x00, 0x95, 0x22, 0xf0, 0x22, 0x95, 0x22, 0x01, 0x54, 0xb0, 
    0x33, 0x52, 0x62, 0x13, 0xc0, 0x0a, 0x06, 0xbb, 0x11, 0x9b, 0x60, 0xd8, 
    0x80, 0x08, 0xc4, 0x61, 0x00, 0xca, 0x45, 0xea, 0x45, 0xca, 0x45, 0x02, 
    0xa8, 0x00, 0x6c, 0xa4, 0xc6, 0x26, 0x80, 0x15, 0x0c, 0x7b, 0x73, 0x36, 
    0xc1, 0xb0, 0x01, 0x11, 0x98, 0xc3, 0x00, 0xd4, 0x8c, 0xe8, 0x8b, 0xd4, 
    0x8c, 0x04, 0x50, 0x41, 0xd9, 0x48, 0x9d, 0x4d, 0x00, 0x2b, 0x18, 0x40, 
    0x87, 0x6d, 0x82, 0x61, 0x03, 0x22, 0x48, 0x83, 0x01, 0x98, 0x25, 0xf8, 
    0xea, 0x47, 0x60, 0x06, 0x86, 0x1b, 0x82, 0x94, 0x11, 0x83, 0x0a, 0xca, 
    0x64, 0x67, 0x19, 0xfc, 0x00, 0x0c, 0x82, 0x1a, 0x44, 0xa6, 0x8a, 0x18, 
    0x99, 0x29, 0xe1, 0x4c, 0xa0, 0x84, 0x33, 0x81, 0x11, 0x83, 0x03, 0x00, 
    0x41, 0x30, 0xb8, 0xfe, 0xa6, 0x65, 0x04, 0xba, 0x19, 0x31, 0x38, 0x00, 
    0x10, 0x04, 0x83, 0x0b, 0x74, 0x5c, 0x46, 0xa8, 0x9b, 0x11, 0x83, 0x03, 
    0x00, 0x41, 0x30, 0xb8, 0x42, 0x07, 0x66, 0x84, 0x32, 0x19, 0x31, 0x38, 
    0x00, 0x10, 0x04, 0x83, 0x4b, 0x74, 0x62, 0x46, 0x28, 0x93, 0x11, 0x83, 
    0x03, 0x00, 0x41, 0x30, 0x28, 0x83, 0xbe, 0x81, 0x19, 0x54, 0xc9, 0x9b, 
    0xd1, 0x84, 0x20, 0xa8, 0xa0, 0x6e, 0x74, 0xb8, 0x21, 0xd8, 0x1b, 0x30, 
    0x98, 0x65, 0x08, 0x03, 0x33, 0x08, 0x46, 0x0c, 0x1a, 0x00, 0x04, 0xc1, 
    0xe0, 0x59, 0x9d, 0x97, 0x79, 0x15, 0xbe, 0x31, 0x8a, 0x96, 0x69, 0x99, 
    0x96, 0x69, 0x99, 0xd1, 0x84, 0x00, 0x18, 0x4d, 0x10, 0x82, 0xd1, 0x84, 
    0x41, 0x18, 0x31, 0x30, 0x00, 0x10, 0x04, 0x03, 0x2e, 0x75, 0x60, 0x66, 
    0x18, 0x31, 0x30, 0x00, 0x10, 0x04, 0x03, 0x4e, 0x75, 0x62, 0x66, 0x18, 
    0x31, 0x30, 0x00, 0x10, 0x04, 0x03, 0x6e, 0x75, 0x64, 0x66, 0xa8, 0x41, 
    0xd0, 0x0a, 0x04, 0x9d, 0x65, 0x10, 0x83, 0x31, 0x08, 0x46, 0x0c, 0x0e, 
    0x00, 0x04, 0xc1, 0x60, 0x92, 0x9d, 0x99, 0x41, 0x7c, 0x65, 0xc4, 0xe0, 
    0x00, 0x40, 0x10, 0x0c, 0xa6, 0xd9, 0xa1, 0x19, 0xe4, 0x57, 0x46, 0x0c, 
    0x0e, 0x00, 0x04, 0xc1, 0x60, 0xa2, 0x9d, 0x9a, 0x41, 0xc0, 0x65, 0xc4, 
    0xe0, 0x00, 0x40, 0x10, 0x0c, 0xa6, 0xda, 0xb9, 0x99, 0x61, 0x5c, 0x46, 
    0x0c, 0x0e, 0x00, 0x04, 0xc1, 0x60, 0xb2, 0x1d, 0x9c, 0x19, 0xc8, 0x65, 
    0xc4, 0xe0, 0x00, 0x40, 0x10, 0x0c, 0xa6, 0xdb, 0xc9, 0x99, 0xa1, 0x5c, 
    0x66, 0x09, 0xc6, 0x60, 0xa0, 0x02, 0x30, 0xc4, 0x00, 0xb5, 0xc2, 0x60, 
    0xa0, 0x02, 0x30, 0xc4, 0x40, 0xb5, 0xc2, 0x60, 0xa0, 0x02, 0x30, 0xc4, 
    0x80, 0xb5, 0xc2, 0x60, 0xc4, 0xa0, 0x01, 0x40, 0x10, 0x0c, 0x9e, 0xde, 
    0x09, 0x1b, 0x70, 0x71, 0x1d, 0xec, 0xfa, 0x99, 0x9f, 0xf9, 0x99, 0x9f, 
    0x19, 0x4d, 0x08, 0x80, 0xd1, 0x04, 0x21, 0x18, 0x4d, 0x18, 0x84, 0x11, 
    0x03, 0x03, 0x00, 0x41, 0x30, 0xe0, 0x76, 0x47, 0x6c, 0x86, 0x11, 0x03, 
    0x03, 0x00, 0x41, 0x30, 0xe0, 0x78, 0x67, 0x6c, 0x86, 0x11, 0x03, 0x03, 
    0x00, 0x41, 0x30, 0xe0, 0x7a, 0x87, 0x6c, 0x86, 0x1a, 0x04, 0xad, 0x40, 
    0xd0, 0x59, 0x06, 0x32, 0x28, 0x83, 0x60, 0xc4, 0xe0, 0x00, 0x40, 0x10, 
    0x0c, 0x26, 0xf2, 0x29, 0x1b, 0x04, 0x5e, 0x46, 0x0c, 0x0e, 0x00, 0x04, 
    0xc1, 0x60, 0x2a, 0x1f, 0xb3, 0x41, 0xe2, 0x65, 0xc4, 0xe0, 0x00, 0x40, 
    0x10, 0x0c, 0x26, 0xf3, 0x39, 0x1b, 0x44, 0x5e, 0x46, 0x0c, 0x0e, 0x00, 
    0x04, 0xc1, 0x60, 0x3a, 0x9f, 0xb4, 0x19, 0xe8, 0x65, 0xc4, 0xe0, 0x00, 
    0x40, 0x10, 0x0c, 0x26, 0xf4, 0x51, 0x9b, 0xa1, 0x5e, 0x46, 0x0c, 0x0e, 
    0x00, 0x04, 0xc1, 0x60, 0x4a, 0x9f, 0xb5, 0x19, 0xec, 0x65, 0x96, 0xa0, 
    0x0c, 0x06, 0x2a, 0x00, 0x83, 0x0c, 0xd8, 0x6b, 0x0c, 0x06, 0x2a, 0x00, 
    0x83, 0x0c, 0xdc, 0x6b, 0x0c, 0x06, 0x2a, 0x00, 0x83, 0x0c, 0xe0, 0x6b, 
    0x0c, 0x6c, 0xa8, 0xe4, 0x63, 0x43, 0x25, 0x1f, 0x1b, 0x2a, 0xf9, 0xcc, 
    0x12, 0xbc, 0xc1, 0x88, 0x41, 0x03, 0x80, 0x20, 0x18, 0x3c, 0xf2, 0x63, 
    0x37, 0xf5, 0x32, 0x3e, 0x6d, 0xc0, 0x06, 0x74, 0x43, 0x37, 0x74, 0x43, 
    0x37, 0xa3, 0x09, 0x01, 0x30, 0x9a, 0x20, 0x04, 0xa3, 0x09, 0x83, 0x30, 
    0x62, 0x60, 0x00, 0x20, 0x08, 0x06, 0x1c, 0xfc, 0xdc, 0xcd, 0x30, 0x62, 
    0x60, 0x00, 0x20, 0x08, 0x06, 0x5c, 0xfc, 0xe0, 0xcd, 0x30, 0x62, 0x60, 
    0x00, 0x20, 0x08, 0x06, 0x9c, 0xfc, 0xe4, 0xcd, 0x50, 0x83, 0xa0, 0x15, 
    0x08, 0x3a, 0xcb, 0x70, 0x06, 0x68, 0x10, 0x8c, 0x18, 0x1c, 0x00, 0x08, 
    0x82, 0xc1, 0x94, 0x3f, 0x7a, 0x83, 0x94, 0xcc, 0x88, 0xc1, 0x01, 0x80, 
    0x20, 0x18, 0x4c, 0xfa, 0xb3, 0x37, 0x88, 0xc9, 0x8c, 0x18, 0x1c, 0x00, 
    0x08, 0x82, 0xc1, 0xb4, 0x3f, 0x7c, 0x83, 0x9c, 0xcc, 0x88, 0xc1, 0x01, 
    0x80, 0x20, 0x18, 0x4c, 0xfc, 0xe3, 0x37, 0x43, 0xca, 0x8c, 0x18, 0x1c, 
    0x00, 0x08, 0x82, 0xc1, 0xd4, 0x3f, 0x7f, 0x33, 0xa8, 0xcc, 0x88, 0xc1, 
    0x01, 0x80, 0x20, 0x18, 0x4c, 0xfe, 0x03, 0x3a, 0xc3, 0xca, 0xcc, 0x12, 
    0xa0, 0xc1, 0x40, 0x05, 0x60, 0x9c, 0x81, 0x8d, 0x99, 0xc1, 0x40, 0x05, 
    0x60, 0x9c, 0x01, 0x8e, 0x99, 0xc1, 0x40, 0x05, 0x60, 0x9c, 0x81, 0x8e, 
    0x99, 0xc1, 0x88, 0x41, 0x03, 0x80, 0x20, 0x18, 0x3c, 0x24, 0x84, 0x3a, 
    0x29, 0x53, 0x3f, 0x7f, 0xe0, 0x07, 0xa6, 0x63, 0x3a, 0xa6, 0x63, 0x3a, 
    0xa3, 0x09, 0x01, 0x30, 0x9a, 0x20, 0x04, 0xa3, 0x09, 0x83, 0x30, 0x62, 
    0x60, 0x00, 0x20, 0x08, 0x06, 0x9c, 0x08, 0xa5, 0xce, 0x30, 0x62, 0x60, 
    0x00, 0x20, 0x08, 0x06, 0xdc, 0x08, 0xa9, 0xce, 0x30, 0x62, 0x60, 0x00, 
    0x20, 0x08, 0x06, 0x1c, 0x09, 0xad, 0xce, 0x50, 0x83, 0xa0, 0x15, 0x08, 
    0x3a, 0xcb, 0x90, 0x06, 0x6a, 0x10, 0x8c, 0x18, 0x1c, 0x00, 0x08, 0x82, 
    0xc1, 0xb4, 0x42, 0xac, 0x83, 0xdc, 0xcc, 0x88, 0xc1, 0x01, 0x80, 0x20, 
    0x18, 0x4c, 0x2c, 0xd4, 0x3a, 0x08, 0xce, 0x8c, 0x18, 0x1c, 0x00, 0x08, 
    0x82, 0xc1, 0xd4, 0x42, 0xae, 0x83, 0xe4, 0xcc, 0x88, 0xc1, 0x01, 0x80, 
    0x20, 0x18, 0x4c, 0x2e, 0x04, 0x3b, 0xc3, 0xce, 0x8c, 0x18, 0x1c, 0x00, 
    0x08, 0x82, 0xc1, 0xf4, 0x42, 0xb1, 0x33, 0xf0, 0xcc, 0x88, 0xc1, 0x01, 
    0x80, 0x20, 0x18, 0x4c, 0x30, 0x24, 0x3b, 0x43, 0xcf, 0xcc, 0x12, 0xa8, 
    0xc1, 0x40, 0x05, 0x60, 0xa4, 0x81, 0x9e, 0xa1, 0xc1, 0x40, 0x05, 0x60, 
    0xa4, 0x01, 0x9f, 0xa1, 0xc1, 0x40, 0x05, 0x60, 0xa4, 0x81, 0x9f, 0xa1, 
    0xc1, 0x88, 0x41, 0x03, 0x80, 0x20, 0x18, 0x3c, 0x36, 0xa4, 0x3b, 0x3a, 
    0x73, 0x42, 0xb1, 0x00, 0x0b, 0xb8, 0x83, 0x3b, 0xb8, 0x83, 0x3b, 0xa3, 
    0x09, 0x01, 0x30, 0x9a, 0x20, 0x04, 0xa3, 0x09, 0x83, 0x30, 0x62, 0x60, 
    0x00, 0x20, 0x08, 0x06, 0x1c, 0x0d, 0xed, 0xce, 0x30, 0x62, 0x60, 0x00, 
    0x20, 0x08, 0x06, 0x5c, 0x0d, 0xf1, 0xce, 0x30, 0x62, 0x60, 0x00, 0x20, 
    0x08, 0x06, 0x9c, 0x0d, 0xf5, 0xce, 0x50, 0x83, 0xa0, 0x15, 0x08, 0x3a, 
    0xcb, 0xb0, 0x06, 0x6c, 0x10, 0x8c, 0x18, 0x1c, 0x00, 0x08, 0x82, 0xc1, 
    0xd4, 0x43, 0xbe, 0x83, 0xa4, 0xcd, 0x88, 0xc1, 0x01, 0x80, 0x20, 0x18, 
    0x4c, 0x3e, 0xf4, 0x3b, 0x88, 0xda, 0x8c, 0x18, 0x1c, 0x00, 0x08, 0x82, 
    0xc1, 0xf4, 0x43, 0xe0, 0x83, 0xac, 0xcd, 0x88, 0xc1, 0x01, 0x80, 0x20, 
    0x18, 0x4c, 0x60, 0x24, 0x3e, 0x83, 0xdb, 0x8c, 0x18, 0x1c, 0x00, 0x08, 
    0x82, 0xc1, 0x14, 0x46, 0xe3, 0x33, 0xbc, 0xcd, 0x88, 0xc1, 0x01, 0x80, 
    0x20, 0x18, 0x4c, 0x62, 0x44, 0x3e, 0x03, 0xdc, 0xcc, 0x12, 0xb0, 0xc1, 
    0x40, 0x05, 0x60, 0xac, 0x81, 0xaf, 0xa9, 0xc1, 0x40, 0x05, 0x60, 0xac, 
    0x01, 0xb8, 0xa9, 0xc1, 0x40, 0x05, 0x60, 0xac, 0x81, 0xb8, 0xa9, 0xc1, 
    0x88, 0x41, 0x03, 0x80, 0x20, 0x18, 0x3c, 0x68, 0xc4, 0x3e, 0x6e, 0x93, 
    0x43, 0xe3, 0x20, 0x0e, 0xea, 0xa3, 0x3e, 0xea, 0xa3, 0x3e, 0xa3, 0x09, 
    0x01, 0x30, 0x9a, 0x20, 0x04, 0xa3, 0x09, 0x83, 0x30, 0x62, 0x60, 0x00, 
    0x20, 0x08, 0x06, 0x9c, 0x19, 0xb5, 0xcf, 0x30, 0x62, 0x60, 0x00, 0x20, 
    0x08, 0x06, 0xdc, 0x19, 0xb9, 0xcf, 0x30, 0x62, 0x60, 0x00, 0x20, 0x08, 
    0x06, 0x1c, 0x1a, 0xbd, 0xcf, 0x50, 0x83, 0xa0, 0x15, 0x08, 0x3a, 0xcb, 
    0xd0, 0x06, 0x6e, 0x10, 0x8c, 0x18, 0x1c, 0x00, 0x08, 0x82, 0xc1, 0xf4, 
    0x46, 0xf0, 0x83, 0xec, 0xcd, 0x88, 0xc1, 0x01, 0x80, 0x20, 0x18, 0x4c, 
    0x70, 0x14, 0x3f, 0x08, 0xdf, 0x8c, 0x18, 0x1c, 0x00, 0x08, 0x82, 0xc1, 
    0x14, 0x47, 0xf2, 0x83, 0xf4, 0xcd, 0x88, 0xc1, 0x01, 0x80, 0x20, 0x18, 
    0x4c, 0x72, 0x44, 0x3f, 0x03, 0xe8, 0x8c, 0x18, 0x1c, 0x00, 0x08, 0x82, 
    0xc1, 0x34, 0x47, 0xf5, 0x33, 0x84, 0xce, 0x88, 0xc1, 0x01, 0x80, 0x20, 
    0x18, 0x4c, 0x74, 0x64, 0x3f, 0x83, 0xe8, 0xcc, 0x12, 0xb8, 0xc1, 0x40, 
    0x05, 0x60, 0xb4, 0x81, 0xc8, 0xb1, 0xc1, 0x40, 0x05, 0x60, 0xb4, 0x01, 
    0xc9, 0xb1, 0xc1, 0x40, 0x05, 0x60, 0xb4, 0x81, 0xc9, 0xb1, 0x81, 0x0d, 
    0x15, 0x7c, 0x6c, 0xa8, 0xe0, 0x63, 0x43, 0x05, 0x1f, 0xc3, 0xf8, 0x40, 
    0x3e, 0x86, 0xf1, 0x81, 0x7c, 0x0c, 0xe3, 0x03, 0xf9, 0x58, 0xd2, 0x06, 
    0xf2, 0xb1, 0xa4, 0x0d, 0xe4, 0x63, 0x49, 0x1b, 0xc8, 0xc7, 0x06, 0x03, 
    0x3e, 0x36, 0x18, 0xf0, 0xb1, 0xc1, 0x80, 0xcf, 0x2c, 0xc1, 0x1b, 0x0c, 
    0x54, 0x00, 0x86, 0x1b, 0xb8, 0x45, 0x19, 0x0c, 0x54, 0x00, 0x86, 0x1b, 
    0xb8, 0x45, 0x19, 0x0c, 0x54, 0x00, 0x86, 0x1b, 0xb8, 0x45, 0x19, 0x0c, 
    0x54, 0x00, 0x9e, 0x1b, 0xf8, 0x46, 0x19, 0x0c, 0x54, 0x00, 0x9e, 0x1b, 
    0xf8, 0x46, 0x19, 0x0c, 0x54, 0x00, 0x9e, 0x1b, 0xf8, 0x46, 0x19, 0x8c, 
    0x18, 0x34, 0x00, 0x08, 0x82, 0xc1, 0xc3, 0x4a, 0x30, 0x34, 0x3b, 0x7d, 
    0x74, 0x12, 0x26, 0xe1, 0x42, 0x2e, 0xe4, 0x42, 0x2e, 0x34, 0x9a, 0x10, 
    0x00, 0xa3, 0x09, 0x42, 0x30, 0x9a, 0x30, 0x08, 0x23, 0x06, 0x06, 0x00, 
    0x82, 0x60, 0xc0, 0xa9, 0x52, 0x0c, 0x0d, 0x23, 0x06, 0x06, 0x00, 0x82, 
    0x60, 0xc0, 0xad, 0x92, 0x0c, 0x0d, 0x23, 0x06, 0x06, 0x00, 0x82, 0x60, 
    0xc0, 0xb1, 0xd2, 0x0c, 0x0d, 0x35, 0x08, 0x5a, 0x81, 0xa0, 0xb3, 0x0c, 
    0x70, 0x10, 0x07, 0xc1, 0x88, 0xc1, 0x01, 0x80, 0x20, 0x18, 0x4c, 0xb3, 
    0x44, 0x43, 0xc8, 0xef, 0x8c, 0x18, 0x1c, 0x00, 0x08, 0x82, 0xc1, 0x44, 
    0x4b, 0x35, 0x84, 0x80, 0xcf, 0x88, 0xc1, 0x01, 0x80, 0x20, 0x18, 0x4c, 
    0xb5, 0x64, 0x43, 0x48, 0xf8, 0x8c, 0x18, 0x1c, 0x00, 0x08, 0x82, 0xc1, 
    0x64, 0x4b, 0x38, 0x34, 0x8c, 0xcf, 0x88, 0xc1, 0x01, 0x80, 0x20, 0x18, 
    0x4c, 0xb7, 0x94, 0x43, 0x03, 0xf9, 0x8c, 0x18, 0x1c, 0x00, 0x08, 0x82, 
    0xc1, 0x84, 0x4b, 0x3a, 0x34, 0x94, 0xcf, 0x2c, 0x41, 0x1c, 0x0c, 0x54, 
    0x00, 0x06, 0x1c, 0xa8, 0xde, 0x1b, 0x0c, 0x54, 0x00, 0x06, 0x1c, 0xb0, 
    0xde, 0x1b, 0x0c, 0x54, 0x00, 0x06, 0x1c, 0xb8, 0xde, 0x1b, 0xd8, 0x80, 
    0xc1, 0xc7, 0x06, 0x0c, 0x3e, 0x36, 0x60, 0xf0, 0x19, 0x31, 0x30, 0x00, 
    0x10, 0x04, 0x03, 0x6e, 0x97, 0xc4, 0x68, 0x18, 0x31, 0x30, 0x00, 0x10, 
    0x04, 0x03, 0x8e, 0x97, 0xc6, 0x68, 0x18, 0x31, 0x30, 0x00, 0x10, 0x04, 
    0x03, 0xae, 0x97, 0xc8, 0x68, 0xa8, 0x41, 0xd0, 0x0a, 0x04, 0x9d, 0x65, 
    0x90, 0x83, 0x39, 0x08, 0x46, 0x0c, 0x0e, 0x00, 0x04, 0xc1, 0x60, 0x22, 
    0xa7, 0x32, 0x42, 0xe0, 0x67, 0xc4, 0xe0, 0x00, 0x40, 0x10, 0x0c, 0xa6, 
    0x72, 0x32, 0x23, 0x24, 0x7e, 0x46, 0x0c, 0x0e, 0x00, 0x04, 0xc1, 0x60, 
    0x32, 0xa7, 0x33, 0x42, 0xe4, 0x67, 0xc4, 0xe0, 0x00, 0x40, 0x10, 0x0c, 
    0xa6, 0x73, 0x4a, 0xa3, 0x81, 0x7e, 0x46, 0x0c, 0x0e, 0x00, 0x04, 0xc1, 
    0x60, 0x42, 0x27, 0x35, 0x1a, 0xea, 0x67, 0xc4, 0xe0, 0x00, 0x40, 0x10, 
    0x0c, 0xa6, 0x74, 0x5a, 0xa3, 0xc1, 0x7e, 0x66, 0x09, 0xe6, 0x60, 0xa0, 
    0x02, 0x30, 0xe4, 0x80, 0xfd, 0xe2, 0x60, 0xa0, 0x02, 0x30, 0xe4, 0xc0, 
    0xfd, 0xe2, 0x60, 0xa0, 0x02, 0x30, 0xe4, 0x00, 0xfe, 0xe2, 0x60, 0xc4, 
    0xa0, 0x01, 0x40, 0x10, 0x0c, 0x9e, 0x77, 0x9a, 0xa3, 0xfb, 0x01, 0x27, 
    0xb5, 0x48, 0x8b, 0x38, 0x8a, 0xa3, 0x38, 0x8a, 0xa3, 0xd1, 0x84, 0x00, 
    0x18, 0x4d, 0x10, 0x82, 0xd1, 0x84, 0x41, 0x18, 0x31, 0x30, 0x00, 0x10, 
    0x04, 0x03, 0xae, 0x9d, 0xe8, 0x68, 0x18, 0x31, 0x30, 0x00, 0x10, 0x04, 
    0x03, 0xce, 0x9d, 0xea, 0x68, 0x18, 0x31, 0x30, 0x00, 0x10, 0x04, 0x03, 
    0xee, 0x9d, 0xec, 0x68, 0xa8, 0x41, 0xd0, 0x0a, 0x04, 0x9d, 0x65, 0xa0, 
    0x83, 0x3a, 0x08, 0x46, 0x0c, 0x0e, 0x00, 0x04, 0xc1, 0x60, 0xb2, 0xa7, 
    0x3b, 0x42, 0x44, 0x68, 0xc4, 0xe0, 0x00, 0x40, 0x10, 0x0c, 0xa6, 0x7b, 
    0xc2, 0x23, 0x64, 0x84, 0x46, 0x0c, 0x0e, 0x00, 0x04, 0xc1, 0x60, 0xc2, 
    0xa7, 0x3c, 0x42, 0x48, 0x68, 0xc4, 0xe0, 0x00, 0x40, 0x10, 0x0c, 0xa6, 
    0x7c, 0xda, 0xa3, 0xc1, 0x84, 0x46, 0x0c, 0x0e, 0x00, 0x04, 0xc1, 0x60, 
    0xd2, 0x27, 0x3e, 0x1a, 0x4e, 0x68, 0xc4, 0xe0, 0x00, 0x40, 0x10, 0x0c, 
    0xa6, 0x7d, 0xea, 0xa3, 0x01, 0x85, 0x66, 0x09, 0xea, 0x60, 0xa0, 0x02, 
    0x30, 0xe8, 0x00, 0x06, 0x83, 0x39, 0x18, 0xa8, 0x00, 0x0c, 0x3a, 0x90, 
    0xc1, 0x60, 0x0e, 0x06, 0x2a, 0x00, 0x83, 0x0e, 0x68, 0x30, 0x98, 0x83, 
    0x11, 0x83, 0x03, 0x00, 0x41, 0x30, 0x98, 0xfe, 0x09, 0x94, 0xf0, 0x00, 
    0x86, 0x46, 0x0c, 0x0e, 0x00, 0x04, 0xc1, 0x60, 0x02, 0xa9, 0x50, 0xc2, 
    0x83, 0x18, 0x1a, 0x31, 0x38, 0x00, 0x10, 0x04, 0x83, 0x29, 0xa4, 0x44, 
    0x09, 0x0f, 0x64, 0xc8, 0x62, 0x68, 0xa0, 0x8f, 0xc9, 0xd0, 0x40, 0x1f, 
    0x9b, 0xa1, 0x81, 0x3e, 0x36, 0x24, 0xf2, 0xb1, 0x21, 0x91, 0x8f, 0x0d, 
    0x89, 0x7c, 0x46, 0x0c, 0x0c, 0x00, 0x04, 0xc1, 0x80, 0x23, 0xa9, 0x55, 
    0x1a, 0x46, 0x0c, 0x0c, 0x00, 0x04, 0xc1, 0x80, 0x2b, 0x29, 0x56, 0x1a, 
    0x46, 0x0c, 0x0c, 0x00, 0x04, 0xc1, 0x80, 0x33, 0xa9, 0x56, 0x1a, 0x6a, 
    0x10, 0xb4, 0x02, 0x41, 0x67, 0x19, 0xec, 0xe0, 0x0e, 0x82, 0x11, 0x83, 
    0x03, 0x00, 0x41, 0x30, 0x98, 0x5a, 0xca, 0x95, 0x90, 0x1c, 0x1a, 0x31, 
    0x38, 0x00, 0x10, 0x04, 0x83, 0xc9, 0xa5, 0x5e, 0x09, 0xd1, 0xa1, 0x11, 
    0x83, 0x03, 0x00, 0x41, 0x30, 0x98, 0x5e, 0x0a, 0x96, 0x90, 0x1d, 0x1a, 
    0x31, 0x38, 0x00, 0x10, 0x04, 0x83, 0x09, 0xa6, 0x64, 0x69, 0xe8, 0xa1, 
    0x11, 0x83, 0x03, 0x00, 0x41, 0x30, 0x98, 0x62, 0x6a, 0x96, 0x06, 0x1f, 
    0x1a, 0x31, 0x38, 0x00, 0x10, 0x04, 0x83, 0x49, 0xa6, 0x68, 0x69, 0xf8, 
    0xa1, 0x59, 0x82, 0x3b, 0x18, 0xa8, 0x00, 0x0c, 0x3b, 0xf0, 0xc3, 0xa0, 
    0x0e, 0x06, 0x2a, 0x00, 0xc3, 0x0e, 0x40, 0x31, 0xa8, 0x83, 0x81, 0x0a, 
    0xc0, 0xb0, 0x03, 0x51, 0x0c, 0xea, 0x60, 0xc4, 0x60, 0x01, 0x40, 0x10, 
    0x0c, 0xbc, 0x98, 0xfa, 0xa5, 0x41, 0x08, 0xd0, 0x28, 0x8d, 0xd4, 0x68, 
    0xc4, 0xc0, 0x00, 0x40, 0x10, 0x0c, 0xb8, 0x99, 0xd2, 0xa5, 0x60, 0x96, 
    0x01, 0x0f, 0xf2, 0x20, 0x18, 0x31, 0x38, 0x00, 0x10, 0x04, 0x83, 0x09, 
    0xa7, 0x72, 0x49, 0x20, 0xa3, 0x59, 0x82, 0x3c, 0x18, 0xa8, 0x00, 0x04, 
    0x3c, 0x50, 0xc5, 0xe0, 0x0e, 0x0c, 0x83, 0x03, 0xf9, 0x18, 0x06, 0x07, 
    0xf2, 0x31, 0x0c, 0x0e, 0xe4, 0x33, 0x62, 0x60, 0x00, 0x20, 0x08, 0x06, 
    0x5c, 0x4e, 0x81, 0xd3, 0x30, 0x62, 0x60, 0x00, 0x20, 0x08, 0x06, 0x9c, 
    0x4e, 0x85, 0xd3, 0x30, 0x62, 0x60, 0x00, 0x20, 0x08, 0x06, 0xdc, 0x4e, 
    0x89, 0xd3, 0x50, 0x83, 0xa0, 0x15, 0x08, 0x3a, 0xcb, 0xa0, 0x07, 0x7b, 
    0x10, 0x8c, 0x18, 0x1c, 0x00, 0x08, 0x82, 0xc1, 0x24, 0x56, 0xe3, 0x84, 
    0xb8, 0xd1, 0x88, 0xc1, 0x01, 0x80, 0x20, 0x18, 0x4c, 0x63, 0x45, 0x4e, 
    0xc8, 0x1b, 0x8d, 0x18, 0x1c, 0x00, 0x08, 0x82, 0xc1, 0x44, 0x56, 0xe5, 
    0x84, 0xc0, 0xd1, 0x88, 0xc1, 0x01, 0x80, 0x20, 0x18, 0x4c, 0x65, 0x75, 
    0x4e, 0x83, 0x1c, 0x8d, 0x18, 0x1c, 0x00, 0x08, 0x82, 0xc1, 0x64, 0x56, 
    0xe8, 0x34, 0xcc, 0xd1, 0x88, 0xc1, 0x01, 0x80, 0x20, 0x18, 0x4c, 0x67, 
    0x95, 0x4e, 0x03, 0x1d, 0xcd, 0x12, 0xec, 0xc1, 0x40, 0x05, 0x60, 0xe8, 
    0x01, 0x3a, 0x06, 0x79, 0x30, 0x50, 0x01, 0x18, 0x7a, 0xa0, 0x8e, 0x41, 
    0x1e, 0x0c, 0x54, 0x00, 0x86, 0x1e, 0xb0, 0x63, 0x90, 0x07, 0x23, 0x06, 
    0x0b, 0x00, 0x82, 0x60, 0xe0, 0x99, 0x15, 0x3d, 0x0d, 0x42, 0xd0, 0x47, 
    0x7e, 0xf4, 0x47, 0x23, 0x06, 0x06, 0x00, 0x82, 0x60, 0xc0, 0xa1, 0xd5, 
    0x3b, 0x05, 0xb3, 0x0c, 0x7c, 0xd0, 0x07, 0xc1, 0x88, 0xc1, 0x01, 0x80, 
    0x20, 0x18, 0x4c, 0x6d, 0xe5, 0x4e, 0x42, 0x1e, 0xcd, 0x12, 0xf4, 0xc1, 
    0x40, 0x05, 0x20, 0xf0, 0x01, 0x3d, 0x06, 0x7b, 0x50, 0xf2, 0x41, 0x4f, 
    0x52, 0xf2, 0x11, 0x40, 0x05, 0x3f, 0x25, 0x55, 0x56, 0x01, 0xac, 0x60, 
    0xd8, 0x2b, 0xb3, 0x0a, 0x86, 0x0d, 0x88, 0x00, 0x0f, 0x06, 0xa0, 0xee, 
    0x23, 0x9f, 0xa4, 0xee, 0x23, 0x80, 0x0a, 0xc8, 0x4a, 0x6a, 0xad, 0x02, 
    0x58, 0xc1, 0x00, 0x5a, 0x6b, 0x15, 0x0c, 0x1b, 0x10, 0x01, 0x1f, 0x0c, 
    0x40, 0xf1, 0x87, 0x3f, 0x49, 0xf1, 0x47, 0x00, 0x15, 0xa4, 0x95, 0x14, 
    0x5b, 0x05, 0xb0, 0x82, 0xa1, 0xb4, 0xe0, 0x2a, 0x18, 0x36, 0x20, 0x02, 
    0x50, 0x18, 0x80, 0x0a, 0x91, 0x91, 0x92, 0x0a, 0x91, 0x00, 0x2a, 0x70, 
    0x2b, 0x29, 0xb8, 0x0a, 0x60, 0x05, 0x83, 0x6a, 0xd5, 0x55, 0x30, 0x6c, 
    0x40, 0x04, 0x6a, 0x30, 0x00, 0x65, 0x22, 0x28, 0x25, 0x65, 0x22, 0x01, 
    0x54, 0x30, 0x57, 0x52, 0x79, 0x15, 0xc0, 0x0a, 0x06, 0xd7, 0xd2, 0xab, 
    0x60, 0xd8, 0x80, 0x08, 0x7c, 0x61, 0x00, 0x6a, 0x45, 0x5a, 0x4a, 0x6a, 
    0x45, 0x02, 0xa8, 0x00, 0xaf, 0xa4, 0xfe, 0x2a, 0x80, 0x15, 0x0c, 0xb3, 
    0xf5, 0x57, 0xc1, 0xb0, 0x01, 0x11, 0x88, 0xc3, 0x00, 0x14, 0x8c, 0xc8, 
    0x94, 0x14, 0x8c, 0x04, 0x50, 0x41, 0x5f, 0x49, 0x81, 0x56, 0x00, 0x2b, 
    0x18, 0x70, 0x8b, 0xb4, 0x82, 0x61, 0x03, 0x22, 0x30, 0x87, 0x01, 0xa8, 
    0x1a, 0xb9, 0x29, 0xa9, 0x1a, 0x09, 0xa0, 0x02, 0xd1, 0x92, 0x22, 0xad, 
    0x00, 0x56, 0x30, 0xf4, 0x56, 0x6a, 0x05, 0xc3, 0x06, 0x44, 0x90, 0x06, 
    0x03, 0x30, 0x4b, 0xe0, 0x07, 0xc5, 0x47, 0x6e, 0x05, 0xc3, 0x0d, 0x81, 
    0x59, 0x89, 0x41, 0x05, 0xa2, 0xb4, 0xb3, 0x0c, 0xbd, 0xf0, 0x07, 0x41, 
    0x0d, 0x3f, 0x55, 0x45, 0x80, 0xd5, 0x94, 0x40, 0x4a, 0x50, 0x02, 0x29, 
    0xc1, 0x88, 0xc1, 0x01, 0x80, 0x20, 0x18, 0x5c, 0xbc, 0xa5, 0x56, 0x42, 
    0x6c, 0x8d, 0x18, 0x1c, 0x00, 0x08, 0x82, 0xc1, 0xd5, 0x5b, 0x6b, 0x25, 
    0xc8, 0xd6, 0x88, 0xc1, 0x01, 0x80, 0x20, 0x18, 0x5c, 0xbe, 0xd5, 0x56, 
    0x82, 0x28, 0x8d, 0x18, 0x1c, 0x00, 0x08, 0x82, 0xc1, 0xf5, 0x5b, 0x6e, 
    0x25, 0x88, 0xd2, 0x88, 0xc1, 0x01, 0x80, 0x20, 0x18, 0x94, 0x81, 0x6e, 
    0xb5, 0x55, 0x39, 0xd9, 0xd6, 0x68, 0x42, 0x10, 0x54, 0x20, 0x5b, 0x3a, 
    0xdc, 0x10, 0xe0, 0x16, 0x18, 0xcc, 0x32, 0x80, 0x42, 0x29, 0x04, 0x23, 
    0x06, 0x0d, 0x00, 0x82, 0x60, 0xf0, 0xa0, 0x17, 0x5b, 0xb1, 0x53, 0x6e, 
    0x19, 0x85, 0x5a, 0xa9, 0x95, 0x5a, 0xa9, 0xd5, 0x68, 0x42, 0x00, 0x8c, 
    0x26, 0x08, 0xc1, 0x68, 0xc2, 0x20, 0x8c, 0x18, 0x18, 0x00, 0x08, 0x82, 
    0x01, 0x67, 0x5e, 0x6d, 0x35, 0x8c, 0x18, 0x18, 0x00, 0x08, 0x82, 0x01, 
    0x77, 0x5e, 0x6e, 0x35, 0x8c, 0x18, 0x18, 0x00, 0x08, 0x82, 0x01, 0x87, 
    0x5e, 0x6f, 0x35, 0xd4, 0x20, 0x68, 0x05, 0x82, 0xce, 0x32, 0x84, 0x82, 
    0x28, 0x04, 0x23, 0x06, 0x07, 0x00, 0x82, 0x60, 0x30, 0xbd, 0x17, 0x5c, 
    0x21, 0xfb, 0x34, 0x62, 0x70, 0x00, 0x20, 0x08, 0x06, 0x13, 0x7c, 0xc5, 
    0x15, 0xc2, 0x4f, 0x23, 0x06, 0x07, 0x00, 0x82, 0x60, 0x30, 0xc5, 0x97, 
    0x5c, 0x21, 0xfd, 0x34, 0x62, 0x70, 0x00, 0x20, 0x08, 0x06, 0x93, 0x7c, 
    0xd1, 0xd5, 0x00, 0x52, 0x23, 0x06, 0x07, 0x00, 0x82, 0x60, 0x30, 0xcd, 
    0x57, 0x5d, 0x0d, 0x21, 0x35, 0x62, 0x70, 0x00, 0x20, 0x08, 0x06, 0x13, 
    0x7d, 0xd9, 0xd5, 0x20, 0x52, 0xb3, 0x04, 0xa2, 0x30, 0x50, 0x01, 0x18, 
    0xa1, 0x20, 0xa2, 0x01, 0x28, 0x0c, 0x54, 0x00, 0x46, 0x28, 0x90, 0x68, 
    0x00, 0x0a, 0x03, 0x15, 0x80, 0x11, 0x0a, 0x26, 0x1a, 0x80, 0xc2, 0x88, 
    0x41, 0x03, 0x80, 0x20, 0x18, 0x3c, 0xfa, 0xe5, 0x57, 0xfd, 0xb4, 0x5e, 
    0xd8, 0xc5, 0x57, 0x7c, 0xc5, 0x57, 0x7c, 0x35, 0x9a, 0x10, 0x00, 0xa3, 
    0x09, 0x42, 0x30, 0x9a, 0x30, 0x08, 0x23, 0x06, 0x06, 0x00, 0x82, 0x60, 
    0xc0, 0xe1, 0xd7, 0x5f, 0x0d, 0x23, 0x06, 0x06, 0x00, 0x82, 0x60, 0xc0, 
    0xe5, 0x17, 0x68, 0x0d, 0x23, 0x06, 0x06, 0x00, 0x82, 0x60, 0xc0, 0xe9, 
    0x57, 0x68, 0x0d, 0x35, 0x08, 0x5a, 0x81, 0xa0, 0xb3, 0x0c, 0xa3, 0x40, 
    0x0a, 0xc1, 0x88, 0xc1, 0x01, 0x80, 0x20, 0x18, 0x4c, 0x21, 0x26, 0x5a, 
    0x48, 0x4b, 0x8d, 0x18, 0x1c, 0x00, 0x08, 0x82, 0xc1, 0x24, 0x62, 0xa3, 
    0x85, 0xb8, 0xd4, 0x88, 0xc1, 0x01, 0x80, 0x20, 0x18, 0x4c, 0x23, 0x46, 
    0x5a, 0xc8, 0x4b, 0x8d, 0x18, 0x1c, 0x00, 0x08, 0x82, 0xc1, 0x44, 0x62, 
    0xa6, 0x35, 0xc4, 0xd4, 0x88, 0xc1, 0x01, 0x80, 0x20, 0x18, 0x4c, 0x25, 
    0x76, 0x5a, 0x83, 0x4c, 0x8d, 0x18, 0x1c, 0x00, 0x08, 0x82, 0xc1, 0x64, 
    0x62, 0xa8, 0x35, 0xcc, 0xd4, 0x2c, 0x01, 0x29, 0x0c, 0x54, 0x00, 0xc6, 
    0x28, 0x98, 0x69, 0x20, 0x0a, 0x03, 0x15, 0x80, 0x31, 0x0a, 0x68, 0x1a, 
    0x88, 0xc2, 0x40, 0x05, 0x60, 0x8c, 0x82, 0x9a, 0x06, 0xa2, 0x60, 0x43, 
    0x25, 0x1f, 0x1b, 0x2a, 0xf9, 0xd8, 0x50, 0xc9, 0x67, 0x96, 0xc0, 0x15, 
    0x46, 0x0c, 0x1a, 0x00, 0x04, 0xc1, 0xe0, 0x79, 0xb1, 0xd9, 0x92, 0x29, 
    0x10, 0x6b, 0x03, 0x36, 0x88, 0xad, 0xd8, 0x8a, 0xad, 0xd8, 0x1a, 0x4d, 
    0x08, 0x80, 0xd1, 0x04, 0x21, 0x18, 0x4d, 0x18, 0x84, 0x11, 0x03, 0x03, 
    0x00, 0x41, 0x30, 0xe0, 0x5a, 0x8c, 0xb6, 0x86, 0x11, 0x03, 0x03, 0x00, 
    0x41, 0x30, 0xe0, 0x5c, 0xac, 0xb6, 0x86, 0x11, 0x03, 0x03, 0x00, 0x41, 
    0x30, 0xe0, 0x5e, 0xcc, 0xb6, 0x86, 0x1a, 0x04, 0xad, 0x40, 0xd0, 0x59, 
    0x06, 0x53, 0x38, 0x85, 0x60, 0xc4, 0xe0, 0x00, 0x40, 0x10, 0x0c, 0x26, 
    0x1b, 0xbb, 0x2d, 0x44, 0xac, 0x46, 0x0c, 0x0e, 0x00, 0x04, 0xc1, 0x60, 
    0xba, 0x31, 0xdc, 0x42, 0xc6, 0x6a, 0xc4, 0xe0, 0x00, 0x40, 0x10, 0x0c, 
    0x26, 0x1c, 0xcb, 0x2d, 0x84, 0xac, 0x46, 0x0c, 0x0e, 0x00, 0x04, 0xc1, 
    0x60, 0xca, 0xb1, 0xdd, 0x1a, 0xcc, 0x6a, 0xc4, 0xe0, 0x00, 0x40, 0x10, 
    0x0c, 0x26, 0x1d, 0xe3, 0xad, 0xe1, 0xac, 0x46, 0x0c, 0x0e, 0x00, 0x04, 
    0xc1, 0x60, 0xda, 0xb1, 0xde, 0x1a, 0xd0, 0x6a, 0x96, 0xe0, 0x14, 0x06, 
    0x2a, 0x00, 0xc3, 0x14, 0x60, 0x35, 0x28, 0x85, 0x81, 0x0a, 0xc0, 0x30, 
    0x05, 0x59, 0x0d, 0x4a, 0x61, 0xa0, 0x02, 0x30, 0x4c, 0x81, 0x56, 0x83, 
    0x52, 0x18, 0x31, 0x68, 0x00, 0x10, 0x04, 0x83, 0x27, 0xcc, 0xca, 0xcb, 
    0xac, 0x64, 0xec, 0x0f, 0xfc, 0x60, 0xbc, 0xc6, 0x6b, 0xbc, 0xc6, 0x6b, 
    0x34, 0x21, 0x00, 0x46, 0x13, 0x84, 0x60, 0x34, 0x61, 0x10, 0x46, 0x0c, 
    0x0c, 0x00, 0x04, 0xc1, 0x80, 0xfb, 0x31, 0xf3, 0x1a, 0x46, 0x0c, 0x0c, 
    0x00, 0x04, 0xc1, 0x80, 0x03, 0xb3, 0xf3, 0x1a, 0x46, 0x0c, 0x0c, 0x00, 
    0x04, 0xc1, 0x80, 0x0b, 0x33, 0xf4, 0x1a, 0x6a, 0x10, 0xb4, 0x02, 0x41, 
    0x67, 0x19, 0x50, 0x21, 0x15, 0x82, 0x11, 0x83, 0x03, 0x00, 0x41, 0x30, 
    0x98, 0xd0, 0x2c, 0xbd, 0x10, 0xba, 0x1a, 0x31, 0x38, 0x00, 0x10, 0x04, 
    0x83, 0x29, 0xcd, 0xd4, 0x0b, 0xa9, 0xab, 0x11, 0x83, 0x03, 0x00, 0x41, 
    0x30, 0x98, 0xd4, 0x6c, 0xbd, 0x10, 0xbb, 0x1a, 0x31, 0x38, 0x00, 0x10, 
    0x04, 0x83, 0x69, 0xcd, 0xda, 0x6b, 0xc0, 0xab, 0x11, 0x83, 0x03, 0x00, 
    0x41, 0x30, 0x98, 0xd8, 0xcc, 0xbd, 0x86, 0xbc, 0x1a, 0x31, 0x38, 0x00, 
    0x10, 0x04, 0x83, 0xa9, 0xcd, 0xde, 0x6b, 0xd0, 0xab, 0x59, 0x82, 0x54, 
    0x18, 0xa8, 0x00, 0x0c, 0x54, 0xa0, 0xd7, 0xe0, 0x14, 0x06, 0x2a, 0x00, 
    0x03, 0x15, 0xec, 0x35, 0x38, 0x85, 0x81, 0x0a, 0xc0, 0x40, 0x05, 0x7c, 
    0x0d, 0x4e, 0x61, 0xc4, 0xa0, 0x01, 0x40, 0x10, 0x0c, 0x9e, 0x39, 0xbb, 
    0xaf, 0xbb, 0x22, 0xb3, 0x58, 0x80, 0x85, 0xfa, 0xaa, 0xaf, 0xfa, 0xaa, 
    0xaf, 0xd1, 0x84, 0x00, 0x18, 0x4d, 0x10, 0x82, 0xd1, 0x84, 0x41, 0x18, 
    0x31, 0x30, 0x00, 0x10, 0x04, 0x03, 0x2e, 0xce, 0xf0, 0x6b, 0x18, 0x31, 
    0x30, 0x00, 0x10, 0x04, 0x03, 0x4e, 0xce, 0xf2, 0x6b, 0x18, 0x31, 0x30, 
    0x00, 0x10, 0x04, 0x03, 0x6e, 0xce, 0xf4, 0x6b, 0xa8, 0x41, 0xd0, 0x0a, 
    0x04, 0x9d, 0x65, 0x50, 0x85, 0x55, 0x08, 0x46, 0x0c, 0x0e, 0x00, 0x04, 
    0xc1, 0x60, 0xd2, 0xb3, 0xfd, 0x42, 0x4c, 0x6b, 0xc4, 0xe0, 0x00, 0x40, 
    0x10, 0x0c, 0xa6, 0x3d, 0xe3, 0x2f, 0xe4, 0xb4, 0x46, 0x0c, 0x0e, 0x00, 
    0x04, 0xc1, 0x60, 0xe2, 0xb3, 0xfe, 0x42, 0x50, 0x6b, 0xc4, 0xe0, 0x00, 
    0x40, 0x10, 0x0c, 0xa6, 0x3e, 0xfb, 0xaf, 0x61, 0xb5, 0x46, 0x0c, 0x0e, 
    0x00, 0x04, 0xc1, 0x60, 0xf2, 0x33, 0x10, 0x1b, 0x58, 0x6b, 0xc4, 0xe0, 
    0x00, 0x40, 0x10, 0x0c, 0xa6, 0x3f, 0x0b, 0xb1, 0xa1, 0xb5, 0x66, 0x09, 
    0x56, 0x61, 0xa0, 0x02, 0x30, 0x54, 0x01, 0x67, 0x83, 0x54, 0x18, 0xa8, 
    0x00, 0x0c, 0x55, 0xd0, 0xd9, 0x20, 0x15, 0x06, 0x2a, 0x00, 0x43, 0x15, 
    0x78, 0x36, 0x48, 0x85, 0x11, 0x83, 0x06, 0x00, 0x41, 0x30, 0x78, 0x4a, 
    0x2d, 0xc5, 0x56, 0xcb, 0xce, 0xc6, 0x41, 0x1c, 0x4e, 0xec, 0xc4, 0x4e, 
    0xec, 0xc4, 0x46, 0x13, 0x02, 0x60, 0x34, 0x41, 0x08, 0x46, 0x13, 0x06, 
    0x61, 0xc4, 0xc0, 0x00, 0x40, 0x10, 0x0c, 0xb8, 0x51, 0x53, 0xb1, 0x61, 
    0xc4, 0xc0, 0x00, 0x40, 0x10, 0x0c, 0x38, 0x52, 0x5b, 0xb1, 0x61, 0xc4, 
    0xc0, 0x00, 0x40, 0x10, 0x0c, 0xb8, 0x52, 0x63, 0xb1, 0xa1, 0x06, 0x41, 
    0x2b, 0x10, 0x74, 0x96, 0x81, 0x15, 0x5a, 0x21, 0x18, 0x31, 0x38, 0x00, 
    0x10, 0x04, 0x83, 0x89, 0xd5, 0x5a, 0x0c, 0xc1, 0xad, 0x11, 0x83, 0x03, 
    0x00, 0x41, 0x30, 0x98, 0x5a, 0xcd, 0xc5, 0x90, 0xdc, 0x1a, 0x31, 0x38, 
    0x00, 0x10, 0x04, 0x83, 0xc9, 0xd5, 0x5e, 0x0c, 0xd1, 0xad, 0x11, 0x83, 
    0x03, 0x00, 0x41, 0x30, 0x98, 0x5e, 0x2d, 0xc6, 0x86, 0xde, 0x1a, 0x31, 
    0x38, 0x00, 0x10, 0x04, 0x83, 0x09, 0xd6, 0x64, 0x6c, 0xf0, 0xad, 0x11, 
    0x83, 0x03, 0x00, 0x41, 0x30, 0x98, 0x62, 0x6d, 0xc6, 0x86, 0xdf, 0x9a, 
    0x25, 0x68, 0x85, 0x81, 0x0a, 0xc0, 0x60, 0x05, 0xbe, 0x0d, 0x56, 0x61, 
    0xa0, 0x02, 0x30, 0x58, 0xc1, 0x6f, 0x83, 0x55, 0x18, 0xa8, 0x00, 0x0c, 
    0x56, 0x00, 0xdd, 0x60, 0x15, 0x6c, 0xa8, 0xe0, 0x63, 0x43, 0x05, 0x1f, 
    0x1b, 0x2a, 0xf8, 0x18, 0xc6, 0x07, 0xf2, 0x31, 0x8c, 0x0f, 0xe4, 0x63, 
    0x18, 0x1f, 0xc8, 0xc7, 0x92, 0x36, 0x90, 0x8f, 0x25, 0x6d, 0x20, 0x1f, 
    0x4b, 0xda, 0x40, 0x3e, 0x36, 0x18, 0xf0, 0xb1, 0xc1, 0x80, 0x8f, 0x0d, 
    0x06, 0x7c, 0x66, 0x09, 0x5c, 0x61, 0xa0, 0x02, 0x30, 0x5a, 0xc1, 0x2d, 
    0x48, 0x61, 0xa0, 0x02, 0x30, 0x5a, 0xc1, 0x2d, 0x48, 0x61, 0xa0, 0x02, 
    0x30, 0x5a, 0xc1, 0x2d, 0x48, 0x61, 0xa0, 0x02, 0xf0, 0x5a, 0xc1, 0x37, 
    0x48, 0x61, 0xa0, 0x02, 0xf0, 0x5a, 0xc1, 0x37, 0x48, 0x61, 0xa0, 0x02, 
    0xf0, 0x5a, 0xc1, 0x37, 0x48, 0x61, 0xc4, 0xa0, 0x01, 0x40, 0x10, 0x0c, 
    0x9e, 0x74, 0x6b, 0x33, 0xf8, 0xd2, 0xb5, 0x93, 0x30, 0x89, 0x35, 0x5b, 
    0xb3, 0x35, 0x5b, 0xb3, 0xd1, 0x84, 0x00, 0x18, 0x4d, 0x10, 0x82, 0xd1, 
    0x84, 0x41, 0x18, 0x31, 0x30, 0x00, 0x10, 0x04, 0x03, 0xee, 0xdc, 0xdc, 
    0x6c, 0x18, 0x31, 0x30, 0x00, 0x10, 0x04, 0x03, 0x0e, 0xdd, 0xde, 0x6c, 
    0x18, 0x31, 0x30, 0x00, 0x10, 0x04, 0x03, 0x2e, 0xdd, 0xe0, 0x6c, 0xa8, 
    0x41, 0xd0, 0x0a, 0x04, 0x9d, 0x65, 0x78, 0x05, 0x58, 0x08, 0x46, 0x0c, 
    0x0e, 0x00, 0x04, 0xc1, 0x60, 0x82, 0xb7, 0x38, 0x43, 0xf8, 0x6b, 0xc4, 
    0xe0, 0x00, 0x40, 0x10, 0x0c, 0xa6, 0x78, 0x93, 0x33, 0xa4, 0xbf, 0x46, 
    0x0c, 0x0e, 0x00, 0x04, 0xc1, 0x60, 0x92, 0xb7, 0x39, 0x43, 0xfc, 0x6b, 
    0xc4, 0xe0, 0x00, 0x40, 0x10, 0x0c, 0xa6, 0x79, 0xab, 0xb3, 0x01, 0xc4, 
    0x46, 0x0c, 0x0e, 0x00, 0x04, 0xc1, 0x60, 0xa2, 0x37, 0x3b, 0x1b, 0x42, 
    0x6c, 0xc4, 0xe0, 0x00, 0x40, 0x10, 0x0c, 0xa6, 0x7a, 0xbb, 0xb3, 0x41, 
    0xc4, 0x66, 0x09, 0x60, 0x61, 0xa0, 0x02, 0x30, 0x5e, 0x81, 0x84, 0x03, 
    0x57, 0x18, 0xa8, 0x00, 0x8c, 0x57, 0x30, 0xe1, 0xc0, 0x15, 0x06, 0x2a, 
    0x00, 0xe3, 0x15, 0x50, 0x38, 0x70, 0x05, 0x1b, 0x30, 0xf8, 0xd8, 0x80, 
    0xc1, 0xc7, 0x06, 0x0c, 0x3e, 0x23, 0x06, 0x06, 0x00, 0x82, 0x60, 0xc0, 
    0xe1, 0xdb, 0x9f, 0x0d, 0x23, 0x06, 0x06, 0x00, 0x82, 0x60, 0xc0, 0xe5, 
    0x1b, 0xa8, 0x0d, 0x23, 0x06, 0x06, 0x00, 0x82, 0x60, 0xc0, 0xe9, 0x5b, 
    0xa8, 0x0d, 0x35, 0x08, 0x5a, 0x81, 0xa0, 0xb3, 0x0c, 0xb1, 0x20, 0x0b, 
    0xc1, 0x88, 0xc1, 0x01, 0x80, 0x20, 0x18, 0x4c, 0x21, 0x27, 0x6a, 0x48, 
    0x8b, 0x8d, 0x18, 0x1c, 0x00, 0x08, 0x82, 0xc1, 0x24, 0x72, 0xa3, 0x86, 
    0xb8, 0xd8, 0x88, 0xc1, 0x01, 0x80, 0x20, 0x18, 0x4c, 0x23, 0x47, 0x6a, 
    0xc8, 0x8b, 0x8d, 0x18, 0x1c, 0x00, 0x08, 0x82, 0xc1, 0x44, 0x72, 0xa6, 
    0x36, 0xc4, 0xd8, 0x88, 0xc1, 0x01, 0x80, 0x20, 0x18, 0x4c, 0x25, 0x77, 
    0x6a, 0x83, 0x8c, 0x8d, 0x18, 0x1c, 0x00, 0x08, 0x82, 0xc1, 0x64, 0x72, 
    0xa8, 0x36, 0xcc, 0xd8, 0x2c, 0x81, 0x2c, 0x0c, 0x54, 0x00, 0x46, 0x2c, 
    0x98, 0x71, 0x00, 0x0b, 0x03, 0x15, 0x80, 0x11, 0x0b, 0x68, 0x1c, 0xc0, 
    0xc2, 0x40, 0x05, 0x60, 0xc4, 0x82, 0x1a, 0x07, 0xb0, 0x30, 0x62, 0xd0, 
    0x00, 0x20, 0x08, 0x06, 0x0f, 0xcb, 0xc1, 0x1a, 0x8d, 0xf5, 0x9b, 0x5a, 
    0xa4, 0x85, 0xab, 0xb9, 0x9a, 0xab, 0xb9, 0xda, 0x68, 0x42, 0x00, 0x8c, 
    0x26, 0x08, 0xc1, 0x68, 0xc2, 0x20, 0x8c, 0x18, 0x18, 0x00, 0x08, 0x82, 
    0x01, 0xa7, 0x72, 0xb1, 0x36, 0x8c, 0x18, 0x18, 0x00, 0x08, 0x82, 0x01, 
    0xb7, 0x72, 0xb2, 0x36, 0x8c, 0x18, 0x18, 0x00, 0x08, 0x82, 0x01, 0xc7, 
    0x72, 0xb3, 0x36, 0xd4, 0x20, 0x68, 0x05, 0x82, 0xce, 0x32, 0xcc, 0x02, 
    0x2d, 0x04, 0x23, 0x06, 0x07, 0x00, 0x82, 0x60, 0x30, 0xcd, 0x1c, 0xad, 
    0x21, 0x3f, 0x36, 0x62, 0x70, 0x00, 0x20, 0x08, 0x06, 0x13, 0xcd, 0xd5, 
    0x1a, 0x02, 0x66, 0x23, 0x06, 0x07, 0x00, 0x82, 0x60, 0x30, 0xd5, 0x9c, 
    0xad, 0x21, 0x61, 0x36, 0x62, 0x70, 0x00, 0x20, 0x08, 0x06, 0x93, 0xcd, 
    0xe1, 0xda, 0x30, 0x66, 0x23, 0x06, 0x07, 0x00, 0x82, 0x60, 0x30, 0xdd, 
    0x5c, 0xae, 0x0d, 0x64, 0x36, 0x62, 0x70, 0x00, 0x20, 0x08, 0x06, 0x13, 
    0xce, 0xe9, 0xda, 0x50, 0x66, 0xb3, 0x04, 0xb4, 0x30, 0x50, 0x01, 0x18, 
    0xb3, 0xa0, 0xca, 0x81, 0x2c, 0x0c, 0x54, 0x00, 0xc6, 0x2c, 0xb0, 0x72, 
    0x20, 0x0b, 0x03, 0x15, 0x80, 0x31, 0x0b, 0xae, 0x1c, 0xc8, 0xc2, 0x88, 
    0xc1, 0x01, 0x80, 0x20, 0x18, 0x4c, 0x3c, 0xd7, 0x6b, 0x78, 0xd0, 0x66, 
    0x23, 0x06, 0x07, 0x00, 0x82, 0x60, 0x30, 0xf5, 0x9c, 0xaf, 0xe1, 0x81, 
    0x9b, 0x8d, 0x18, 0x1c, 0x00, 0x08, 0x82, 0xc1, 0xe4, 0x73, 0xbf, 0x86, 
    0x07, 0x6f, 0x66, 0x6e, 0x36, 0xd0, 0xc7, 0xde, 0x6c, 0xa0, 0x8f, 0xc1, 
    0xd9, 0x40, 0x1f, 0x1b, 0x12, 0xf9, 0xd8, 0x90, 0xc8, 0xc7, 0x86, 0x44, 
    0x3e, 0x23, 0x06, 0x06, 0x00, 0x82, 0x60, 0xc0, 0x85, 0x1d, 0xba, 0x0d, 
    0x23, 0x06, 0x06, 0x00, 0x82, 0x60, 0xc0, 0x89, 0x5d, 0xba, 0x0d, 0x23, 
    0x06, 0x06, 0x00, 0x82, 0x60, 0xc0, 0x8d, 0x9d, 0xba, 0x0d, 0x35, 0x08, 
    0x5a, 0x81, 0xa0, 0xb3, 0x0c, 0xb5, 0x60, 0x0b, 0xc1, 0x88, 0xc1, 0x01, 
    0x80, 0x20, 0x18, 0x4c, 0x6a, 0xb7, 0x6e, 0x88, 0x9d, 0x8d, 0x18, 0x1c, 
    0x00, 0x08, 0x82, 0xc1, 0xb4, 0x76, 0xec, 0x86, 0xdc, 0xd9, 0x88, 0xc1, 
    0x01, 0x80, 0x20, 0x18, 0x4c, 0x6c, 0xd7, 0x6e, 0x08, 0x9e, 0x8d, 0x18, 
    0x1c, 0x00, 0x08, 0x82, 0xc1, 0xd4, 0x76, 0xef, 0x36, 0xe8, 0xd9, 0x88, 
    0xc1, 0x01, 0x80, 0x20, 0x18, 0x4c, 0x6e, 0x07, 0x6f, 0xc3, 0x9e, 0x8d, 
    0x18, 0x1c, 0x00, 0x08, 0x82, 0xc1, 0xf4, 0x76, 0xf1, 0x36, 0xf0, 0xd9, 
    0x2c, 0x81, 0x2d, 0x0c, 0x54, 0x00, 0x46, 0x2d, 0xe0, 0x73, 0x40, 0x0b, 
    0x03, 0x15, 0x80, 0x51, 0x0b, 0xfa, 0x1c, 0xd0, 0xc2, 0x40, 0x05, 0x60, 
    0xd4, 0x02, 0x3f, 0x07, 0xb4, 0x30, 0x62, 0xb0, 0x00, 0x20, 0x08, 0x06, 
    0x9e, 0xdb, 0xf1, 0xdb, 0x20, 0x04, 0xa5, 0x66, 0x6a, 0xa7, 0x36, 0x62, 
    0x60, 0x00, 0x20, 0x08, 0x06, 0x1c, 0xdc, 0xdd, 0x5b, 0x30, 0xcb, 0x70, 
    0x0b, 0xb8, 0x10, 0x8c, 0x18, 0x1c, 0x00, 0x08, 0x82, 0xc1, 0x54, 0x77, 
    0xf6, 0x26, 0x84, 0xda, 0x2c, 0x01, 0x2e, 0x0c, 0x54, 0x00, 0xc2, 0x2d, 
    0x90, 0x74, 0x60, 0x0b, 0x86, 0xc1, 0x81, 0x7c, 0x0c, 0x83, 0x03, 0xf9, 
    0x18, 0x06, 0x07, 0xf2, 0x19, 0x31, 0x30, 0x00, 0x10, 0x04, 0x03, 0xce, 
    0xee, 0xfa, 0x6d, 0x18, 0x31, 0x30, 0x00, 0x10, 0x04, 0x03, 0xee, 0xee, 
    0xfc, 0x6d, 0x18, 0x31, 0x30, 0x00, 0x10, 0x04, 0x03, 0x0e, 0xef, 0xfe, 
    0x6d, 0xa8, 0x41, 0xd0, 0x0a, 0x04, 0x9d, 0x65, 0xc8, 0x05, 0x5d, 0x08, 
    0x46, 0x0c, 0x0e, 0x00, 0x04, 0xc1, 0x60, 0xfa, 0x3b, 0x90, 0x43, 0x56, 
    0x6d, 0xc4, 0xe0, 0x00, 0x40, 0x10, 0x0c, 0x26, 0xd0, 0x0b, 0x39, 0x84, 
    0xd5, 0x46, 0x0c, 0x0e, 0x00, 0x04, 0xc1, 0x60, 0x0a, 0x3d, 0x91, 0x43, 
    0x5a, 0x6d, 0xc4, 0xe0, 0x00, 0x40, 0x10, 0x0c, 0x26, 0xd1, 0x23, 0xb9, 
    0xe1, 0xd5, 0x46, 0x0c, 0x0e, 0x00, 0x04, 0xc1, 0x60, 0x1a, 0xbd, 0x92, 
    0x1b, 0x60, 0x6d, 0xc4, 0xe0, 0x00, 0x40, 0x10, 0x0c, 0x26, 0xd2, 0x33, 
    0xb9, 0x21, 0xd6, 0x66, 0x09, 0x74, 0x61, 0xa0, 0x02, 0x30, 0x72, 0x41, 
    0xac, 0x03, 0x5c, 0x18, 0xa8, 0x00, 0x8c, 0x5c, 0x20, 0xeb, 0x00, 0x17, 
    0x06, 0x2a, 0x00, 0x23, 0x17, 0xcc, 0x3a, 0xc0, 0x85, 0x11, 0x83, 0x05, 
    0x00, 0x41, 0x30, 0xf0, 0x46, 0x2f, 0xe6, 0x06, 0x21, 0xd0, 0xb5, 0x5d, 
    0xe3, 0xb5, 0x11, 0x03, 0x03, 0x00, 0x41, 0x30, 0xe0, 0x4a, 0x8f, 0xe5, 
    0x82, 0x59, 0x86, 0x5d, 0xe0, 0x85, 0x60, 0xc4, 0xe0, 0x00, 0x40, 0x10, 
    0x0c, 0x26, 0xd5, 0x5b, 0x39, 0xc1, 0xd6, 0x66, 0x09, 0x78, 0x61, 0xa0, 
    0x02, 0x10, 0x76, 0xc1, 0xad, 0x03, 0x5d, 0x28, 0xf9, 0x88, 0x39, 0x29, 
    0xf9, 0x08, 0xa0, 0x02, 0xbe, 0x93, 0x12, 0xbd, 0x00, 0x56, 0x30, 0xe0, 
    0xde, 0xe8, 0x05, 0xc3, 0x06, 0x44, 0x80, 0x07, 0x03, 0x50, 0xf7, 0x61, 
    0x73, 0x52, 0xf7, 0x11, 0x40, 0x05, 0xa1, 0x27, 0x85, 0x7a, 0x01, 0xac, 
    0x60, 0xe8, 0x3d, 0xd4, 0x0b, 0x86, 0x0d, 0x88, 0x80, 0x0f, 0x06, 0xa0, 
    0xf8, 0x63, 0xe7, 0xa4, 0xf8, 0x23, 0x80, 0x0a, 0x4c, 0x4f, 0x2a, 0xf5, 
    0x02, 0x58, 0xc1, 0x20, 0x7e, 0xad, 0x17, 0x0c, 0x1b, 0x10, 0x01, 0x28, 
    0x0c, 0x40, 0x85, 0x08, 0xd8, 0x49, 0x85, 0x48, 0x00, 0x15, 0xac, 0x9e, 
    0x54, 0xeb, 0x05, 0xb0, 0x82, 0xe1, 0xfc, 0x64, 0x2f, 0x18, 0x36, 0x20, 
    0x02, 0x35, 0x18, 0x80, 0x32, 0x91, 0xb2, 0x93, 0x32, 0x91, 0x00, 0x2a, 
    0x80, 0x3d, 0x29, 0xdb, 0x0b, 0x60, 0x05, 0xc3, 0xfa, 0xdd, 0x5e, 0x30, 
    0x6c, 0x40, 0x04, 0xbe, 0x30, 0x00, 0xb5, 0x22, 0x6a, 0x27, 0xb5, 0x22, 
    0x01, 0x54, 0x50, 0x7b, 0x52, 0xbc, 0x17, 0xc0, 0x0a, 0x06, 0xf8, 0xe3, 
    0xbd, 0x60, 0xd8, 0x80, 0x08, 0xc4, 0x61, 0x00, 0x0a, 0x46, 0xde, 0x4e, 
    0x0a, 0x46, 0x02, 0xa8, 0x40, 0xf7, 0xa4, 0x7a, 0x2f, 0x80, 0x15, 0x0c, 
    0xf5, 0x17, 0x7e, 0xc1, 0xb0, 0x01, 0x11, 0x98, 0xc3, 0x00, 0x54, 0x8d, 
    0xd0, 0x9d, 0x54, 0x8d, 0x04, 0x50, 0xc1, 0xef, 0x49, 0x85, 0x5f, 0x00, 
    0x2b, 0x18, 0xf4, 0xcf, 0xfc, 0x82, 0x61, 0x03, 0x22, 0x48, 0x83, 0x01, 
    0x98, 0x25, 0xe8, 0x85, 0x11, 0x03, 0x03, 0x00, 0x41, 0x30, 0xc8, 0xe2, 
    0x8f, 0xf5, 0xcc, 0x6f, 0x96, 0xc1, 0x17, 0xca, 0xa1, 0xd7, 0x66, 0x19, 
    0x7e, 0x61, 0x2c, 0xc2, 0x6d, 0xc4, 0xe0, 0x00, 0x40, 0x10, 0x0c, 0xca, 
    0x80, 0xfd, 0xfe, 0xee, 0xde, 0xd0, 0x6f, 0x34, 0x21, 0x08, 0x2a, 0x30, 
    0x3f, 0x1d, 0x6e, 0x08, 0xd4, 0x0f, 0x0c, 0x66, 0x19, 0xc2, 0x01, 0x1c, 
    0x82, 0x11, 0x83, 0x07, 0x00, 0x41, 0x30, 0x68, 0xf6, 0x2f, 0xf6, 0xfa, 
    0x8d, 0xdf, 0xd6, 0x4d, 0xdd, 0x78, 0x8e, 0xe7, 0xd6, 0x6f, 0xfd, 0xf8, 
    0x8e, 0xe4, 0x46, 0x13, 0x02, 0x60, 0x34, 0x41, 0x08, 0x46, 0x13, 0x06, 
    0x61, 0x96, 0x40, 0x1c, 0x46, 0x0c, 0x1a, 0x00, 0x04, 0xc1, 0xe0, 0xf1, 
    0x3f, 0xd1, 0x0b, 0xb9, 0xf7, 0xc3, 0xb7, 0x7b, 0x03, 0x3d, 0xd0, 0x03, 
    0x3d, 0xd0, 0x1b, 0x4d, 0x08, 0x80, 0xd1, 0x04, 0x21, 0x18, 0x4d, 0x18, 
    0x84, 0x59, 0x02, 0x71, 0x18, 0xa8, 0x00, 0x1c, 0x70, 0x30, 0xc2, 0x61, 
    0xa0, 0x02, 0x70, 0xc0, 0xc1, 0x08, 0x87, 0x81, 0x0a, 0xc0, 0x01, 0x07, 
    0x23, 0x1c, 0x46, 0x0c, 0x0c, 0x00, 0x04, 0xc1, 0x80, 0xfb, 0x3f, 0xd3, 
    0x1b, 0x46, 0x0c, 0x0c, 0x00, 0x04, 0xc1, 0x80, 0x03, 0xc1, 0xe0, 0xf4, 
    0x86, 0x11, 0x03, 0x03, 0x00, 0x41, 0x30, 0xe0, 0x42, 0x30, 0x40, 0xbd, 
    0xa1, 0x06, 0x41, 0x2b, 0x10, 0x74, 0x96, 0x61, 0x1c, 0xc8, 0x21, 0x18, 
    0x31, 0x38, 0x00, 0x10, 0x04, 0x83, 0x09, 0x05, 0x83, 0xd4, 0x43, 0x68, 
    0x6e, 0xc4, 0xe0, 0x00, 0x40, 0x10, 0x0c, 0xa6, 0x14, 0x0c, 0x54, 0x0f, 
    0xa9, 0xb9, 0x11, 0x83, 0x03, 0x00, 0x41, 0x30, 0x98, 0x54, 0x30, 0x58, 
    0x3d, 0xc4, 0xe6, 0x46, 0x0c, 0x0e, 0x00, 0x04, 0xc1, 0x60, 0x5a, 0xc1, 
    0xa0, 0xf5, 0x06, 0x9c, 0x1b, 0x31, 0x38, 0x00, 0x10, 0x04, 0x83, 0x89, 
    0x05, 0x03, 0xd7, 0x1b, 0x72, 0x6e, 0xc4, 0xe0, 0x00, 0x40, 0x10, 0x0c, 
    0xa6, 0x16, 0x0c, 0x5e, 0x6f, 0xd0, 0xb9, 0x59, 0x02, 0x72, 0x18, 0xa8, 
    0x00, 0x8c, 0x71, 0xa0, 0xf3, 0x40, 0x1c, 0x06, 0x2a, 0x00, 0x63, 0x1c, 
    0xec, 0x3c, 0x10, 0x87, 0x81, 0x0a, 0xc0, 0x18, 0x07, 0x3c, 0x0f, 0xc4, 
    0x61, 0xc4, 0xe0, 0x00, 0x40, 0x10, 0x0c, 0xa6, 0x18, 0x0c, 0x64, 0x6f, 
    0xe8, 0xb9, 0x11, 0x83, 0x03, 0x00, 0x41, 0x30, 0x98, 0x64, 0x30, 0x98, 
    0xbd, 0xc1, 0xe7, 0x46, 0x0c, 0x0e, 0x00, 0x04, 0xc1, 0x60, 0x9a, 0xc1, 
    0x80, 0xf6, 0x86, 0x9f, 0x1b, 0x31, 0x38, 0x00, 0x10, 0x04, 0x83, 0x89, 
    0x06, 0x03, 0xdb, 0x1b, 0xc8, 0x6e, 0xc4, 0xe0, 0x00, 0x40, 0x10, 0x0c, 
    0xa6, 0x1a, 0x0c, 0x6e, 0x6f, 0x28, 0xbb, 0x11, 0x83, 0x03, 0x00, 0x41, 
    0x30, 0x98, 0x6c, 0x30, 0xc0, 0xbd, 0xc1, 0xec, 0x46, 0x0c, 0x1c, 0x00, 
    0x04, 0xc1, 0x20, 0xc2, 0xc1, 0xe0, 0xf7, 0xc4, 0x6e, 0xe6, 0x64, 0x6e, 
    0xf7, 0x06, 0x21, 0x30, 0x3b, 0xfc, 0x9b, 0x25, 0x18, 0x8b, 0xba, 0xb9, 
    0x13, 0x0c, 0xa0, 0x6e, 0x0e, 0x05, 0x03, 0x98, 0x65, 0x30, 0x87, 0xb1, 
    0x30, 0xb9, 0xca, 0x39, 0xdf, 0x93, 0xca, 0xb9, 0x00, 0x2a, 0x48, 0xc1, 
    0x40, 0x6a, 0x05, 0x83, 0x00, 0x56, 0x30, 0x90, 0x61, 0x00, 0x83, 0x41, 
    0x40, 0x01, 0x30, 0xea, 0xe7, 0xc8, 0x4f, 0xea, 0xe7, 0x02, 0xa8, 0xe0, 
    0x05, 0x03, 0xa9, 0x18, 0x0c, 0x02, 0x58, 0xc1, 0xb0, 0x86, 0x81, 0x0d, 
    0x06, 0x01, 0x05, 0xc0, 0xb0, 0xe3, 0x90, 0x8f, 0x09, 0x82, 0x7c, 0x6c, 
    0x48, 0xe4, 0x53, 0x67, 0xc7, 0x83, 0x01, 0x54, 0xda, 0xb9, 0x9f, 0x94, 
    0x10, 0x40, 0x05, 0x39, 0x18, 0x48, 0xed, 0x60, 0x10, 0xc0, 0x0a, 0x06, 
    0x3a, 0x0c, 0xc0, 0x30, 0x08, 0x28, 0x00, 0x46, 0xbd, 0x1d, 0xfd, 0x49, 
    0x21, 0x01, 0x54, 0xf0, 0x83, 0x81, 0x54, 0x18, 0x06, 0x01, 0xac, 0x60, 
    0xd8, 0xc3, 0xc0, 0x0c, 0x83, 0x80, 0x02, 0x60, 0xd8, 0x71, 0xc8, 0xc7, 
    0x04, 0x41, 0x3e, 0x36, 0x24, 0xf2, 0x29, 0xbc, 0xeb, 0x3f, 0xa9, 0x30, 
    0x08, 0xa0, 0x02, 0x34, 0x0c, 0xa4, 0xd4, 0x30, 0x08, 0x60, 0x05, 0xc3, 
    0x28, 0x06, 0x6f, 0x18, 0x04, 0x14, 0x00, 0xa3, 0xfc, 0x6e, 0x04, 0x03, 
    0xa9, 0x33, 0x08, 0xa0, 0x02, 0x37, 0x0c, 0xa4, 0xe0, 0x30, 0x08, 0x60, 
    0x05, 0x83, 0x2a, 0x06, 0x75, 0x18, 0x04, 0x14, 0x00, 0xc3, 0x8e, 0x43, 
    0x3e, 0x26, 0x08, 0xf2, 0xb1, 0x21, 0x91, 0x4f, 0x99, 0x9e, 0x1d, 0x06, 
    0x50, 0xa8, 0xd7, 0x82, 0x81, 0x94, 0x10, 0x40, 0x05, 0x78, 0x18, 0x48, 
    0xe9, 0x61, 0x10, 0xc0, 0x0a, 0x86, 0x59, 0x0c, 0xfe, 0x30, 0x08, 0x28, 
    0x00, 0x46, 0xb9, 0xde, 0x0c, 0x06, 0x52, 0x48, 0x00, 0x15, 0xf8, 0x61, 
    0x20, 0x05, 0x8a, 0x41, 0x00, 0x2b, 0x18, 0x74, 0x31, 0x28, 0xc5, 0x20, 
    0xa0, 0x00, 0x18, 0x76, 0x1c, 0xf2, 0x31, 0x41, 0x90, 0x8f, 0x0d, 0x89, 
    0x7c, 0xca, 0xf6, 0x4a, 0x31, 0x80, 0xc2, 0xbd, 0x1e, 0x0c, 0xa4, 0x84, 
    0x00, 0x2a, 0x40, 0xc5, 0x40, 0x4a, 0x15, 0x83, 0x00, 0x56, 0x30, 0x8c, 
    0x63, 0xf0, 0x8a, 0x41, 0x40, 0x01, 0x30, 0xca, 0xf7, 0xc6, 0x30, 0x90, 
    0x42, 0x02, 0xa8, 0xc0, 0x15, 0x03, 0x29, 0x58, 0x0c, 0x02, 0x58, 0xc1, 
    0xa0, 0x8e, 0x41, 0x2d, 0x06, 0x01, 0x05, 0xc0, 0xb0, 0xe3, 0x90, 0x8f, 
    0x09, 0x82, 0x7c, 0x6c, 0x48, 0xe4, 0x53, 0xe7, 0xb7, 0x8b, 0x01, 0x54, 
    0xd0, 0x86, 0x81, 0x14, 0xfa, 0x05, 0x50, 0x01, 0x2e, 0x06, 0x52, 0xba, 
    0x18, 0x04, 0xb0, 0x82, 0x61, 0x1e, 0x83, 0x5f, 0x0c, 0x02, 0x0a, 0x80, 
    0x51, 0xc7, 0x1c, 0x06, 0x52, 0xee, 0x17, 0x40, 0x05, 0xbe, 0x18, 0x48, 
    0x81, 0x63, 0x10, 0xc0, 0x0a, 0x06, 0x7d, 0x0c, 0xca, 0x31, 0x08, 0x28, 
    0x00, 0x86, 0x1d, 0x87, 0x7c, 0x4c, 0x10, 0xe4, 0x63, 0x43, 0x22, 0x9f, 
    0x82, 0xf8, 0x30, 0x90, 0x82, 0x85, 0x00, 0x2a, 0x38, 0xc7, 0x40, 0x2a, 
    0x1d, 0x83, 0x00, 0x56, 0x30, 0x88, 0x64, 0xe0, 0x8e, 0x41, 0x40, 0x01, 
    0x30, 0xca, 0x12, 0xc5, 0x40, 0xca, 0x16, 0x02, 0xa8, 0xa0, 0x1d, 0x03, 
    0xa9, 0x77, 0x0c, 0x02, 0x58, 0xc1, 0x90, 0x92, 0x01, 0x3d, 0x06, 0x01, 
    0x05, 0xc0, 0xb0, 0xe3, 0x90, 0x8f, 0x09, 0x82, 0x7c, 0x6c, 0x48, 0xe4, 
    0x53, 0xdf, 0x2a, 0x06, 0x52, 0xef, 0x10, 0x40, 0x05, 0xf6, 0x18, 0x48, 
    0xe1, 0x63, 0x10, 0xc0, 0x0a, 0x86, 0x98, 0x0c, 0xfa, 0x31, 0x08, 0x28, 
    0x00, 0x46, 0x95, 0x41, 0x2c, 0x06, 0x52, 0xf5, 0x10, 0x40, 0x05, 0xfc, 
    0x18, 0x48, 0xf9, 0x63, 0x10, 0xc0, 0x0a, 0x06, 0x9c, 0x0c, 0x46, 0x32, 
    0x08, 0x28, 0x00, 0x86, 0x1d, 0x87, 0x7c, 0x4c, 0x10, 0xe4, 0x63, 0x43, 
    0x22, 0x9f, 0x72, 0x03, 0x5d, 0x0c, 0xa4, 0x5e, 0x21, 0x80, 0x0a, 0x4a, 
    0x32, 0x90, 0x3a, 0xc9, 0x20, 0x80, 0x15, 0x0c, 0x60, 0x19, 0xb0, 0x64, 
    0x10, 0x50, 0x00, 0x8c, 0xa2, 0x03, 0x70, 0x0c, 0xa4, 0x6a, 0x21, 0x80, 
    0x0a, 0x56, 0x32, 0x90, 0x6a, 0xc9, 0x20, 0x80, 0x15, 0x0c, 0x67, 0x19, 
    0xc8, 0x64, 0x10, 0x50, 0x00, 0x0c, 0x3b, 0x0e, 0xf9, 0x98, 0x20, 0xc8, 
    0xc7, 0x86, 0x44, 0x3e, 0xd5, 0x07, 0xe9, 0x18, 0x48, 0xb9, 0x42, 0x00, 
    0x15, 0xd0, 0x64, 0x20, 0x65, 0x93, 0x41, 0x00, 0x2b, 0x18, 0xde, 0x32, 
    0xd8, 0xc9, 0x20, 0xa0, 0x00, 0x18, 0x35, 0x0a, 0xef, 0x18, 0x48, 0xd1, 
    0x42, 0x00, 0x15, 0xe8, 0x64, 0x20, 0xc5, 0x93, 0x41, 0x00, 0x2b, 0x18, 
    0xec, 0x32, 0x08, 0xcb, 0x20, 0xa0, 0x00, 0x18, 0x76, 0x1c, 0xf2, 0x31, 
    0x41, 0x90, 0x8f, 0x0d, 0x89, 0x7c, 0x8a, 0x27, 0xf0, 0x31, 0x90, 0x9a, 
    0xc3, 0x20, 0x80, 0x0a, 0xc6, 0x32, 0x90, 0x2a, 0xcb, 0x20, 0x80, 0x15, 
    0x0c, 0x7e, 0x19, 0xa8, 0x65, 0x10, 0x50, 0x00, 0x8c, 0x12, 0x0b, 0x7f, 
    0x0c, 0xa4, 0xf2, 0x30, 0x08, 0xa0, 0x82, 0xb4, 0x0c, 0xa4, 0xd6, 0x32, 
    0x08, 0x60, 0x05, 0x43, 0x69, 0x06, 0x70, 0x19, 0x04, 0x14, 0x00, 0xc3, 
    0x8e, 0x43, 0x3e, 0x26, 0x08, 0xf2, 0xb1, 0x21, 0x91, 0x4f, 0xad, 0xc5, 
    0x49, 0x06, 0x52, 0x3b, 0x11, 0x40, 0x05, 0x72, 0x19, 0x48, 0xd1, 0x65, 
    0x10, 0xc0, 0x0a, 0x86, 0xd6, 0x0c, 0xf2, 0x32, 0x08, 0x28, 0x00, 0x46, 
    0xc5, 0x45, 0x4b, 0x06, 0x52, 0x61, 0x11, 0x40, 0x05, 0x78, 0x19, 0x48, 
    0xe9, 0x65, 0x10, 0xc0, 0x0a, 0x06, 0xda, 0x0c, 0xfe, 0x32, 0x08, 0x28, 
    0x00, 0x86, 0x1d, 0x87, 0x7c, 0x4c, 0x10, 0xe4, 0x63, 0x43, 0x22, 0x9f, 
    0xd2, 0x0b, 0x9b, 0x0c, 0xa4, 0xf4, 0x22, 0x80, 0x0a, 0x42, 0x33, 0x90, 
    0x1a, 0xcd, 0x20, 0x80, 0x15, 0x0c, 0xbc, 0x19, 0xa0, 0x66, 0x10, 0x50, 
    0x00, 0x8c, 0x02, 0x0d, 0x9e, 0x0c, 0xa4, 0x40, 0x23, 0x80, 0x0a, 0x4e, 
    0x33, 0x90, 0x4a, 0xcd, 0x20, 0x80, 0x15, 0x0c, 0xe3, 0x19, 0xb8, 0x66, 
    0x10, 0x50, 0x00, 0x0c, 0x3b, 0x0e, 0xf9, 0x98, 0x20, 0xc8, 0xc7, 0x86, 
    0x44, 0x3e, 0x95, 0x1a, 0x65, 0x19, 0x48, 0xe9, 0x44, 0x00, 0x15, 0xc0, 
    0x66, 0x20, 0x25, 0x9b, 0x41, 0x00, 0x2b, 0x18, 0xd6, 0x33, 0xb8, 0xcd, 
    0x20, 0xa0, 0x00, 0x18, 0xf5, 0x1a, 0x6b, 0x19, 0x48, 0x81, 0x45, 0x00, 
    0x15, 0xd8, 0x66, 0x20, 0x85, 0x9b, 0x41, 0x00, 0x2b, 0x18, 0xe4, 0x33, 
    0xe8, 0xcd, 0x20, 0xa0, 0x00, 0x18, 0x76, 0x1c, 0xf2, 0x31, 0x41, 0x90, 
    0x8f, 0x0d, 0x89, 0x7c, 0x0a, 0x37, 0xe8, 0x32, 0x90, 0xca, 0x89, 0x00, 
    0x2a, 0xf8, 0xcd, 0x40, 0x2a, 0x3c, 0x83, 0x00, 0x56, 0x30, 0xe8, 0x67, 
    0x60, 0x9e, 0x41, 0x40, 0x01, 0x30, 0xca, 0x37, 0xf4, 0x32, 0x90, 0xfa, 
    0x89, 0x00, 0x2a, 0x28, 0xcf, 0x40, 0xea, 0x3c, 0x83, 0x00, 0x56, 0x30, 
    0x84, 0x68, 0xc0, 0x9e, 0x41, 0x40, 0x01, 0x30, 0xec, 0x38, 0xe4, 0x63, 
    0x82, 0x20, 0x1f, 0x1b, 0x12, 0xf9, 0x94, 0x3f, 0x06, 0xed, 0x19, 0x40, 
    0x05, 0xa4, 0x19, 0x48, 0xfd, 0x63, 0x10, 0x40, 0x05, 0xef, 0x19, 0x48, 
    0xc5, 0x67, 0x10, 0xc0, 0x0a, 0x06, 0x15, 0x0d, 0xec, 0x33, 0x08, 0x28, 
    0x00, 0x46, 0x1d, 0xaa, 0x19, 0x48, 0x95, 0x64, 0x10, 0x40, 0x05, 0xf5, 
    0x19, 0x48, 0xdd, 0x67, 0x10, 0xc0, 0x0a, 0x86, 0x18, 0x0d, 0xf8, 0x33, 
    0x08, 0x28, 0x00, 0x86, 0x1d, 0x87, 0x7c, 0x4c, 0x10, 0xe4, 0x63, 0x43, 
    0x22, 0x9f, 0x82, 0x66, 0x33, 0x90, 0x3a, 0x8f, 0x00, 0x2a, 0xf0, 0xcf, 
    0x40, 0x0a, 0x44, 0x83, 0x00, 0x56, 0x30, 0xe4, 0x68, 0x50, 0xa2, 0x41, 
    0x40, 0x01, 0x30, 0xca, 0xca, 0xcd, 0x40, 0xaa, 0x3d, 0x02, 0xa8, 0x80, 
    0x44, 0x03, 0x29, 0x13, 0x0d, 0x02, 0x58, 0xc1, 0x00, 0xa6, 0xc1, 0x8a, 
    0x06, 0x01, 0x05, 0xc0, 0xb0, 0xe3, 0x90, 0x8f, 0x09, 0x82, 0x7c, 0x6c, 
    0x48, 0xe4, 0x53, 0x9f, 0x78, 0x06, 0x52, 0x26, 0x12, 0x40, 0x05, 0x2d, 
    0x1a, 0x48, 0xbd, 0x68, 0x10, 0xc0, 0x0a, 0x06, 0x34, 0x0d, 0x68, 0x34, 
    0x08, 0x28, 0x00, 0x46, 0x95, 0x01, 0x7a, 0x06, 0x52, 0x2c, 0x12, 0x40, 
    0x05, 0x33, 0x1a, 0x48, 0xd5, 0x68, 0x10, 0xc0, 0x0a, 0x86, 0x37, 0x0d, 
    0x74, 0x34, 0x08, 0x28, 0x00, 0x86, 0x1d, 0x87, 0x7c, 0x4c, 0x10, 0xe4, 
    0x63, 0x43, 0x22, 0x9f, 0x72, 0x83, 0xf8, 0x0c, 0xa4, 0xcc, 0x23, 0x80, 
    0x0a, 0x78, 0x34, 0x90, 0xf2, 0xd1, 0x20, 0x80, 0x15, 0x0c, 0x77, 0x1a, 
    0x8c, 0x69, 0x10, 0x50, 0x00, 0x8c, 0xa2, 0x83, 0xfb, 0x0c, 0xa4, 0xd8, 
    0x23, 0x80, 0x0a, 0xc4, 0x34, 0x90, 0x22, 0xd3, 0x20, 0x80, 0x15, 0x0c, 
    0x7e, 0x1a, 0xa4, 0x69, 0x10, 0x50, 0x00, 0x0c, 0x3b, 0x0e, 0xf9, 0x98, 
    0x20, 0xc8, 0xc7, 0x86, 0x44, 0x3e, 0xd5, 0x07, 0x20, 0x1a, 0x48, 0x95, 
    0x47, 0x00, 0x15, 0xac, 0x69, 0x20, 0xd5, 0xa6, 0x41, 0x00, 0x2b, 0x18, 
    0x4c, 0x35, 0x90, 0xd3, 0x20, 0xa0, 0x00, 0x18, 0x35, 0x0a, 0x26, 0x1a, 
    0x48, 0xad, 0x47, 0x00, 0x15, 0xc4, 0x69, 0x20, 0x35, 0xa7, 0x41, 0x00, 
    0x2b, 0x18, 0x5a, 0x35, 0xc0, 0xd3, 0x20, 0xa0, 0x00, 0x18, 0x76, 0x1c, 
    0xf2, 0x31, 0x41, 0x90, 0x8f, 0x0d, 0x89, 0x7c, 0x4a, 0x35, 0x03, 0x3c, 
    0x0d, 0xa0, 0x02, 0x18, 0x0d, 0xa4, 0x56, 0x33, 0x08, 0xa0, 0x82, 0x3d, 
    0x0d, 0xa4, 0xfa, 0x34, 0x08, 0x60, 0x05, 0x83, 0xad, 0x06, 0xa2, 0x1a, 
    0x04, 0x14, 0x00, 0xa3, 0x0e, 0x1b, 0x0d, 0xa4, 0x62, 0x33, 0x08, 0xa0, 
    0x82, 0x50, 0x0d, 0xa4, 0x46, 0x35, 0x08, 0x60, 0x05, 0x43, 0xaf, 0x06, 
    0xa8, 0x1a, 0x04, 0x14, 0x00, 0xc3, 0x8e, 0x43, 0x3e, 0x26, 0x08, 0xf2, 
    0xb1, 0x21, 0x91, 0x4f, 0x41, 0x3f, 0x1a, 0x48, 0xcd, 0x49, 0x00, 0x15, 
    0xa8, 0x6a, 0x20, 0xc5, 0xaa, 0x41, 0x00, 0x2b, 0x18, 0xca, 0x35, 0x88, 
    0xd5, 0x20, 0xa0, 0x00, 0x18, 0x65, 0x95, 0x69, 0x20, 0x95, 0x27, 0x01, 
    0x54, 0x00, 0xab, 0x81, 0x94, 0xac, 0x06, 0x01, 0xac, 0x60, 0x60, 0xd7, 
    0xe0, 0x56, 0x83, 0x80, 0x02, 0x60, 0xd8, 0x71, 0xc8, 0xc7, 0x04, 0x41, 
    0x3e, 0x36, 0x24, 0xf2, 0xa9, 0xcf, 0x4d, 0x03, 0x29, 0x59, 0x09, 0xa0, 
    0x82, 0x5c, 0x0d, 0xa4, 0x76, 0x35, 0x08, 0x60, 0x05, 0x03, 0xbd, 0x06, 
    0xe0, 0x1a, 0x04, 0x14, 0x00, 0xa3, 0xca, 0x80, 0x4e, 0x03, 0x29, 0x5c, 
    0x09, 0xa0, 0x82, 0x5f, 0x0d, 0xa4, 0xc2, 0x35, 0x08, 0x60, 0x05, 0xc3, 
    0xbe, 0x06, 0xe6, 0x1a, 0x04, 0x14, 0x00, 0xc3, 0x8e, 0x43, 0x3e, 0x26, 
    0x08, 0xf2, 0xb1, 0x21, 0x91, 0x4f, 0xb9, 0x41, 0x9f, 0x06, 0x52, 0x72, 
    0x12, 0x40, 0x05, 0xe8, 0x1a, 0x48, 0xa9, 0x6b, 0x10, 0xc0, 0x0a, 0x86, 
    0x91, 0x0d, 0xde, 0x35, 0x08, 0x28, 0x00, 0x46, 0xd1, 0xc1, 0xa8, 0x06, 
    0x52, 0x78, 0x12, 0x40, 0x05, 0xee, 0x1a, 0x48, 0xc1, 0x6b, 0x10, 0xc0, 
    0x0a, 0x06, 0x95, 0x0d, 0xea, 0x35, 0x08, 0x28, 0x00, 0x86, 0x1d, 0x87, 
    0x7c, 0x4c, 0x10, 0xe4, 0x63, 0x43, 0x22, 0x9f, 0xea, 0x03, 0x56, 0x0d, 
    0xa4, 0xe2, 0x24, 0x80, 0x0a, 0xee, 0x35, 0x90, 0xca, 0xd7, 0x20, 0x80, 
    0x15, 0x0c, 0x32, 0x1b, 0xf8, 0x6b, 0x10, 0x50, 0x00, 0x8c, 0x1a, 0x05, 
    0x59, 0x0d, 0xa4, 0xee, 0x24, 0x80, 0x0a, 0xfa, 0x35, 0x90, 0xfa, 0xd7, 
    0x20, 0x80, 0x15, 0x0c, 0x39, 0x1b, 0x90, 0x6c, 0x10, 0x50, 0x00, 0x0c, 
    0x33, 0x95, 0x72, 0x81, 0x8f, 0x05, 0x67, 0x02, 0x1f, 0x0b, 0xd8, 0x03, 
    0x3e, 0x16, 0xc8, 0x04, 0x7c, 0x2c, 0xb8, 0x05, 0xf8, 0x58, 0x90, 0x07, 
    0xf0, 0xb1, 0x80, 0x83, 0x8f, 0x05, 0x71, 0x1a, 0xc8, 0xc7, 0x68, 0x03, 
    0x46, 0xe0, 0x63, 0xc1, 0x5d, 0xc0, 0xc7, 0x82, 0x7d, 0x80, 0x8f, 0x05, 
    0x76, 0x1a, 0xc8, 0xc7, 0x4a, 0x64, 0x4c, 0xe0, 0x63, 0x41, 0x4b, 0xc0, 
    0xc7, 0x02, 0x78, 0x80, 0x8f, 0x05, 0x7b, 0x1a, 0xc8, 0xc7, 0xd6, 0xc3, 
    0x5c, 0xe0, 0x63, 0x01, 0x5c, 0xc0, 0xc7, 0x82, 0x3b, 0x80, 0x8f, 0x05, 
    0xa0, 0x1a, 0xc8, 0xc7, 0x54, 0x25, 0x65, 0xe0, 0x63, 0x01, 0x2e, 0xc0, 
    0xc7, 0x82, 0x0e, 0x3e, 0x16, 0x94, 0x6a, 0x20, 0x1f, 0x6b, 0x6a, 0x03, 
    0x3e, 0x16, 0x28, 0xf0, 0xb1, 0xe0, 0x80, 0x8f, 0x05, 0x14, 0x7c, 0x2c, 
    0x28, 0xe0, 0x63, 0x64, 0x40, 0x06, 0xf2, 0xb1, 0x5e, 0xe1, 0x17, 0xf8, 
    0x58, 0xe0, 0x27, 0xf0, 0xb1, 0x60, 0x44, 0xe0, 0x63, 0x41, 0x5a, 0xc0, 
    0xc7, 0x02, 0x77, 0x80, 0x8f, 0x05, 0xb0, 0x00, 0x1f, 0x0b, 0xe6, 0x00, 
    0x3e, 0x16, 0xbc, 0x6a, 0x20, 0x1f, 0x5b, 0x8f, 0x33, 0x81, 0x8f, 0x05, 
    0xae, 0x01, 0x1f, 0x0b, 0x64, 0x02, 0x3e, 0x16, 0xd0, 0x6a, 0x20, 0x1f, 
    0xe3, 0x11, 0x3d, 0x81, 0x8f, 0x05, 0x64, 0x01, 0x1f, 0x0b, 0x4e, 0x02, 
    0x3e, 0x16, 0xe4, 0x6a, 0x20, 0x1f, 0x13, 0x91, 0x7e, 0x81, 0x8f, 0x05, 
    0xa7, 0x01, 0x1f, 0x0b, 0x5c, 0x01, 0x3e, 0x16, 0xf8, 0x6a, 0x20, 0x1f, 
    0x0b, 0x17, 0xb0, 0x81, 0x8f, 0x05, 0xef, 0x00, 0x1f, 0x0b, 0x2e, 0xf8, 
    0x58, 0x30, 0xae, 0x81, 0x7c, 0xac, 0x61, 0x0f, 0xf8, 0x58, 0xa0, 0xc0, 
    0xc7, 0x82, 0x03, 0x3e, 0x16, 0x50, 0xf0, 0xb1, 0xa0, 0x80, 0x8f, 0xed, 
    0x8b, 0xce, 0xc0, 0xc7, 0x02, 0x5e, 0x81, 0x8f, 0x05, 0x61, 0x02, 0x1f, 
    0x0b, 0x4e, 0x03, 0x3e, 0x16, 0xb0, 0x04, 0x7c, 0x2c, 0x70, 0x07, 0xf8, 
    0x58, 0x10, 0x0b, 0xf0, 0xb1, 0x80, 0x5d, 0x03, 0xf9, 0x58, 0x8a, 0x94, 
    0x0a, 0x7c, 0x2c, 0x60, 0x0f, 0xf8, 0x58, 0x00, 0x17, 0xf0, 0xb1, 0x20, 
    0x5e, 0x03, 0xf9, 0x98, 0x9e, 0xe0, 0x0a, 0x7c, 0x2c, 0x10, 0x0d, 0xf8, 
    0x58, 0x50, 0x16, 0xf0, 0xb1, 0xc0, 0x5e, 0x03, 0xf9, 0x18, 0x98, 0xec, 
    0x0c, 0x7c, 0x2c, 0x28, 0x0f, 0xf8, 0x58, 0xc0, 0x0e, 0xf0, 0xb1, 0x60, 
    0x5f, 0x03, 0xf9, 0xd8, 0xbf, 0xf8, 0x0d, 0x7c, 0x2c, 0x68, 0x09, 0xf8, 
    0x58, 0x20, 0x0b, 0xf0, 0xb1, 0x00, 0x64, 0x03, 0xf9, 0x58, 0xa3, 0x22, 
    0xf0, 0xb1, 0x40, 0x81, 0x8f, 0x05, 0x07, 0x7c, 0x2c, 0xa0, 0xe0, 0x63, 
    0x41, 0x01, 0x1f, 0xcb, 0x85, 0x5c, 0x90, 0x8f, 0xdd, 0x8c, 0xdd, 0xc0, 
    0xc7, 0x02, 0x7c, 0x81, 0x8f, 0x05, 0x7d, 0x02, 0x1f, 0x0b, 0xc6, 0x03, 
    0x3e, 0x16, 0xa0, 0x05, 0x7c, 0x2c, 0x50, 0x09, 0xf8, 0x58, 0xd0, 0x0e, 
    0xf0, 0xb1, 0x40, 0x65, 0x03, 0xf9, 0x58, 0x99, 0x84, 0x0b, 0x7c, 0x2c, 
    0x40, 0x11, 0xf8, 0x58, 0xc0, 0x1a, 0xf0, 0xb1, 0xe0, 0x65, 0x03, 0xf9, 
    0x98, 0xad, 0xd0, 0x0b, 0x7c, 0x2c, 0xf0, 0x0d, 0xf8, 0x58, 0x10, 0x1a, 
    0xf0, 0xb1, 0x80, 0x66, 0x03, 0xf9, 0x18, 0x9f, 0xdc, 0x0d, 0x7c, 0x2c, 
    0x08, 0x11, 0xf8, 0x58, 0x80, 0x12, 0xf0, 0xb1, 0x20, 0x67, 0x03, 0xf9, 
    0xd8, 0xce, 0xe8, 0x0e, 0x7c, 0x2c, 0x48, 0x0b, 0xf8, 0x58, 0x70, 0xc1, 
    0xc7, 0x02, 0x9f, 0x0d, 0xe4, 0x63, 0x8d, 0x99, 0xc0, 0xc7, 0x02, 0x05, 
    0x3e, 0x16, 0x1c, 0xf0, 0xb1, 0x80, 0x82, 0x8f, 0x05, 0x05, 0x7c, 0xec, 
    0x1e, 0xfa, 0x41, 0x3e, 0x46, 0x37, 0xb3, 0x03, 0x1f, 0x0b, 0x6a, 0x06, 
    0x3e, 0x16, 0xe8, 0x0a, 0x7c, 0x2c, 0x00, 0x11, 0xf8, 0x58, 0x50, 0x1a, 
    0xf0, 0xb1, 0xe0, 0x2c, 0xe0, 0x63, 0x81, 0x4a, 0xc0, 0xc7, 0x02, 0xb4, 
    0x0d, 0xe4, 0x63, 0xa2, 0xe2, 0x2f, 0xf0, 0xb1, 0xa0, 0x4c, 0xe0, 0x63, 
    0x41, 0x7a, 0xc0, 0xc7, 0x82, 0xb6, 0x0d, 0xe4, 0x63, 0xf3, 0x12, 0x33, 
    0xf0, 0xb1, 0x60, 0x3f, 0xe0, 0x63, 0x81, 0x6f, 0xc0, 0xc7, 0x02, 0xb9, 
    0x0d, 0xe4, 0x63, 0xb9, 0x42, 0x3b, 0xf0, 0xb1, 0xc0, 0x47, 0xe0, 0x63, 
    0x41, 0x59, 0xc0, 0xc7, 0x82, 0xbb, 0x0d, 0xe4, 0x63, 0x78, 0x73, 0x3f, 
    0xf0, 0xb1, 0xc0, 0x34, 0xe0, 0x63, 0xc1, 0x05, 0x1f, 0x0b, 0xf8, 0x36, 
    0x90, 0x8f, 0x35, 0xa3, 0x02, 0x1f, 0x0b, 0x14, 0xf8, 0x58, 0x70, 0xc0, 
    0xc7, 0x02, 0x0a, 0x3e, 0x16, 0x14, 0xf0, 0x31, 0x7c, 0xe8, 0xdb, 0x40, 
    0x3e, 0xe6, 0x07, 0x7e, 0x1b, 0xc8, 0xc7, 0x78, 0xe1, 0x6f, 0x03, 0xf9, 
    0x98, 0x18, 0x80, 0x6e, 0x20, 0x1f, 0x2b, 0x42, 0x37, 0x90, 0x8f, 0x15, 
    0x85, 0x7c, 0xac, 0x28, 0xe4, 0x63, 0x85, 0x10, 0x9f, 0x11, 0x83, 0x03, 
    0x00, 0x41, 0x30, 0x98, 0xde, 0x38, 0x80, 0xdf, 0x20, 0xd8, 0xdb, 0xc0, 
    0x8c, 0x21, 0x3e, 0x23, 0x06, 0x07, 0x00, 0x82, 0x60, 0x30, 0xc5, 0x71, 
    0x20, 0xbf, 0x41, 0xe0, 0xba, 0xc1, 0x88, 0x81, 0x01, 0x80, 0x20, 0x18, 
    0x54, 0x71, 0x1c, 0x9c, 0x70, 0x30, 0x8c, 0x18, 0x18, 0x00, 0x08, 0x82, 
    0x41, 0x25, 0xc7, 0x01, 0x0a, 0x07, 0x82, 0x31, 0x8d, 0x7c, 0x6c, 0x76, 
    0x83, 0x20, 0x3e, 0x16, 0x2c, 0xf0, 0x31, 0xa2, 0x90, 0x8f, 0x05, 0xb6, 
    0x1b, 0xc0, 0x67, 0xc4, 0xe0, 0x00, 0x40, 0x10, 0x0c, 0xa6, 0x3c, 0x0e, 
    0xf4, 0x37, 0x08, 0x70, 0x37, 0xb0, 0xd4, 0x0d, 0x02, 0xfa, 0x18, 0x01, 
    0xbb, 0x81, 0x7c, 0x2c, 0xd0, 0xdd, 0x00, 0x3e, 0xe6, 0xec, 0x6e, 0x00, 
    0x1f, 0x0b, 0x1a, 0xf8, 0x8c, 0x18, 0x1c, 0x00, 0x08, 0x82, 0xc1, 0xf4, 
    0xc7, 0x01, 0x08, 0x07, 0x81, 0xef, 0x06, 0xf6, 0xba, 0x41, 0x40, 0x1f, 
    0xab, 0xcc, 0x37, 0x80, 0x8f, 0x05, 0x15, 0x7c, 0x46, 0x0c, 0x0e, 0x00, 
    0x04, 0xc1, 0x60, 0x1a, 0xe5, 0x80, 0x84, 0x83, 0x40, 0x7c, 0x03, 0x9b, 
    0xdd, 0x20, 0xa0, 0xcf, 0x88, 0xc1, 0x01, 0x80, 0x20, 0x18, 0x4c, 0xa5, 
    0x1c, 0x98, 0x70, 0xe0, 0xad, 0x6f, 0x60, 0xb5, 0x1b, 0x04, 0xf4, 0xb1, 
    0x5e, 0xc0, 0x89, 0xf8, 0x58, 0xe0, 0xbb, 0x81, 0x7c, 0x46, 0x0c, 0x0c, 
    0x00, 0x04, 0xc1, 0xa0, 0x42, 0xe5, 0x40, 0x8f, 0x83, 0x60, 0xc4, 0xe0, 
    0x00, 0x40, 0x10, 0x0c, 0x26, 0x55, 0x0e, 0x56, 0x38, 0x10, 0x83, 0x31, 
    0x18, 0x31, 0x38, 0x00, 0x10, 0x04, 0x83, 0x69, 0x95, 0x03, 0x16, 0x0e, 
    0x82, 0xf5, 0x0d, 0x6c, 0x77, 0x83, 0x80, 0x3e, 0x16, 0x10, 0xf2, 0xb1, 
    0xa0, 0x7e, 0x03, 0xf8, 0x58, 0x70, 0xbf, 0x81, 0x7c, 0x46, 0x0c, 0x0c, 
    0x00, 0x04, 0xc1, 0xa0, 0x7a, 0xe5, 0x40, 0x87, 0x83, 0xc0, 0x02, 0xf3, 
    0x0d, 0xe4, 0x63, 0xee, 0x1b, 0x04, 0xf1, 0xb1, 0x61, 0x90, 0x8f, 0x05, 
    0x82, 0x7c, 0x8c, 0x7c, 0x83, 0x20, 0x3e, 0x76, 0x16, 0xff, 0x1b, 0xc8, 
    0xc7, 0x82, 0x37, 0x90, 0x8f, 0x05, 0x9e, 0x7c, 0x2c, 0xe8, 0xe4, 0x63, 
    0x81, 0x26, 0x1f, 0x0b, 0xca, 0x40, 0x3e, 0x16, 0x60, 0xf2, 0x19, 0x31, 
    0x30, 0x00, 0x10, 0x04, 0x83, 0x8a, 0x97, 0x83, 0x33, 0x0e, 0x02, 0x0b, 
    0xe6, 0x37, 0x90, 0x8f, 0xed, 0x6f, 0x10, 0xc4, 0xc7, 0xdc, 0x40, 0x85, 
    0x03, 0xf9, 0x58, 0xb0, 0xc9, 0x67, 0xc4, 0xc0, 0x00, 0x40, 0x10, 0x0c, 
    0xaa, 0x70, 0x0e, 0xd8, 0x38, 0x08, 0x2c, 0xc0, 0xdf, 0x40, 0x3e, 0x06, 
    0xc2, 0x41, 0x10, 0x9f, 0x42, 0x06, 0xa9, 0x20, 0x10, 0x1b, 0x10, 0xf9, 
    0x58, 0x30, 0xc9, 0xc7, 0x82, 0x41, 0x3e, 0x23, 0x06, 0x06, 0x00, 0x82, 
    0x60, 0x50, 0xa5, 0x73, 0x40, 0xc7, 0x41, 0x30, 0x62, 0x70, 0x00, 0x20, 
    0x08, 0x06, 0x68, 0x20, 0xce, 0x81, 0x1d, 0x07, 0xee, 0x1b, 0xfc, 0x72, 
    0x30, 0x9a, 0x10, 0x00, 0x23, 0x06, 0x07, 0x00, 0x82, 0x60, 0x30, 0xb5, 
    0x73, 0xe0, 0xc6, 0x41, 0x90, 0xbf, 0x41, 0xdd, 0xd2, 0x1c, 0x07, 0x52, 
    0xb7, 0x14, 0x40, 0x05, 0xbe, 0x1c, 0x48, 0x91, 0x73, 0x10, 0xc0, 0x0a, 
    0x86, 0x7c, 0x0e, 0xca, 0x39, 0x08, 0x28, 0x00, 0x46, 0xf5, 0x52, 0x1e, 
    0x07, 0x52, 0xbd, 0x14, 0x40, 0x05, 0xe4, 0x1c, 0x48, 0xad, 0x73, 0x10, 
    0xc0, 0x0a, 0x86, 0x7f, 0x0e, 0xd6, 0x39, 0x08, 0x28, 0x00, 0x46, 0x8d, 
    0xd3, 0x1f, 0x07, 0x52, 0xe3, 0x14, 0x40, 0x05, 0xea, 0x1c, 0x48, 0xb5, 
    0x73, 0x10, 0xc0, 0x0a, 0x86, 0x92, 0x0e, 0xe2, 0x39, 0x08, 0x28, 0x00, 
    0xc6, 0x88, 0x81, 0x01, 0x80, 0x20, 0x18, 0x70, 0xfc, 0x1c, 0x8c, 0x72, 
    0xd0, 0x8c, 0x18, 0x18, 0x00, 0x08, 0x82, 0x01, 0xd7, 0xcf, 0x01, 0x29, 
    0x07, 0xc8, 0x88, 0x81, 0x01, 0x80, 0x20, 0x18, 0x70, 0xfe, 0x1c, 0x94, 
    0x72, 0x30, 0xd4, 0x20, 0x68, 0x05, 0x82, 0xce, 0x32, 0x9c, 0x03, 0x3a, 
    0x04, 0x23, 0x06, 0x07, 0x00, 0x82, 0x60, 0x30, 0x95, 0x74, 0x60, 0xca, 
    0x81, 0x14, 0xc3, 0xc1, 0x88, 0xc1, 0x01, 0x80, 0x20, 0x18, 0x4c, 0x26, 
    0x1d, 0x9c, 0x72, 0xd0, 0xc8, 0x70, 0x30, 0x62, 0x70, 0x00, 0x20, 0x08, 
    0x06, 0xd3, 0x49, 0x07, 0xa8, 0x1c, 0x20, 0x33, 0x1c, 0x8c, 0x18, 0x1c, 
    0x00, 0x08, 0x82, 0xc1, 0x84, 0xd2, 0x81, 0x2a, 0x07, 0x43, 0x0d, 0x07, 
    0x23, 0x06, 0x07, 0x00, 0x82, 0x60, 0x30, 0xa5, 0x74, 0xb0, 0xca, 0xc1, 
    0x60, 0xc3, 0xc1, 0x88, 0xc1, 0x01, 0x80, 0x20, 0x18, 0x4c, 0x2a, 0x1d, 
    0xb0, 0x72, 0x30, 0xdc, 0x70, 0x30, 0x4b, 0x80, 0x0e, 0x03, 0x15, 0x80, 
    0x71, 0x0e, 0x6e, 0x38, 0x98, 0xc3, 0x40, 0x05, 0x60, 0x9c, 0x03, 0x1c, 
    0x0e, 0xe6, 0x30, 0x50, 0x01, 0x18, 0xe7, 0x20, 0x87, 0x83, 0x39, 0xd4, 
    0x3d, 0xcd, 0x72, 0x20, 0x75, 0x4f, 0x01, 0x54, 0xe0, 0xcf, 0x81, 0x14, 
    0x49, 0x07, 0x01, 0xac, 0x60, 0xd0, 0xe9, 0xa0, 0xa4, 0x83, 0x80, 0x02, 
    0x60, 0x54, 0x3f, 0xe5, 0x72, 0x20, 0xd5, 0x4f, 0x01, 0x54, 0x40, 0xd2, 
    0x81, 0xd4, 0x4a, 0x07, 0x01, 0xac, 0x60, 0x00, 0xeb, 0x60, 0xa5, 0x83, 
    0x80, 0x02, 0x60, 0xd4, 0x48, 0xfd, 0x72, 0x20, 0x35, 0x52, 0x01, 0x54, 
    0xa0, 0xd2, 0x81, 0x54, 0x4b, 0x07, 0x01, 0xac, 0x60, 0x30, 0xeb, 0x20, 
    0xa6, 0x83, 0x80, 0x02, 0x60, 0x8c, 0x18, 0x18, 0x00, 0x08, 0x82, 0x01, 
    0xc7, 0xd3, 0xc1, 0x38, 0x07, 0xcd, 0x88, 0x81, 0x01, 0x80, 0x20, 0x18, 
    0x70, 0x3d, 0x1d, 0x90, 0x73, 0x80, 0x8c, 0x18, 0x18, 0x00, 0x08, 0x82, 
    0x01, 0xe7, 0xd3, 0x41, 0x39, 0x07, 0x43, 0x0d, 0x82, 0x56, 0x20, 0xe8, 
    0x2c, 0x43, 0x3a, 0xa8, 0x43, 0x30, 0x62, 0x70, 0x00, 0x20, 0x08, 0x06, 
    0x53, 0x59, 0x07, 0xe6, 0x1c, 0x48, 0x71, 0x1c, 0x8c, 0x18, 0x1c, 0x00, 
    0x08, 0x82, 0xc1, 0x64, 0xd6, 0xc1, 0x39, 0x07, 0x8d, 0x1c, 0x07, 0x23, 
    0x06, 0x07, 0x00, 0x82, 0x60, 0x30, 0x9d, 0x75, 0x80, 0xce, 0x01, 0x32, 
    0xc7, 0xc1, 0x88, 0xc1, 0x01, 0x80, 0x20, 0x18, 0x4c, 0x68, 0x1d, 0xa8, 
    0x73, 0x30, 0xd4, 0x71, 0x30, 0x62, 0x70, 0x00, 0x20, 0x08, 0x06, 0x53, 
    0x5a, 0x07, 0xeb, 0x1c, 0x0c, 0x76, 0x1c, 0x8c, 0x18, 0x1c, 0x00, 0x08, 
    0x82, 0xc1, 0xa4, 0xd6, 0x01, 0x3b, 0x07, 0xc3, 0x1d, 0x07, 0xb3, 0x04, 
    0xea, 0x30, 0x50, 0x01, 0x18, 0xe9, 0xe0, 0x8e, 0x03, 0x3a, 0x0c, 0x54, 
    0x00, 0x46, 0x3a, 0xc0, 0xe3, 0x80, 0x0e, 0x03, 0x15, 0x80, 0x91, 0x0e, 
    0xf2, 0x38, 0xa0, 0x43, 0x9d, 0xd2, 0x3c, 0x07, 0x52, 0x27, 0x15, 0x40, 
    0x05, 0x3e, 0x1d, 0x48, 0x91, 0x75, 0x10, 0xc0, 0x0a, 0x86, 0xbc, 0x0e, 
    0xca, 0x3a, 0x08, 0x28, 0x00, 0x46, 0xb5, 0x52, 0x3e, 0x07, 0x52, 0x2d, 
    0x15, 0x40, 0x05, 0x64, 0x1d, 0x48, 0xad, 0x75, 0x10, 0xc0, 0x0a, 0x86, 
    0xbf, 0x0e, 0xd6, 0x3a, 0x08, 0x28, 0x00, 0x46, 0xcd, 0xd2, 0x3f, 0x07, 
    0x52, 0x33, 0x15, 0x40, 0x05, 0x6a, 0x1d, 0x48, 0xb5, 0x75, 0x10, 0xc0, 
    0x0a, 0x86, 0xd2, 0x0e, 0xe2, 0x3a, 0x08, 0x28, 0x00, 0xc6, 0x88, 0x81, 
    0x01, 0x80, 0x20, 0x18, 0x70, 0x7c, 0x1d, 0x8c, 0x74, 0xd0, 0x8c, 0x18, 
    0x18, 0x00, 0x08, 0x82, 0x01, 0xd7, 0xd7, 0x01, 0x49, 0x07, 0xc8, 0x88, 
    0x81, 0x01, 0x80, 0x20, 0x18, 0x70, 0x7e, 0x1d, 0x94, 0x74, 0x30, 0xd4, 
    0x20, 0x68, 0x05, 0x82, 0xce, 0x32, 0xac, 0x03, 0x3b, 0x04, 0x23, 0x06, 
    0x07, 0x00, 0x82, 0x60, 0x30, 0x95, 0x76, 0x60, 0xd2, 0x81, 0x14, 0xcb, 
    0xc1, 0x88, 0xc1, 0x01, 0x80, 0x20, 0x18, 0x4c, 0xa6, 0x1d, 0x9c, 0x74, 
    0xd0, 0xc8, 0x72, 0x30, 0x62, 0x70, 0x00, 0x20, 0x08, 0x06, 0xd3, 0x69, 
    0x07, 0x28, 0x1d, 0x20, 0xb3, 0x1c, 0x8c, 0x18, 0x1c, 0x00, 0x08, 0x82, 
    0xc1, 0x84, 0xda, 0x81, 0x4a, 0x07, 0x43, 0x2d, 0x07, 0x23, 0x06, 0x07, 
    0x00, 0x82, 0x60, 0x30, 0xa5, 0x76, 0xb0, 0xd2, 0xc1, 0x60, 0xcb, 0xc1, 
    0x88, 0xc1, 0x01, 0x80, 0x20, 0x18, 0x4c, 0xaa, 0x1d, 0xb0, 0x74, 0x30, 
    0xdc, 0x72, 0x30, 0x4b, 0xc0, 0x0e, 0x03, 0x15, 0x80, 0xb1, 0x0e, 0x6e, 
    0x39, 0xa8, 0xc3, 0x40, 0x05, 0x60, 0xac, 0x03, 0x5c, 0x0e, 0xea, 0x30, 
    0x50, 0x01, 0x18, 0xeb, 0x20, 0x97, 0x83, 0x3a, 0x8c, 0x18, 0x1c, 0x00, 
    0x08, 0x82, 0xc1, 0xe4, 0xda, 0x01, 0x4c, 0x07, 0xbb, 0x1c, 0x0c, 0x23, 
    0x06, 0x07, 0x00, 0x82, 0x60, 0x30, 0xbd, 0x76, 0x10, 0xd3, 0x01, 0x2f, 
    0x07, 0xc3, 0x88, 0xc1, 0x01, 0x80, 0x20, 0x18, 0x4c, 0xb0, 0x1d, 0xc8, 
    0x74, 0xd0, 0xcb, 0xc1, 0x30, 0x62, 0x70, 0x00, 0x20, 0x08, 0x06, 0x53, 
    0x6c, 0x07, 0x32, 0x1d, 0xf4, 0x72, 0x60, 0x8c, 0x18, 0x1c, 0x00, 0x08, 
    0x82, 0xc1, 0x24, 0xdb, 0xc1, 0x4c, 0x07, 0xbe, 0x1c, 0x18, 0x23, 0x06, 
    0x07, 0x00, 0x82, 0x60, 0x30, 0xcd, 0x76, 0x40, 0xd3, 0xc1, 0x2f, 0x07, 
    0x46, 0xf5, 0x55, 0x4e, 0x07, 0x52, 0x6d, 0x15, 0x40, 0x05, 0xa4, 0x1d, 
    0x48, 0xa9, 0x76, 0x10, 0xc0, 0x0a, 0x86, 0xdf, 0x0e, 0x56, 0x3b, 0x08, 
    0x28, 0x00, 0x46, 0x8d, 0xd6, 0x4f, 0x07, 0x52, 0x73, 0x15, 0x40, 0x05, 
    0xaa, 0x1d, 0x48, 0xc5, 0x76, 0x10, 0xc0, 0x0a, 0x86, 0xf2, 0x0e, 0x62, 
    0x3b, 0x08, 0x28, 0x00, 0x46, 0xa5, 0x56, 0x59, 0x07, 0x52, 0x79, 0x15, 
    0x40, 0x05, 0xb0, 0x1d, 0x48, 0xcd, 0x76, 0x10, 0xc0, 0x0a, 0x86, 0xf5, 
    0x0e, 0x6e, 0x3b, 0x08, 0x28, 0x00, 0xc6, 0x88, 0x81, 0x01, 0x80, 0x20, 
    0x18, 0x70, 0xe2, 0x1d, 0xa4, 0x75, 0xd0, 0x8c, 0x18, 0x18, 0x00, 0x08, 
    0x82, 0x01, 0x37, 0xde, 0x81, 0x5a, 0x07, 0xc8, 0x88, 0x81, 0x01, 0x80, 
    0x20, 0x18, 0x70, 0xe4, 0x1d, 0xac, 0x75, 0x30, 0xd4, 0x20, 0x68, 0x05, 
    0x82, 0xce, 0x32, 0xb4, 0x83, 0x3b, 0x04, 0x23, 0x06, 0x07, 0x00, 0x82, 
    0x60, 0x30, 0xad, 0x77, 0xc0, 0xd6, 0x81, 0x74, 0xcf, 0xc1, 0x88, 0xc1, 
    0x01, 0x80, 0x20, 0x18, 0x4c, 0xec, 0x1d, 0xb4, 0x75, 0xd0, 0xe0, 0x73, 
    0x30, 0x62, 0x70, 0x00, 0x20, 0x08, 0x06, 0x53, 0x7b, 0x07, 0x6e, 0x1d, 
    0x20, 0xf9, 0x1c, 0x8c, 0x18, 0x1c, 0x00, 0x08, 0x82, 0xc1, 0xe4, 0xde, 
    0x01, 0x5c, 0x07, 0xc3, 0x3e, 0x07, 0x23, 0x06, 0x07, 0x00, 0x82, 0x60, 
    0x30, 0xbd, 0x77, 0x10, 0xd7, 0xc1, 0xc0, 0xcf, 0xc1, 0x88, 0xc1, 0x01, 
    0x80, 0x20, 0x18, 0x4c, 0xf0, 0x1d, 0xc8, 0x75, 0x30, 0xf4, 0x73, 0x30, 
    0x4b, 0xe0, 0x0e, 0x03, 0x15, 0x80, 0xd1, 0x0e, 0xfa, 0x39, 0xb0, 0xc3, 
    0x40, 0x05, 0x60, 0xb4, 0x03, 0x7f, 0x0e, 0xec, 0x30, 0x50, 0x01, 0x18, 
    0xed, 0xe0, 0x9f, 0x03, 0x3b, 0x8c, 0x18, 0x1c, 0x00, 0x08, 0x82, 0xc1, 
    0x44, 0xdf, 0x81, 0x5d, 0x07, 0x66, 0x30, 0x8c, 0x18, 0x1c, 0x00, 0x08, 
    0x82, 0xc1, 0x54, 0xdf, 0xc1, 0x5d, 0x07, 0x66, 0x30, 0x8c, 0x18, 0x1c, 
    0x00, 0x08, 0x82, 0xc1, 0x64, 0xdf, 0x01, 0x5e, 0x07, 0x66, 0x30, 0x8c, 
    0x18, 0x1c, 0x00, 0x08, 0x82, 0xc1, 0x74, 0xdf, 0x01, 0x5e, 0x07, 0x66, 
    0x60, 0x8c, 0x18, 0x1c, 0x00, 0x08, 0x82, 0xc1, 0x84, 0xdf, 0x41, 0x5e, 
    0x07, 0x66, 0x60, 0x8c, 0x18, 0x1c, 0x00, 0x08, 0x82, 0xc1, 0x94, 0xdf, 
    0x81, 0x5e, 0x07, 0x66, 0x60, 0x14, 0xff, 0xfc, 0x75, 0x20, 0x35, 0x5b, 
    0x01, 0x54, 0xa0, 0xde, 0x81, 0x14, 0x7c, 0x07, 0x01, 0xac, 0x60, 0x28, 
    0xf1, 0x20, 0xbe, 0x83, 0x80, 0x02, 0x60, 0x94, 0x08, 0x95, 0x76, 0x20, 
    0x95, 0x5b, 0x01, 0x54, 0x00, 0xdf, 0x81, 0xd4, 0x7d, 0x07, 0x01, 0xac, 
    0x60, 0x58, 0xf1, 0xe0, 0xbe, 0x83, 0x80, 0x02, 0x60, 0x14, 0x0a, 0xad, 
    0x76, 0x20, 0xf5, 0x5b, 0x01, 0x54, 0x60, 0xdf, 0x81, 0x54, 0x7e, 0x07, 
    0x01, 0xac, 0x60, 0x88, 0xf1, 0xa0, 0xbf, 0x83, 0x80, 0x02, 0x60, 0x8c, 
    0x18, 0x18, 0x00, 0x08, 0x82, 0x01, 0x87, 0xe2, 0xc1, 0x6b, 0x07, 0xcd, 
    0x88, 0x81, 0x01, 0x80, 0x20, 0x18, 0x70, 0x29, 0x1e, 0xc0, 0x76, 0x80, 
    0x8c, 0x18, 0x18, 0x00, 0x08, 0x82, 0x01, 0xa7, 0xe2, 0x41, 0x6c, 0x07, 
    0x43, 0x0d, 0x82, 0x56, 0x20, 0xe8, 0x2c, 0xc3, 0x3b, 0xc0, 0x43, 0x30, 
    0x62, 0x70, 0x00, 0x20, 0x08, 0x06, 0x53, 0x8c, 0x07, 0xb2, 0x1d, 0x48, 
    0x3d, 0x1d, 0x8c, 0x18, 0x1c, 0x00, 0x08, 0x82, 0xc1, 0x24, 0xe3, 0xc1, 
    0x6c, 0x07, 0x8d, 0x4f, 0x07, 0x23, 0x06, 0x07, 0x00, 0x82, 0x60, 0x30, 
    0xcd, 0x78, 0x40, 0xdb, 0x01, 0xf2, 0xd3, 0xc1, 0x88, 0xc1, 0x01, 0x80, 
    0x20, 0x18, 0x4c, 0x34, 0x1e, 0xd8, 0x76, 0x30, 0x84, 0x75, 0x30, 0x62, 
    0x70, 0x00, 0x20, 0x08, 0x06, 0x53, 0x8d, 0x07, 0xb7, 0x1d, 0x0c, 0x62, 
    0x1d, 0x8c, 0x18, 0x1c, 0x00, 0x08, 0x82, 0xc1, 0x64, 0xe3, 0x01, 0x6e, 
    0x07, 0xc3, 0x58, 0x07, 0xb3, 0x04, 0xf0, 0x30, 0x50, 0x01, 0x18, 0xef, 
    0x60, 0xaa, 0x83, 0x3b, 0x0c, 0x54, 0x00, 0xc6, 0x3b, 0xa0, 0xea, 0xe0, 
    0x0e, 0x03, 0x15, 0x80, 0xf1, 0x0e, 0xaa, 0x3a, 0xb8, 0xc3, 0x88, 0xc1, 
    0x01, 0x80, 0x20, 0x18, 0x4c, 0x3a, 0x1e, 0xf0, 0x76, 0x60, 0x06, 0xc3, 
    0x88, 0xc1, 0x01, 0x80, 0x20, 0x18, 0x4c, 0x3b, 0x1e, 0xf4, 0x76, 0x60, 
    0x06, 0xc3, 0x88, 0xc1, 0x01, 0x80, 0x20, 0x18, 0x4c, 0x3c, 0x1e, 0xf8, 
    0x76, 0x60, 0x06, 0xc3, 0x88, 0xc1, 0x01, 0x80, 0x20, 0x18, 0x4c, 0x3d, 
    0x1e, 0xf8, 0x76, 0x60, 0x06, 0xc6, 0x88, 0xc1, 0x01, 0x80, 0x20, 0x18, 
    0x4c, 0x3e, 0x1e, 0xfc, 0x76, 0x60, 0x06, 0xc6, 0x88, 0xc1, 0x01, 0x80, 
    0x20, 0x18, 0x4c, 0x3f, 0x1e, 0x80, 0x77, 0x60, 0x06, 0x46, 0xe5, 0x55, 
    0x79, 0x07, 0x52, 0x29, 0x16, 0x40, 0x05, 0x30, 0x1e, 0x48, 0xd9, 0x78, 
    0x10, 0xc0, 0x0a, 0x86, 0x35, 0x0f, 0x6e, 0x3c, 0x08, 0x28, 0x00, 0x46, 
    0xfd, 0xd5, 0x7a, 0x07, 0x52, 0x2f, 0x16, 0x40, 0x05, 0x36, 0x1e, 0x48, 
    0xf5, 0x78, 0x10, 0xc0, 0x0a, 0x86, 0x38, 0x0f, 0x7a, 0x3c, 0x08, 0x28, 
    0x00, 0x46, 0x95, 0x56, 0x7c, 0x07, 0x52, 0x35, 0x16, 0x40, 0x05, 0x3c, 
    0x1e, 0x48, 0xfd, 0x78, 0x10, 0xc0, 0x0a, 0x86, 0x3b, 0x0f, 0xc6, 0x3c, 
    0x08, 0x28, 0x00, 0xc6, 0x88, 0x81, 0x01, 0x80, 0x20, 0x18, 0x70, 0x6e, 
    0x1e, 0xd4, 0x77, 0xd0, 0x8c, 0x18, 0x18, 0x00, 0x08, 0x82, 0x01, 0xf7, 
    0xe6, 0x81, 0x7d, 0x07, 0xc8, 0x88, 0x81, 0x01, 0x80, 0x20, 0x18, 0x70, 
    0x70, 0x1e, 0xdc, 0x77, 0x30, 0xd4, 0x20, 0x68, 0x05, 0x82, 0xce, 0x32, 
    0xc4, 0x83, 0x3c, 0x04, 0x23, 0x06, 0x07, 0x00, 0x82, 0x60, 0x30, 0xdd, 
    0x79, 0x80, 0xdf, 0x81, 0x34, 0xda, 0xc1, 0x88, 0xc1, 0x01, 0x80, 0x20, 
    0x18, 0x4c, 0x78, 0x1e, 0xe4, 0x77, 0xd0, 0x90, 0x76, 0x30, 0x62, 0x70, 
    0x00, 0x20, 0x08, 0x06, 0x53, 0x9e, 0x07, 0xfa, 0x1d, 0x20, 0xa5, 0x1d, 
    0x8c, 0x18, 0x1c, 0x00, 0x08, 0x82, 0xc1, 0xa4, 0xe7, 0x01, 0x7f, 0x07, 
    0xc3, 0x69, 0x07, 0x23, 0x06, 0x07, 0x00, 0x82, 0x60, 0x30, 0xed, 0x79, 
    0xd0, 0xdf, 0xc1, 0x80, 0xda, 0xc1, 0x88, 0xc1, 0x01, 0x80, 0x20, 0x18, 
    0x4c, 0x7c, 0x1e, 0xf8, 0x77, 0x30, 0xa4, 0x76, 0x30, 0x4b, 0x20, 0x0f, 
    0x03, 0x15, 0x80, 0x11, 0x0f, 0x32, 0x3b, 0xc0, 0xc3, 0x40, 0x05, 0x60, 
    0xc4, 0x03, 0xcd, 0x0e, 0xf0, 0x30, 0x50, 0x01, 0x18, 0xf1, 0x60, 0xb3, 
    0x03, 0x3c, 0x8c, 0x18, 0x1c, 0x00, 0x08, 0x82, 0xc1, 0x04, 0xea, 0x81, 
    0x88, 0x07, 0x66, 0x30, 0x8c, 0x18, 0x1c, 0x00, 0x08, 0x82, 0xc1, 0x14, 
    0xea, 0xc1, 0x88, 0x07, 0x66, 0x30, 0x8c, 0x18, 0x1c, 0x00, 0x08, 0x82, 
    0xc1, 0x24, 0xea, 0x01, 0x89, 0x07, 0x66, 0x30, 0x8c, 0x18, 0x1c, 0x00, 
    0x08, 0x82, 0xc1, 0x34, 0xea, 0x01, 0x89, 0x07, 0x66, 0x60, 0x8c, 0x18, 
    0x1c, 0x00, 0x08, 0x82, 0xc1, 0x44, 0xea, 0x41, 0x89, 0x07, 0x66, 0x60, 
    0x8c, 0x18, 0x1c, 0x00, 0x08, 0x82, 0xc1, 0x54, 0xea, 0x81, 0x89, 0x07, 
    0x66, 0x60, 0xcc, 0x32, 0xcc, 0x03, 0x3d, 0x88, 0xc6, 0x88, 0xc1, 0x01, 
    0x80, 0x20, 0x18, 0x4c, 0xa6, 0x1e, 0x9c, 0x78, 0x30, 0x1b, 0xb2, 0x1d, 
    0x8c, 0x18, 0x1c, 0x00, 0x08, 0x82, 0xc1, 0x74, 0xea, 0x01, 0x8a, 0x07, 
    0xae, 0x31, 0xdb, 0xc1, 0x88, 0xc1, 0x01, 0x80, 0x20, 0x18, 0x4c, 0xa8, 
    0x1e, 0xa4, 0x78, 0x90, 0x1a, 0xb4, 0x1d, 0x8c, 0x18, 0x1c, 0x00, 0x08, 
    0x82, 0xc1, 0x94, 0xea, 0xc1, 0x8a, 0x07, 0x83, 0x6d, 0x07, 0x23, 0x06, 
    0x07, 0x00, 0x82, 0x60, 0x30, 0xa9, 0x7a, 0xc0, 0xe2, 0xc1, 0x70, 0xdb, 
    0xc1, 0x88, 0xc1, 0x01, 0x80, 0x20, 0x18, 0x4c, 0xab, 0x1e, 0xb4, 0x78, 
    0x30, 0xe0, 0x76, 0x30, 0x4b, 0x40, 0x0f, 0x03, 0x15, 0x80, 0x31, 0x0f, 
    0x70, 0x3b, 0xc8, 0xc3, 0x40, 0x05, 0x60, 0xcc, 0x83, 0xdc, 0x0e, 0xf2, 
    0x30, 0x50, 0x01, 0x18, 0xf3, 0x40, 0xb7, 0x83, 0x3c, 0x8c, 0x18, 0x1c, 
    0x00, 0x08, 0x82, 0xc1, 0xf4, 0xea, 0x41, 0x8c, 0x07, 0xcf, 0x30, 0x62, 
    0x70, 0x00, 0x20, 0x08, 0x06, 0x13, 0xac, 0x07, 0x32, 0x1e, 0x3c, 0xc3, 
    0x88, 0xc1, 0x01, 0x80, 0x20, 0x18, 0x4c, 0xb1, 0x1e, 0xcc, 0x78, 0xf0, 
    0x0c, 0x23, 0x06, 0x07, 0x00, 0x82, 0x60, 0x30, 0xc9, 0x7a, 0x30, 0xe3, 
    0xc1, 0x63, 0x8c, 0x18, 0x1c, 0x00, 0x08, 0x82, 0xc1, 0x34, 0xeb, 0x01, 
    0x8d, 0x07, 0x8f, 0x31, 0x62, 0x70, 0x00, 0x20, 0x08, 0x06, 0x13, 0xad, 
    0x07, 0x35, 0x1e, 0x3c, 0x46, 0xdd, 0x92, 0x8e, 0x07, 0x52, 0x7e, 0x16, 
    0x40, 0x05, 0xa5, 0x1e, 0x48, 0xad, 0x7a, 0x10, 0xc0, 0x0a, 0x06, 0x70, 
    0x0f, 0x58, 0x3d, 0x08, 0x28, 0x00, 0x46, 0xf5, 0x12, 0x98, 0x07, 0x52, 
    0xa4, 0x16, 0x40, 0x05, 0xab, 0x1e, 0x48, 0xc9, 0x7a, 0x10, 0xc0, 0x0a, 
    0x06, 0x73, 0x0f, 0x64, 0x3d, 0x08, 0x28, 0x00, 0x46, 0x8d, 0x93, 0x99, 
    0x07, 0x52, 0xaa, 0x16, 0x40, 0x05, 0xb1, 0x1e, 0x48, 0xd1, 0x7a, 0x10, 
    0xc0, 0x0a, 0x06, 0x76, 0x0f, 0x70, 0x3d, 0x08, 0x28, 0x00, 0xc6, 0x88, 
    0x81, 0x01, 0x80, 0x20, 0x18, 0x70, 0xe3, 0x1e, 0xa8, 0x79, 0xd0, 0x8c, 
    0x18, 0x18, 0x00, 0x08, 0x82, 0x01, 0x47, 0xee, 0xc1, 0x9a, 0x07, 0xc8, 
    0x88, 0x81, 0x01, 0x80, 0x20, 0x18, 0x70, 0xe5, 0x1e, 0xb0, 0x79, 0x30, 
    0xd4, 0x20, 0x68, 0x05, 0x82, 0xce, 0x32, 0xd4, 0x83, 0x3d, 0x04, 0x23, 
    0x06, 0x07, 0x00, 0x82, 0x60, 0x30, 0xb1, 0x7b, 0xd0, 0xe6, 0x81, 0x84, 
    0xdf, 0xc1, 0x88, 0xc1, 0x01, 0x80, 0x20, 0x18, 0x4c, 0xed, 0x1e, 0xb8, 
    0x79, 0xd0, 0xe4, 0x77, 0x30, 0x62, 0x70, 0x00, 0x20, 0x08, 0x06, 0x93, 
    0xbb, 0x07, 0x6f, 0x1e, 0x20, 0xfa, 0x1d, 0x8c, 0x18, 0x1c, 0x00, 0x08, 
    0x82, 0xc1, 0xf4, 0xee, 0x41, 0x9c, 0x07, 0x03, 0x7f, 0x07, 0x23, 0x06, 
    0x07, 0x00, 0x82, 0x60, 0x30, 0xc1, 0x7b, 0x20, 0xe7, 0xc1, 0xd0, 0xdf, 
    0xc1, 0x88, 0xc1, 0x01, 0x80, 0x20, 0x18, 0x4c, 0xf1, 0x1e, 0xcc, 0x79, 
    0x30, 0xf8, 0x77, 0x30, 0x4b, 0x60, 0x0f, 0x03, 0x15, 0x80, 0x51, 0x0f, 
    0xfc, 0x3b, 0xd0, 0xc3, 0x40, 0x05, 0x60, 0xd4, 0x83, 0xff, 0x0e, 0xf4, 
    0x30, 0x50, 0x01, 0x18, 0xf5, 0x00, 0xc2, 0x03, 0x3d, 0x8c, 0x18, 0x1c, 
    0x00, 0x08, 0x82, 0xc1, 0x54, 0xef, 0xc1, 0x9d, 0x07, 0x66, 0x30, 0x8c, 
    0x18, 0x1c, 0x00, 0x08, 0x82, 0xc1, 0x64, 0xef, 0x01, 0x9e, 0x07, 0x66, 
    0x30, 0x8c, 0x18, 0x1c, 0x00, 0x08, 0x82, 0xc1, 0x74, 0xef, 0x41, 0x9e, 
    0x07, 0x66, 0x30, 0x8c, 0x18, 0x1c, 0x00, 0x08, 0x82, 0xc1, 0x84, 0xef, 
    0x41, 0x9e, 0x07, 0x66, 0x60, 0x8c, 0x18, 0x1c, 0x00, 0x08, 0x82, 0xc1, 
    0x94, 0xef, 0x81, 0x9e, 0x07, 0x66, 0x60, 0x8c, 0x18, 0x1c, 0x00, 0x08, 
    0x82, 0xc1, 0xa4, 0xef, 0xc1, 0x9e, 0x07, 0x66, 0x60, 0x14, 0x8d, 0x81, 
    0x7a, 0x20, 0x55, 0x67, 0x01, 0x54, 0xb0, 0xee, 0x81, 0x54, 0xbc, 0x07, 
    0x01, 0xac, 0x60, 0x30, 0xf9, 0x40, 0xde, 0x83, 0x80, 0x02, 0x60, 0x94, 
    0x8e, 0x99, 0x7a, 0x20, 0xb5, 0x67, 0x01, 0x54, 0x10, 0xef, 0x81, 0x14, 
    0xbe, 0x07, 0x01, 0xac, 0x60, 0x60, 0xf9, 0x00, 0xdf, 0x83, 0x80, 0x02, 
    0x60, 0x14, 0x98, 0xb1, 0x7a, 0x20, 0x15, 0x6a, 0x01, 0x54, 0x70, 0xef, 
    0x81, 0x94, 0xbe, 0x07, 0x01, 0xac, 0x60, 0x90, 0xf9, 0xc0, 0xdf, 0x83, 
    0x80, 0x02, 0x60, 0x8c, 0x18, 0x18, 0x00, 0x08, 0x82, 0x01, 0x97, 0xf2, 
    0x01, 0xac, 0x07, 0xcd, 0x88, 0x81, 0x01, 0x80, 0x20, 0x18, 0x70, 0x2a, 
    0x1f, 0xc4, 0x7a, 0x80, 0x8c, 0x18, 0x18, 0x00, 0x08, 0x82, 0x01, 0xb7, 
    0xf2, 0x81, 0xac, 0x07, 0x43, 0x0d, 0x82, 0x56, 0x20, 0xe8, 0x2c, 0xc3, 
    0x3d, 0xe0, 0x43, 0x30, 0x62, 0x70, 0x00, 0x20, 0x08, 0x06, 0x93, 0xcc, 
    0x07, 0xb3, 0x1e, 0x48, 0x3e, 0x1e, 0x8c, 0x18, 0x1c, 0x00, 0x08, 0x82, 
    0xc1, 0x34, 0xf3, 0x01, 0xad, 0x07, 0xcd, 0x8f, 0x07, 0x23, 0x06, 0x07, 
    0x00, 0x82, 0x60, 0x30, 0xd1, 0x7c, 0x50, 0xeb, 0x01, 0x02, 0xe6, 0xc1, 
    0x88, 0xc1, 0x01, 0x80, 0x20, 0x18, 0x4c, 0x35, 0x1f, 0xdc, 0x7a, 0x30, 
    0x88, 0x79, 0x30, 0x62, 0x70, 0x00, 0x20, 0x08, 0x06, 0x93, 0xcd, 0x07, 
    0xb8, 0x1e, 0x0c, 0x63, 0x1e, 0x8c, 0x18, 0x1c, 0x00, 0x08, 0x82, 0xc1, 
    0x74, 0xf3, 0x41, 0xae, 0x07, 0x03, 0x99, 0x07, 0xb3, 0x04, 0xf8, 0x30, 
    0x50, 0x01, 0x18, 0xf7, 0x80, 0xca, 0x83, 0x3d, 0x0c, 0x54, 0x00, 0xc6, 
    0x3d, 0xa8, 0xf2, 0x60, 0x0f, 0x03, 0x15, 0x80, 0x71, 0x0f, 0xac, 0x3c, 
    0xd8, 0xc3, 0x88, 0xc1, 0x01, 0x80, 0x20, 0x18, 0x4c, 0x3b, 0x1f, 0xf4, 
    0x7a, 0x60, 0x06, 0xc3, 0x88, 0xc1, 0x01, 0x80, 0x20, 0x18, 0x4c, 0x3c, 
    0x1f, 0xf8, 0x7a, 0x60, 0x06, 0xc3, 0x88, 0xc1, 0x01, 0x80, 0x20, 0x18, 
    0x4c, 0x3d, 0x1f, 0xfc, 0x7a, 0x60, 0x06, 0xc3, 0x88, 0xc1, 0x01, 0x80, 
    0x20, 0x18, 0x4c, 0x3e, 0x1f, 0xfc, 0x7a, 0x60, 0x06, 0xc6, 0x88, 0xc1, 
    0x01, 0x80, 0x20, 0x18, 0x4c, 0x3f, 0x1f, 0x80, 0x7b, 0x60, 0x06, 0xc6, 
    0x88, 0xc1, 0x01, 0x80, 0x20, 0x18, 0x4c, 0x60, 0x1f, 0x84, 0x7b, 0x60, 
    0x06, 0x46, 0xa9, 0x9c, 0xb9, 0x07, 0x52, 0xbb, 0x16, 0x40, 0x05, 0x31, 
    0x1f, 0x48, 0xdd, 0x7c, 0x10, 0xc0, 0x0a, 0x06, 0xb6, 0x0f, 0x70, 0x3e, 
    0x08, 0x28, 0x00, 0x46, 0xc1, 0x1c, 0xbb, 0x07, 0x52, 0xe1, 0x16, 0x40, 
    0x05, 0x37, 0x1f, 0x48, 0xf9, 0x7c, 0x10, 0xc0, 0x0a, 0x06, 0xb9, 0x0f, 
    0x7c, 0x3e, 0x08, 0x28, 0x00, 0x46, 0xd9, 0x9c, 0xbc, 0x07, 0x52, 0xe7, 
    0x16, 0x40, 0x05, 0x3d, 0x1f, 0x48, 0x81, 0x7d, 0x10, 0xc0, 0x0a, 0x06, 
    0xbc, 0x0f, 0xc8, 0x3e, 0x08, 0x28, 0x00, 0xc6, 0x88, 0x81, 0x01, 0x80, 
    0x20, 0x18, 0x70, 0x6f, 0x1f, 0xd8, 0x7b, 0xd0, 0x8c, 0x18, 0x18, 0x00, 
    0x08, 0x82, 0x01, 0x07, 0xf7, 0xc1, 0xbd, 0x07, 0xc8, 0x88, 0x81, 0x01, 
    0x80, 0x20, 0x18, 0x70, 0x71, 0x1f, 0xe0, 0x7b, 0x30, 0xd4, 0x20, 0x68, 
    0x05, 0x82, 0xce, 0x32, 0xe4, 0x83, 0x3e, 0x04, 0x23, 0x06, 0x07, 0x00, 
    0x82, 0x60, 0x30, 0xe1, 0x7d, 0x90, 0xef, 0x81, 0x44, 0xea, 0xc1, 0x88, 
    0xc1, 0x01, 0x80, 0x20, 0x18, 0x4c, 0x79, 0x1f, 0xe8, 0x7b, 0xd0, 0x94, 
    0x7a, 0x30, 0x62, 0x70, 0x00, 0x20, 0x08, 0x06, 0x93, 0xde, 0x07, 0xfb, 
    0x1e, 0x20, 0xa6, 0x1e, 0x8c, 0x18, 0x1c, 0x00, 0x08, 0x82, 0xc1, 0xb4, 
    0xf7, 0x41, 0xbf, 0x07, 0x03, 0xaa, 0x07, 0x23, 0x06, 0x07, 0x00, 0x82, 
    0x60, 0x30, 0xf1, 0x7d, 0xe0, 0xef, 0xc1, 0x90, 0xea, 0xc1, 0x88, 0xc1, 
    0x01, 0x80, 0x20, 0x18, 0x4c, 0x7d, 0x1f, 0xfc, 0x7b, 0x30, 0xa8, 0x7a, 
    0x30, 0x4b, 0xa0, 0x0f, 0x03, 0x15, 0x80, 0x91, 0x0f, 0x34, 0x3d, 0xe0, 
    0xc3, 0x40, 0x05, 0x60, 0xe4, 0x83, 0x4d, 0x0f, 0xf8, 0x30, 0x50, 0x01, 
    0x18, 0xf9, 0x80, 0xd3, 0x03, 0x3e, 0x8c, 0x18, 0x1c, 0x00, 0x08, 0x82, 
    0xc1, 0x14, 0xfa, 0xc1, 0xc8, 0x07, 0x66, 0x30, 0x8c, 0x18, 0x1c, 0x00, 
    0x08, 0x82, 0xc1, 0x24, 0xfa, 0x01, 0xc9, 0x07, 0x66, 0x30, 0x8c, 0x18, 
    0x1c, 0x00, 0x08, 0x82, 0xc1, 0x34, 0xfa, 0x41, 0xc9, 0x07, 0x66, 0x30, 
    0x8c, 0x18, 0x1c, 0x00, 0x08, 0x82, 0xc1, 0x44, 0xfa, 0x41, 0xc9, 0x07, 
    0x66, 0x60, 0x8c, 0x18, 0x1c, 0x00, 0x08, 0x82, 0xc1, 0x54, 0xfa, 0x81, 
    0xc9, 0x07, 0x66, 0x60, 0x8c, 0x18, 0x1c, 0x00, 0x08, 0x82, 0xc1, 0x64, 
    0xfa, 0xc1, 0xc9, 0x07, 0x66, 0x60, 0x54, 0x6a, 0xb1, 0x7c, 0x20, 0x15, 
    0x72, 0x01, 0x54, 0x70, 0xf7, 0x81, 0x54, 0xdf, 0x07, 0x01, 0xac, 0x60, 
    0x90, 0xfd, 0xc0, 0xef, 0x83, 0x80, 0x02, 0x60, 0xd4, 0x6b, 0xc9, 0x7c, 
    0x20, 0x75, 0x72, 0x01, 0x54, 0xd0, 0xf7, 0x81, 0x14, 0xe9, 0x07, 0x01, 
    0xac, 0x60, 0xc0, 0xfd, 0x80, 0xf4, 0x83, 0x80, 0x02, 0x60, 0x54, 0x6d, 
    0xe1, 0x7c, 0x20, 0xd5, 0x72, 0x01, 0x54, 0x30, 0xfa, 0x81, 0x94, 0xe9, 
    0x07, 0x01, 0xac, 0x60, 0xf0, 0xfd, 0x40, 0xf5, 0x83, 0x80, 0x02, 0x60, 
    0x8c, 0x18, 0x18, 0x00, 0x08, 0x82, 0x01, 0x57, 0xfb, 0x01, 0xcf, 0x07, 
    0xcd, 0x88, 0x81, 0x01, 0x80, 0x20, 0x18, 0x70, 0xb6, 0x1f, 0xf4, 0x7c, 
    0x80, 0x8c, 0x18, 0x18, 0x00, 0x08, 0x82, 0x01, 0x77, 0xfb, 0x81, 0xcf, 
    0x07, 0x43, 0x0d, 0x82, 0x56, 0x20, 0xe8, 0x2c, 0xc3, 0x3e, 0xf0, 0x43, 
    0x30, 0x62, 0x70, 0x00, 0x20, 0x08, 0x06, 0x93, 0xef, 0x07, 0x3f, 0x1f, 
    0x48, 0xea, 0x1e, 0x8c, 0x18, 0x1c, 0x00, 0x08, 0x82, 0xc1, 0xf4, 0xfb, 
    0x01, 0xd8, 0x07, 0xcd, 0xba, 0x07, 0x23, 0x06, 0x07, 0x00, 0x82, 0x60, 
    0x30, 0x81, 0x7f, 0x10, 0xf6, 0x01, 0xc2, 0xee, 0xc1, 0x88, 0xc1, 0x01, 
    0x80, 0x20, 0x18, 0x4c, 0xe1, 0x1f, 0x8c, 0x7d, 0x30, 0xb8, 0x7b, 0x30, 
    0x62, 0x70, 0x00, 0x20, 0x08, 0x06, 0x93, 0xf8, 0x07, 0x64, 0x1f, 0x0c, 
    0xef, 0x1e, 0x8c, 0x18, 0x1c, 0x00, 0x08, 0x82, 0xc1, 0x34, 0xfe, 0x41, 
    0xd9, 0x07, 0x03, 0xbc, 0x07, 0xb3, 0x04, 0xfc, 0x30, 0x50, 0x01, 0x18, 
    0xfb, 0x00, 0xde, 0x83, 0x3e, 0x0c, 0x54, 0x00, 0xc6, 0x3e, 0x88, 0xf7, 
    0xa0, 0x0f, 0x03, 0x15, 0x80, 0xb1, 0x0f, 0xe4, 0x3d, 0xe8, 0xc3, 0x88, 
    0xc1, 0x01, 0x80, 0x20, 0x18, 0x4c, 0xe7, 0x1f, 0xa4, 0x7d, 0x60, 0x06, 
    0xc3, 0x88, 0xc1, 0x01, 0x80, 0x20, 0x18, 0x4c, 0xe8, 0x1f, 0xa8, 0x7d, 
    0x60, 0x06, 0xc3, 0x88, 0xc1, 0x01, 0x80, 0x20, 0x18, 0x4c, 0xe9, 0x1f, 
    0xac, 0x7d, 0x60, 0x06, 0xc3, 0x88, 0xc1, 0x01, 0x80, 0x20, 0x18, 0x4c, 
    0xea, 0x1f, 0xac, 0x7d, 0x60, 0x06, 0xc6, 0x88, 0xc1, 0x01, 0x80, 0x20, 
    0x18, 0x4c, 0xeb, 0x1f, 0xb0, 0x7d, 0x60, 0x06, 0xc6, 0x88, 0xc1, 0x01, 
    0x80, 0x20, 0x18, 0x4c, 0xec, 0x1f, 0xb4, 0x7d, 0x60, 0x06, 0x86, 0x0d, 
    0x46, 0x7c, 0x6c, 0x30, 0xe2, 0x63, 0x83, 0x11, 0x1f, 0x33, 0x62, 0x3e, 
    0x90, 0x8f, 0x19, 0x32, 0x1f, 0xc8, 0xc7, 0x8c, 0x99, 0x0f, 0xe4, 0x33, 
    0x62, 0x70, 0x00, 0x20, 0x08, 0x06, 0xd3, 0xfc, 0x07, 0x74, 0x1f, 0x0c, 
    0x30, 0x1f, 0x8c, 0x18, 0x1c, 0x00, 0x08, 0x82, 0xc1, 0x44, 0xff, 0x41, 
    0xdd, 0x07, 0x43, 0xcc, 0x07, 0x23, 0x06, 0x07, 0x00, 0x82, 0x60, 0x30, 
    0xd5, 0x7f, 0x60, 0xf7, 0xc1, 0x20, 0xf3, 0x81, 0x25, 0x38, 0x1f, 0xc8, 
    0xc7, 0x92, 0x9c, 0x0f, 0xe4, 0x63, 0x89, 0xce, 0x07, 0xf2, 0x31, 0x63, 
    0x80, 0x8f, 0x19, 0x03, 0x7c, 0xcc, 0x18, 0xe0, 0x63, 0x83, 0x04, 0x1f, 
    0x1b, 0x24, 0xf8, 0xd8, 0x20, 0xc1, 0xc7, 0x30, 0x23, 0x3e, 0x86, 0x19, 
    0xf1, 0x31, 0xcc, 0x88, 0xcf, 0x88, 0xc1, 0x01, 0x80, 0x20, 0x18, 0x4c, 
    0x22, 0x28, 0x8c, 0x7e, 0x30, 0xb8, 0x7c, 0x30, 0x62, 0x70, 0x00, 0x20, 
    0x08, 0x06, 0xd3, 0x08, 0x0a, 0xa4, 0x1f, 0x0c, 0x2f, 0x1f, 0x8c, 0x18, 
    0x1c, 0x00, 0x08, 0x82, 0xc1, 0x44, 0x82, 0x42, 0xe9, 0x07, 0x03, 0xcc, 
    0x07, 0x23, 0x06, 0x06, 0x00, 0x82, 0x60, 0xc0, 0x85, 0xa0, 0x80, 0xfa, 
    0x81, 0xae, 0x8c, 0x18, 0x18, 0x00, 0x08, 0x82, 0x01, 0x27, 0x82, 0x42, 
    0xea, 0x07, 0xba, 0x32, 0x62, 0x60, 0x00, 0x20, 0x08, 0x06, 0xdc, 0x08, 
    0x0a, 0xaa, 0x1f, 0xe8, 0x4a, 0x0d, 0x82, 0x56, 0x20, 0xe8, 0x2c, 0x43, 
    0x3f, 0xf8, 0x43, 0x30, 0x62, 0x70, 0x00, 0x20, 0x08, 0x06, 0x93, 0x0a, 
    0x0a, 0xab, 0x1f, 0xfc, 0x8a, 0xcd, 0x07, 0x23, 0x06, 0x07, 0x00, 0x82, 
    0x60, 0x30, 0xad, 0xa0, 0xc0, 0xfa, 0xc1, 0xaf, 0xdc, 0x7c, 0x30, 0x62, 
    0x70, 0x00, 0x20, 0x08, 0x06, 0x13, 0x0b, 0x0a, 0xad, 0x1f, 0xfc, 0x0a, 
    0xce, 0x07, 0x23, 0x06, 0x07, 0x00, 0x82, 0x60, 0x30, 0xb5, 0xa0, 0xf0, 
    0xfa, 0xc1, 0xa0, 0xf3, 0xc1, 0x88, 0xc1, 0x01, 0x80, 0x20, 0x18, 0x4c, 
    0x2e, 0x28, 0xc0, 0x7e, 0x30, 0xec, 0x7c, 0x30, 0x62, 0x70, 0x00, 0x20, 
    0x08, 0x06, 0xd3, 0x0b, 0x0a, 0xb1, 0x1f, 0x0c, 0x3c, 0x1f, 0xcc, 0x12, 
    0xf8, 0xc3, 0x40, 0x05, 0x60, 0xf4, 0x03, 0x9e, 0x0f, 0xfc, 0x30, 0x50, 
    0x01, 0x18, 0xfd, 0xa0, 0xe7, 0x03, 0x3f, 0x0c, 0x54, 0x00, 0x46, 0x3f, 
    0xf0, 0xf9, 0xc0, 0x0f, 0x23, 0x06, 0x07, 0x00, 0x82, 0x60, 0x30, 0xcd, 
    0xa0, 0x40, 0xfb, 0xc1, 0x10, 0x8d, 0x18, 0x1c, 0x00, 0x08, 0x82, 0xc1, 
    0x44, 0x83, 0x42, 0xed, 0x07, 0x43, 0x34, 0x62, 0x70, 0x00, 0x20, 0x08, 
    0x06, 0x53, 0x0d, 0x0a, 0xb6, 0x1f, 0x0c, 0xd1, 0x88, 0xc1, 0x01, 0x80, 
    0x20, 0x18, 0x4c, 0x36, 0x28, 0xe0, 0x7e, 0x30, 0x68, 0x23, 0x06, 0x07, 
    0x00, 0x82, 0x60, 0x30, 0xdd, 0xa0, 0x90, 0xfb, 0xc1, 0xa0, 0x8d, 0x18, 
    0x1c, 0x00, 0x08, 0x82, 0xc1, 0x84, 0x83, 0x82, 0xee, 0x07, 0x83, 0x36, 
    0x62, 0x60, 0x00, 0x20, 0x08, 0x06, 0x5c, 0x0d, 0x0a, 0xbc, 0x1f, 0xb8, 
    0xcc, 0x88, 0x81, 0x01, 0x80, 0x20, 0x18, 0x70, 0x36, 0x28, 0xf4, 0x7e, 
    0xe0, 0x32, 0x23, 0x06, 0x06, 0x00, 0x82, 0x60, 0xc0, 0xdd, 0xa0, 0xe0, 
    0xfb, 0x81, 0xcb, 0xd4, 0x20, 0x68, 0x05, 0x82, 0xce, 0x32, 0xfc, 0x03, 
    0x48, 0x04, 0x23, 0x06, 0x07, 0x00, 0x82, 0x60, 0x30, 0xf9, 0xa0, 0xf0, 
    0xfb, 0xc1, 0xcc, 0xa8, 0x7d, 0x30, 0x62, 0x70, 0x00, 0x20, 0x08, 0x06, 
    0xd3, 0x0f, 0x0a, 0xe0, 0x1f, 0xcc, 0xcc, 0xda, 0x07, 0x23, 0x06, 0x07, 
    0x00, 0x82, 0x60, 0x30, 0x81, 0xa1, 0x10, 0xfe, 0xc1, 0xcc, 0xb0, 0x7d, 
    0x30, 0x62, 0x70, 0x00, 0x20, 0x08, 0x06, 0x53, 0x18, 0x0a, 0xe3, 0x1f, 
    0x0c, 0x6e, 0x1f, 0x8c, 0x18, 0x1c, 0x00, 0x08, 0x82, 0xc1, 0x24, 0x86, 
    0x02, 0xf9, 0x07, 0xc3, 0xdb, 0x07, 0x23, 0x06, 0x07, 0x00, 0x82, 0x60, 
    0x30, 0x8d, 0xa1, 0x50, 0xfe, 0xc1, 0x00, 0xf7, 0xc1, 0x2c, 0x01, 0x48, 
    0x0c, 0x54, 0x00, 0xc6, 0x3f, 0x80, 0xfb, 0xe0, 0x0f, 0x03, 0x15, 0x80, 
    0xf1, 0x0f, 0xe2, 0x3e, 0xf8, 0xc3, 0x40, 0x05, 0x60, 0xfc, 0x03, 0xb9, 
    0x0f, 0xfe, 0x30, 0x62, 0xb0, 0x00, 0x20, 0x08, 0x06, 0x9e, 0x18, 0x0a, 
    0xf0, 0x1f, 0x0c, 0x42, 0x90, 0xf7, 0x81, 0xde, 0x07, 0x7b, 0x1f, 0x8c, 
    0x18, 0x18, 0x00, 0x08, 0x82, 0x01, 0x47, 0x86, 0xc2, 0xfa, 0x07, 0xc1, 
    0x2c, 0x43, 0x48, 0x88, 0x44, 0x30, 0x62, 0x70, 0x00, 0x20, 0x08, 0x06, 
    0x53, 0x1a, 0x0a, 0xea, 0x1f, 0x08, 0x75, 0x1f, 0xcc, 0x12, 0x88, 0xc4, 
    0x40, 0x05, 0x20, 0x84, 0x04, 0xbb, 0x0f, 0x20, 0x31, 0xcb, 0x30, 0x12, 
    0x24, 0x21, 0x06, 0x23, 0x06, 0x07, 0x00, 0x82, 0x60, 0x30, 0xad, 0xa1, 
    0xc0, 0xfe, 0x01, 0xc8, 0xdc, 0x7d, 0x30, 0x62, 0x70, 0x00, 0x20, 0x08, 
    0x06, 0x13, 0x1b, 0x0a, 0xed, 0x1f, 0x80, 0x0c, 0xde, 0x07, 0x23, 0x06, 
    0x07, 0x00, 0x82, 0x60, 0x30, 0xb5, 0xa1, 0xe0, 0xfe, 0x01, 0xc8, 0xe4, 
    0x7d, 0x30, 0x62, 0x70, 0x00, 0x20, 0x08, 0x06, 0x93, 0x1b, 0x0a, 0xf0, 
    0x1f, 0x0c, 0x7b, 0x1f, 0x8c, 0x18, 0x1c, 0x00, 0x08, 0x82, 0xc1, 0xf4, 
    0x86, 0x42, 0xfc, 0x07, 0x03, 0xdf, 0x07, 0x23, 0x06, 0x07, 0x00, 0x82, 
    0x60, 0x30, 0xc1, 0xa1, 0x20, 0xff, 0xc1, 0xd0, 0xf7, 0xc1, 0x2c, 0x01, 
    0x49, 0x0c, 0x54, 0x00, 0xc6, 0x48, 0xe8, 0xfb, 0x20, 0x12, 0x03, 0x15, 
    0x80, 0x31, 0x12, 0xfc, 0x3e, 0x88, 0xc4, 0x40, 0x05, 0x60, 0x8c, 0x84, 
    0xbf, 0x0f, 0x22, 0x31, 0x62, 0xb0, 0x00, 0x20, 0x08, 0x06, 0xde, 0x1b, 
    0x0a, 0xfd, 0x1f, 0x0c, 0x42, 0x60, 0xfa, 0xc1, 0xe9, 0x07, 0xa8, 0x1f, 
    0x8c, 0x18, 0x18, 0x00, 0x08, 0x82, 0x01, 0x17, 0x87, 0x02, 0xfe, 0x07, 
    0xc1, 0x2c, 0x43, 0x49, 0x98, 0x44, 0x30, 0x62, 0x70, 0x00, 0x20, 0x08, 
    0x06, 0x93, 0x1d, 0x0a, 0xf7, 0x1f, 0x08, 0xa2, 0x1f, 0xcc, 0x12, 0x98, 
    0xc4, 0x40, 0x05, 0x20, 0x94, 0x84, 0xc9, 0x0f, 0x24, 0x61, 0x81, 0x13, 
    0x9f, 0x11, 0x03, 0x03, 0x00, 0x41, 0x30, 0xa8, 0xf0, 0x50, 0x50, 0x43, 
    0x21, 0x18, 0x31, 0x38, 0x00, 0x10, 0x04, 0x83, 0x49, 0x0f, 0x85, 0xfd, 
    0x0f, 0x06, 0x68, 0xc4, 0xe0, 0x00, 0x40, 0x10, 0x0c, 0xa6, 0x3d, 0x14, 
    0xf8, 0x3f, 0x08, 0x76, 0x3f, 0xb0, 0xd5, 0x0f, 0x02, 0xfa, 0x58, 0x40, 
    0xc8, 0xc7, 0x82, 0xf4, 0x0f, 0xe0, 0x63, 0xc1, 0xfa, 0x07, 0xf2, 0x19, 
    0x31, 0x30, 0x00, 0x10, 0x04, 0x83, 0xea, 0x0f, 0x05, 0x15, 0x14, 0x02, 
    0x0b, 0x6c, 0x3f, 0x90, 0x8f, 0xf9, 0x7e, 0x10, 0xc4, 0xc7, 0x86, 0x41, 
    0x3e, 0x16, 0x08, 0xf2, 0x31, 0xda, 0x0f, 0x82, 0xf8, 0x18, 0xf7, 0xc4, 
    0x67, 0xc4, 0xe0, 0x00, 0x40, 0x10, 0x0c, 0xa6, 0x53, 0x14, 0x50, 0x50, 
    0x08, 0x66, 0x3f, 0x18, 0x31, 0x38, 0x00, 0x10, 0x04, 0x83, 0x09, 0x15, 
    0x85, 0x14, 0x14, 0x3c, 0xf4, 0x0f, 0x0c, 0xf7, 0x83, 0x80, 0x3e, 0x16, 
    0x0c, 0xf2, 0xb1, 0x00, 0xff, 0x03, 0xf8, 0x58, 0x10, 0xfe, 0x81, 0x7c, 
    0x46, 0x0c, 0x0c, 0x00, 0x04, 0xc1, 0xa0, 0x62, 0x45, 0xe1, 0x06, 0x85, 
    0xc0, 0x82, 0xf1, 0x0f, 0xe4, 0x63, 0xeb, 0x1f, 0x04, 0xf1, 0xb1, 0x61, 
    0x90, 0x8f, 0x05, 0x82, 0x7c, 0x2c, 0xfc, 0x83, 0x20, 0x3e, 0x66, 0x3e, 
    0xe9, 0x23, 0x1f, 0x0b, 0x1e, 0xf9, 0x58, 0x30, 0xc8, 0x67, 0xc4, 0xc0, 
    0x00, 0x40, 0x10, 0x0c, 0xaa, 0x5a, 0x14, 0xc0, 0x50, 0x08, 0x46, 0x0c, 
    0x0e, 0x00, 0x04, 0xc1, 0x60, 0xba, 0x45, 0x21, 0x07, 0x85, 0xa0, 0x04, 
    0x85, 0x11, 0x83, 0x03, 0x00, 0x41, 0x30, 0x28, 0x03, 0x58, 0x14, 0xc6, 
    0x50, 0xd8, 0xfd, 0x80, 0x15, 0x85, 0xd1, 0x84, 0x20, 0xa8, 0x80, 0x0e, 
    0x05, 0x1d, 0x6e, 0x08, 0x5c, 0x51, 0x00, 0x83, 0x59, 0x06, 0xb0, 0x38, 
    0x89, 0xa0, 0x86, 0x3b, 0x14, 0x74, 0x98, 0xc6, 0x08, 0x6e, 0x82, 0x0d, 
    0x50, 0x62, 0x0d, 0x52, 0x42, 0x0d, 0x58, 0x22, 0x0d, 0x5a, 0x02, 0x0d, 
    0x64, 0x62, 0xc4, 0xc0, 0x00, 0x40, 0x10, 0x0c, 0x2a, 0x5e, 0x14, 0xce, 
    0x50, 0x30, 0x2c, 0x08, 0xe4, 0x63, 0x81, 0x20, 0x1f, 0x13, 0x04, 0xf9, 
    0x98, 0x30, 0xc8, 0x67, 0xc4, 0xa0, 0x01, 0x40, 0x10, 0x0c, 0xc0, 0x80, 
    0x17, 0x85, 0x38, 0x14, 0xe2, 0x3f, 0x28, 0x88, 0x21, 0x06, 0x05, 0x19, 
    0x14, 0xc4, 0x50, 0x08, 0x43, 0x61, 0xc4, 0x20, 0x01, 0x40, 0x10, 0x0c, 
    0xc4, 0x80, 0x17, 0x85, 0x39, 0x14, 0x06, 0x21, 0x0c, 0x05, 0x30, 0x14, 
    0x2c, 0x10, 0xe0, 0x33, 0x62, 0xd0, 0x00, 0x20, 0x08, 0x06, 0x60, 0xf0, 
    0x8b, 0x02, 0x1d, 0x0a, 0xf4, 0x1f, 0x20, 0x87, 0x11, 0x86, 0x02, 0x18, 
    0x0a, 0x3f, 0x28, 0xf8, 0xa0, 0x30, 0x62, 0x90, 0x00, 0x20, 0x08, 0x06, 
    0x62, 0xf0, 0x8b, 0x82, 0x1d, 0x0a, 0x46, 0xe1, 0x83, 0x42, 0x0f, 0x0a, 
    0x16, 0x08, 0xf0, 0x19, 0x31, 0x68, 0x00, 0x10, 0x04, 0x03, 0x30, 0x10, 
    0x47, 0xe1, 0x0e, 0x85, 0xfb, 0x0f, 0x16, 0x25, 0xf1, 0x41, 0xa1, 0x07, 
    0x05, 0x1e, 0x14, 0x76, 0x50, 0x18, 0x31, 0x48, 0x00, 0x10, 0x04, 0x03, 
    0x31, 0x10, 0x47, 0x21, 0x0f, 0x85, 0x04, 0xd9, 0x41, 0x41, 0x07, 0x05, 
    0x0b, 0x04, 0xf8, 0x8c, 0x18, 0x38, 0x00, 0x08, 0x82, 0x41, 0xc4, 0x8e, 
    0xc2, 0x1c, 0x0a, 0xf6, 0x1f, 0x9c, 0x7f, 0x60, 0xfe, 0xc1, 0x1b, 0x0a, 
    0x07, 0x11, 0xe8, 0x7f, 0xc0, 0x8a, 0xc2, 0x2c, 0xc1, 0x58, 0x8c, 0x18, 
    0x34, 0x00, 0x08, 0x82, 0xc1, 0xd3, 0x8e, 0x42, 0x1c, 0x0a, 0xf4, 0x1f, 
    0xf8, 0xa2, 0x70, 0xfe, 0x81, 0xf9, 0x07, 0x6f, 0x28, 0xbc, 0xa1, 0xf0, 
    0x86, 0xc2, 0x1b, 0x0a, 0xa3, 0x09, 0x01, 0x30, 0x9a, 0x20, 0x04, 0xa3, 
    0x09, 0x83, 0x30, 0x62, 0x60, 0x00, 0x20, 0x08, 0x06, 0xdc, 0x3a, 0x0a, 
    0x72, 0x28, 0x0c, 0x23, 0x06, 0x06, 0x00, 0x82, 0x60, 0xc0, 0xb1, 0xa3, 
    0x30, 0x87, 0xc2, 0x30, 0x62, 0x60, 0x00, 0x20, 0x08, 0x06, 0x5c, 0x3b, 
    0x0a, 0x74, 0x28, 0x0c, 0x35, 0x08, 0x5a, 0x81, 0xa0, 0xb3, 0x0c, 0x2a, 
    0xb1, 0x12, 0xc1, 0x88, 0xc1, 0x01, 0x80, 0x20, 0x18, 0x4c, 0xf4, 0x28, 
    0xd4, 0xa1, 0x80, 0x80, 0xa0, 0x30, 0x62, 0x70, 0x00, 0x20, 0x08, 0x06, 
    0x53, 0x3d, 0x0a, 0x76, 0x28, 0x20, 0x21, 0x28, 0x8c, 0x18, 0x1c, 0x00, 
    0x08, 0x82, 0xc1, 0x64, 0x8f, 0xc2, 0x1d, 0x0a, 0x88, 0x08, 0x0a, 0x23, 
    0x06, 0x07, 0x00, 0x82, 0x60, 0x30, 0xdd, 0xa3, 0x90, 0x87, 0xc2, 0x40, 
    0x82, 0xc2, 0x88, 0xc1, 0x01, 0x80, 0x20, 0x18, 0x4c, 0xf8, 0x28, 0xe8, 
    0xa1, 0x30, 0x94, 0xa0, 0x30, 0x62, 0x70, 0x00, 0x20, 0x08, 0x06, 0x53, 
    0x3e, 0x0a, 0x7b, 0x28, 0x0c, 0x26, 0x28, 0xcc, 0x12, 0xac, 0xc4, 0x40, 
    0x05, 0x60, 0xa8, 0x04, 0x0b, 0x12, 0x29, 0x31, 0x50, 0x01, 0x18, 0x2a, 
    0xe1, 0x82, 0x44, 0x4a, 0x0c, 0x54, 0x00, 0x86, 0x4a, 0xc0, 0x20, 0x91, 
    0x12, 0x23, 0x06, 0x07, 0x00, 0x82, 0x60, 0x30, 0xf5, 0xa3, 0xe0, 0x87, 
    0xc2, 0x90, 0x82, 0xc2, 0x88, 0xc1, 0x01, 0x80, 0x20, 0x18, 0x4c, 0xfe, 
    0x28, 0xfc, 0xa1, 0x30, 0xa8, 0xa0, 0x30, 0x62, 0x70, 0x00, 0x20, 0x08, 
    0x06, 0xd3, 0x3f, 0x0a, 0xa0, 0x28, 0x0c, 0x2b, 0x28, 0x8c, 0x18, 0x1c, 
    0x00, 0x08, 0x82, 0xc1, 0x04, 0x92, 0x82, 0x28, 0x0a, 0x03, 0x0c, 0x0a, 
    0x23, 0x06, 0x07, 0x00, 0x82, 0x60, 0x30, 0x85, 0xa4, 0x30, 0x8a, 0xc2, 
    0x10, 0x83, 0xc2, 0x88, 0xc1, 0x01, 0x80, 0x20, 0x18, 0x4c, 0x22, 0x29, 
    0x90, 0xa2, 0x30, 0xc8, 0xa0, 0x30, 0x62, 0xe0, 0x00, 0x20, 0x08, 0x06, 
    0x11, 0x49, 0x0a, 0xab, 0x28, 0xb8, 0xa0, 0xf0, 0xff, 0x81, 0xff, 0x07, 
    0xa7, 0x28, 0x0c, 0x42, 0x20, 0x83, 0x02, 0x39, 0x0a, 0xb3, 0x04, 0x63, 
    0x31, 0x62, 0x70, 0x00, 0x20, 0x08, 0x06, 0xd3, 0x48, 0x0a, 0xa4, 0x28, 
    0xe0, 0xcf, 0x0b, 0x0a, 0x23, 0x06, 0x07, 0x00, 0x82, 0x60, 0x30, 0x91, 
    0xa4, 0x50, 0x8a, 0x02, 0xfe, 0xc0, 0xa0, 0x30, 0x62, 0x70, 0x00, 0x20, 
    0x08, 0x06, 0x53, 0x49, 0x0a, 0xa6, 0x28, 0xe0, 0x4f, 0x0c, 0x0a, 0x23, 
    0x06, 0x07, 0x00, 0x82, 0x60, 0x30, 0x99, 0xa4, 0x80, 0x8a, 0xc2, 0x60, 
    0x83, 0xc2, 0x88, 0xc1, 0x01, 0x80, 0x20, 0x18, 0x4c, 0x27, 0x29, 0xa4, 
    0xa2, 0x30, 0xdc, 0xa0, 0x30, 0x62, 0x70, 0x00, 0x20, 0x08, 0x06, 0x13, 
    0x4a, 0x0a, 0xaa, 0x28, 0x0c, 0x38, 0x28, 0x8c, 0x18, 0x38, 0x00, 0x08, 
    0x82, 0x41, 0xa4, 0x92, 0x42, 0x2c, 0x0a, 0x34, 0x28, 0x94, 0xa0, 0x40, 
    0x82, 0x42, 0x2b, 0x0a, 0x83, 0x10, 0xe0, 0xa0, 0xa0, 0x8e, 0xc2, 0x2c, 
    0xc1, 0x58, 0x8c, 0x18, 0x34, 0x00, 0x08, 0x82, 0xc1, 0xb3, 0x92, 0xc2, 
    0x2b, 0x0a, 0x2e, 0x28, 0xf0, 0xa3, 0x50, 0x82, 0x02, 0x09, 0x0a, 0xad, 
    0x28, 0xb4, 0xa2, 0xd0, 0x8a, 0x42, 0x2b, 0x0a, 0xa3, 0x09, 0x01, 0x30, 
    0x9a, 0x20, 0x04, 0xa3, 0x09, 0x83, 0x30, 0x62, 0x60, 0x00, 0x20, 0x08, 
    0x06, 0x5c, 0x4a, 0x0a, 0xb0, 0x28, 0x0c, 0x23, 0x06, 0x06, 0x00, 0x82, 
    0x60, 0xc0, 0xa9, 0xa4, 0x10, 0x8b, 0xc2, 0x30, 0x62, 0x60, 0x00, 0x20, 
    0x08, 0x06, 0xdc, 0x4a, 0x0a, 0xb2, 0x28, 0x0c, 0x35, 0x08, 0x5a, 0x81, 
    0xa0, 0xb3, 0x0c, 0x2e, 0xf1, 0x12, 0xc1, 0x88, 0xc1, 0x01, 0x80, 0x20, 
    0x18, 0x4c, 0x32, 0x29, 0xcc, 0xa2, 0x80, 0xf8, 0xa0, 0x30, 0x62, 0x70, 
    0x00, 0x20, 0x08, 0x06, 0xd3, 0x4c, 0x0a, 0xb4, 0x28, 0x20, 0x3f, 0x28, 
    0x8c, 0x18, 0x1c, 0x00, 0x08, 0x82, 0xc1, 0x44, 0x93, 0x42, 0x2d, 0x0a, 
    0x08, 0x18, 0x0a, 0x23, 0x06, 0x07, 0x00, 0x82, 0x60, 0x30, 0xd5, 0xa4, 
    0x70, 0x8b, 0xc2, 0x20, 0x86, 0xc2, 0x88, 0xc1, 0x01, 0x80, 0x20, 0x18, 
    0x4c, 0x36, 0x29, 0xe0, 0xa2, 0x30, 0x8c, 0xa1, 0x30, 0x62, 0x70, 0x00, 
    0x20, 0x08, 0x06, 0xd3, 0x4d, 0x0a, 0xb9, 0x28, 0x0c, 0x64, 0x28, 0xcc, 
    0x12, 0xbc, 0xc4, 0x40, 0x05, 0x60, 0xb8, 0x04, 0x2a, 0x12, 0x2d, 0x31, 
    0x50, 0x01, 0x18, 0x2e, 0xa1, 0x8a, 0x44, 0x4b, 0x0c, 0x54, 0x00, 0x86, 
    0x4b, 0xb0, 0x22, 0xd1, 0x12, 0x23, 0x06, 0x0d, 0x00, 0x82, 0x60, 0xf0, 
    0xf4, 0xa4, 0x10, 0x8e, 0x42, 0x18, 0x0a, 0x2e, 0x29, 0xdc, 0xa0, 0x60, 
    0x83, 0xc2, 0x2f, 0x0a, 0xbf, 0x28, 0xfc, 0xa2, 0xf0, 0x8b, 0xc2, 0x68, 
    0x42, 0x00, 0x8c, 0x26, 0x08, 0xc1, 0x68, 0xc2, 0x20, 0x8c, 0x18, 0x18, 
    0x00, 0x08, 0x82, 0x01, 0xb7, 0x93, 0x82, 0x38, 0x0a, 0xc3, 0x88, 0x81, 
    0x01, 0x80, 0x20, 0x18, 0x70, 0x3c, 0x29, 0x8c, 0xa3, 0x30, 0x8c, 0x18, 
    0x18, 0x00, 0x08, 0x82, 0x01, 0xd7, 0x93, 0x02, 0x39, 0x0a, 0x43, 0x0d, 
    0x82, 0x56, 0x20, 0xe8, 0x2c, 0x03, 0x4c, 0xc4, 0x44, 0x30, 0x62, 0x70, 
    0x00, 0x20, 0x08, 0x06, 0x13, 0x59, 0x0a, 0xe5, 0x28, 0x20, 0x70, 0x28, 
    0x8c, 0x18, 0x1c, 0x00, 0x08, 0x82, 0xc1, 0x54, 0x96, 0x82, 0x39, 0x0a, 
    0x48, 0x1c, 0x0a, 0x23, 0x06, 0x07, 0x00, 0x82, 0x60, 0x30, 0x99, 0xa5, 
    0x70, 0x8e, 0x02, 0x22, 0x87, 0xc2, 0x88, 0xc1, 0x01, 0x80, 0x20, 0x18, 
    0x4c, 0x67, 0x29, 0xa4, 0xa3, 0x30, 0xd4, 0xa1, 0x30, 0x62, 0x70, 0x00, 
    0x20, 0x08, 0x06, 0x13, 0x5a, 0x0a, 0xea, 0x28, 0x0c, 0x76, 0x28, 0x8c, 
    0x18, 0x1c, 0x00, 0x08, 0x82, 0xc1, 0x94, 0x96, 0xc2, 0x3a, 0x0a, 0xc3, 
    0x1d, 0x0a, 0xb3, 0x04, 0x31, 0x31, 0x50, 0x01, 0x18, 0x30, 0xc1, 0x8e, 
    0xc4, 0x4b, 0x0c, 0x54, 0x00, 0x06, 0x4c, 0xb8, 0x23, 0xf1, 0x12, 0x03, 
    0x15, 0x80, 0x01, 0x13, 0xf0, 0x48, 0xbc, 0x84, 0x0d, 0x95, 0x7c, 0x6c, 
    0xa8, 0xe4, 0x63, 0x43, 0x25, 0x9f, 0x11, 0x83, 0x03, 0x00, 0x41, 0x30, 
    0x98, 0xe0, 0x52, 0x88, 0x47, 0x61, 0xe0, 0x43, 0x61, 0xc4, 0xe0, 0x00, 
    0x40, 0x10, 0x0c, 0xa6, 0xb8, 0x14, 0xe4, 0x51, 0x18, 0xfa, 0x50, 0x18, 
    0x31, 0x38, 0x00, 0x10, 0x04, 0x83, 0x49, 0x2e, 0x85, 0x79, 0x14, 0x06, 
    0x3f, 0x14, 0x46, 0x0c, 0x0e, 0x00, 0x04, 0xc1, 0x60, 0x9a, 0x4b, 0xa1, 
    0x1e, 0x85, 0x61, 0x14, 0x85, 0x11, 0x83, 0x03, 0x00, 0x41, 0x30, 0x98, 
    0xe8, 0x52, 0xb0, 0x47, 0x61, 0x20, 0x45, 0x61, 0xc4, 0xe0, 0x00, 0x40, 
    0x10, 0x0c, 0xa6, 0xba, 0x14, 0xee, 0x51, 0x18, 0x4a, 0x51, 0x18, 0x31, 
    0x70, 0x00, 0x10, 0x04, 0x83, 0xe8, 0x2e, 0x05, 0x7f, 0x14, 0x42, 0x51, 
    0x90, 0x43, 0x21, 0x0e, 0x05, 0x7d, 0x14, 0x06, 0x21, 0x28, 0x45, 0xe1, 
    0x26, 0x85, 0x59, 0x82, 0xb1, 0x18, 0x31, 0x68, 0x00, 0x10, 0x04, 0x83, 
    0x07, 0x2f, 0x05, 0x7e, 0x14, 0xfa, 0x50, 0x48, 0x4b, 0x41, 0x0e, 0x85, 
    0x38, 0x14, 0xf4, 0x51, 0xd0, 0x47, 0x41, 0x1f, 0x05, 0x7d, 0x14, 0x46, 
    0x13, 0x02, 0x60, 0x34, 0x41, 0x08, 0x46, 0x13, 0x06, 0x61, 0xc4, 0xc0, 
    0x00, 0x40, 0x10, 0x0c, 0x38, 0xbb, 0x14, 0xfa, 0x51, 0x18, 0x46, 0x0c, 
    0x0c, 0x00, 0x04, 0xc1, 0x80, 0xbb, 0x4b, 0xc1, 0x1f, 0x85, 0x61, 0xc4, 
    0xc0, 0x00, 0x40, 0x10, 0x0c, 0x38, 0xbc, 0x14, 0xfe, 0x51, 0x18, 0x6a, 
    0x10, 0xb4, 0x02, 0x41, 0x67, 0x19, 0x66, 0x82, 0x26, 0x82, 0x11, 0x83, 
    0x03, 0x00, 0x41, 0x30, 0x98, 0xfe, 0x52, 0x00, 0x49, 0x01, 0x59, 0x45, 
    0x61, 0xc4, 0xe0, 0x00, 0x40, 0x10, 0x0c, 0x26, 0xd0, 0x14, 0x42, 0x52, 
    0x40, 0x58, 0x51, 0x18, 0x31, 0x38, 0x00, 0x10, 0x04, 0x83, 0x29, 0x34, 
    0x05, 0x91, 0x14, 0x90, 0x56, 0x14, 0x46, 0x0c, 0x0e, 0x00, 0x04, 0xc1, 
    0x60, 0x12, 0x4d, 0x81, 0x24, 0x85, 0xe1, 0x15, 0x85, 0x11, 0x83, 0x03, 
    0x00, 0x41, 0x30, 0x98, 0x46, 0x53, 0x28, 0x49, 0x61, 0x80, 0x45, 0x61, 
    0xc4, 0xe0, 0x00, 0x40, 0x10, 0x0c, 0x26, 0xd2, 0x14, 0x4c, 0x52, 0x18, 
    0x62, 0x51, 0x98, 0x25, 0xa0, 0x89, 0x81, 0x0a, 0xc0, 0x98, 0x09, 0xb1, 
    0x24, 0x64, 0x62, 0xa0, 0x02, 0x30, 0x66, 0x82, 0x2c, 0x09, 0x99, 0x18, 
    0xa8, 0x00, 0x8c, 0x99, 0x30, 0x4b, 0x42, 0x26, 0x46, 0x0c, 0x1a, 0x00, 
    0x04, 0xc1, 0xe0, 0x51, 0x4d, 0xc1, 0x25, 0x05, 0x58, 0x14, 0xf6, 0x52, 
    0x20, 0x45, 0x61, 0x14, 0x05, 0x96, 0x14, 0x58, 0x52, 0x60, 0x49, 0x81, 
    0x25, 0x85, 0xd1, 0x84, 0x00, 0x18, 0x4d, 0x10, 0x82, 0xd1, 0x84, 0x41, 
    0x18, 0x31, 0x30, 0x00, 0x10, 0x04, 0x03, 0x0e, 0x35, 0x85, 0x97, 0x14, 
    0x86, 0x11, 0x03, 0x03, 0x00, 0x41, 0x30, 0xe0, 0x52, 0x53, 0x80, 0x49, 
    0x61, 0x18, 0x31, 0x30, 0x00, 0x10, 0x04, 0x03, 0x4e, 0x35, 0x85, 0x98, 
    0x14, 0x86, 0x1a, 0x04, 0xad, 0x40, 0xd0, 0x59, 0x86, 0x9a, 0xb0, 0x89, 
    0x60, 0xc4, 0xe0, 0x00, 0x40, 0x10, 0x0c, 0xa6, 0xd8, 0x14, 0x64, 0x52, 
    0x40, 0x7a, 0x51, 0x18, 0x31, 0x38, 0x00, 0x10, 0x04, 0x83, 0x49, 0x36, 
    0x85, 0x99, 0x14, 0x10, 0x5f, 0x14, 0x46, 0x0c, 0x0e, 0x00, 0x04, 0xc1, 
    0x60, 0x9a, 0x4d, 0x81, 0x26, 0x05, 0xe4, 0x17, 0x85, 0x11, 0x83, 0x03, 
    0x00, 0x41, 0x30, 0x98, 0x68, 0x53, 0xb0, 0x49, 0x61, 0x10, 0x47, 0x61, 
    0xc4, 0xe0, 0x00, 0x40, 0x10, 0x0c, 0xa6, 0xda, 0x14, 0x6e, 0x52, 0x18, 
    0xc6, 0x51, 0x18, 0x31, 0x38, 0x00, 0x10, 0x04, 0x83, 0xc9, 0x36, 0x05, 
    0x9c, 0x14, 0x06, 0x72, 0x14, 0x66, 0x09, 0x6c, 0x62, 0xa0, 0x02, 0x30, 
    0x6a, 0xc2, 0x34, 0x09, 0x9a, 0x18, 0xa8, 0x00, 0x8c, 0x9a, 0x40, 0x4d, 
    0x82, 0x26, 0x06, 0x2a, 0x00, 0xa3, 0x26, 0x54, 0x93, 0xa0, 0x09, 0x1b, 
    0x2a, 0xf9, 0xd8, 0x50, 0xc9, 0xc7, 0x86, 0x4a, 0x3e, 0x23, 0x06, 0x07, 
    0x00, 0x82, 0x60, 0x30, 0xf5, 0xa6, 0xe0, 0x93, 0xc2, 0x90, 0x8e, 0xc2, 
    0x88, 0xc1, 0x01, 0x80, 0x20, 0x18, 0x4c, 0xbe, 0x29, 0xfc, 0xa4, 0x30, 
    0xa8, 0xa3, 0x30, 0x62, 0x70, 0x00, 0x20, 0x08, 0x06, 0xd3, 0x6f, 0x0a, 
    0x60, 0x29, 0x0c, 0xeb, 0x28, 0x8c, 0x18, 0x1c, 0x00, 0x08, 0x82, 0xc1, 
    0x04, 0x9e, 0x82, 0x58, 0x0a, 0x03, 0x3c, 0x0a, 0x23, 0x06, 0x07, 0x00, 
    0x82, 0x60, 0x30, 0x85, 0xa7, 0x30, 0x96, 0xc2, 0x10, 0x8f, 0xc2, 0x88, 
    0xc1, 0x01, 0x80, 0x20, 0x18, 0x4c, 0xe2, 0x29, 0x90, 0xa5, 0x30, 0xc8, 
    0xa3, 0x30, 0x62, 0xe0, 0x00, 0x20, 0x08, 0x06, 0x11, 0x79, 0x0a, 0x6b, 
    0x29, 0xb8, 0xa3, 0xf0, 0x8b, 0x82, 0x2f, 0x0a, 0x67, 0x29, 0x0c, 0x42, 
    0x20, 0x8f, 0x02, 0x69, 0x0a, 0xb3, 0x04, 0x63, 0x51, 0x2a, 0x11, 0x9b, 
    0x82, 0x0e, 0x37, 0x04, 0xb7, 0x29, 0x80, 0xc1, 0x88, 0x41, 0x03, 0x80, 
    0x20, 0x18, 0x3c, 0xe7, 0x29, 0xac, 0xa5, 0xa0, 0x8e, 0x02, 0x6e, 0x0a, 
    0xe1, 0x28, 0x80, 0xa3, 0x90, 0x96, 0x42, 0x5a, 0x0a, 0x69, 0x29, 0xa4, 
    0xa5, 0x30, 0x9a, 0x10, 0x00, 0xa3, 0x09, 0x42, 0x30, 0x9a, 0x30, 0x08, 
    0x23, 0x06, 0x06, 0x00, 0x82, 0x60, 0xc0, 0x95, 0xa7, 0xc0, 0x96, 0xc2, 
    0x30, 0x62, 0x60, 0x00, 0x20, 0x08, 0x06, 0x9c, 0x79, 0x0a, 0x6d, 0x29, 
    0x0c, 0x23, 0x06, 0x06, 0x00, 0x82, 0x60, 0xc0, 0x9d, 0xa7, 0xe0, 0x96, 
    0xc2, 0x50, 0x83, 0xa0, 0x15, 0x08, 0x3a, 0xcb, 0xd0, 0x13, 0x38, 0xa1, 
    0xcc, 0x32, 0xe4, 0x84, 0x4e, 0x04, 0x23, 0x06, 0x07, 0x00, 0x82, 0x60, 
    0x30, 0xb9, 0xa7, 0xf0, 0x96, 0x02, 0xa2, 0x8f, 0xc2, 0x88, 0xc1, 0x01, 
    0x80, 0x20, 0x18, 0x4c, 0xef, 0x29, 0xc0, 0xa5, 0x80, 0xec, 0xa3, 0x30, 
    0x62, 0x70, 0x00, 0x20, 0x08, 0x06, 0x13, 0x7c, 0x0a, 0x71, 0x29, 0x20, 
    0xfc, 0x28, 0x8c, 0x18, 0x1c, 0x00, 0x08, 0x82, 0xc1, 0x14, 0x9f, 0xc2, 
    0x5c, 0x0a, 0x83, 0x3f, 0x0a, 0x23, 0x06, 0x07, 0x00, 0x82, 0x60, 0x30, 
    0xc9, 0xa7, 0x40, 0x97, 0xc2, 0xf0, 0x8f, 0xc2, 0x88, 0xc1, 0x01, 0x80, 
    0x20, 0x18, 0x4c, 0xf3, 0x29, 0xd4, 0xa5, 0x30, 0x80, 0xa4, 0x30, 0x4b, 
    0xa0, 0x13, 0x03, 0x15, 0x80, 0x91, 0x13, 0x20, 0x4a, 0xe0, 0xc4, 0x40, 
    0x05, 0x60, 0xe4, 0x84, 0x88, 0x12, 0x38, 0x31, 0x50, 0x01, 0x18, 0x39, 
    0x41, 0xa2, 0x04, 0x4e, 0x8c, 0x18, 0x34, 0x00, 0x08, 0x82, 0xc1, 0x93, 
    0x9f, 0x42, 0x5f, 0x0a, 0xfe, 0x28, 0xa8, 0xa7, 0x30, 0x8f, 0x82, 0x3c, 
    0x0a, 0x7b, 0x29, 0xec, 0xa5, 0xb0, 0x97, 0xc2, 0x5e, 0x0a, 0xa3, 0x09, 
    0x01, 0x30, 0x9a, 0x20, 0x04, 0xa3, 0x09, 0x83, 0x30, 0x62, 0x60, 0x00, 
    0x20, 0x08, 0x06, 0xdc, 0x7d, 0x0a, 0x7e, 0x29, 0x0c, 0x23, 0x06, 0x06, 
    0x00, 0x82, 0x60, 0xc0, 0xe1, 0xa7, 0xf0, 0x97, 0xc2, 0x30, 0x62, 0x60, 
    0x00, 0x20, 0x08, 0x06, 0x5c, 0x7e, 0x0a, 0xa0, 0x29, 0x0c, 0x35, 0x08, 
    0x5a, 0x81, 0xa0, 0xb3, 0x0c, 0x3b, 0xc1, 0x13, 0xc1, 0x88, 0xc1, 0x01, 
    0x80, 0x20, 0x18, 0x4c, 0x20, 0x2a, 0x84, 0xa6, 0x80, 0xb0, 0xa4, 0x30, 
    0x62, 0x70, 0x00, 0x20, 0x08, 0x06, 0x53, 0x88, 0x0a, 0xa2, 0x29, 0x20, 
    0x2d, 0x29, 0x8c, 0x18, 0x1c, 0x00, 0x08, 0x82, 0xc1, 0x24, 0xa2, 0xc2, 
    0x68, 0x0a, 0x88, 0x4b, 0x0a, 0x23, 0x06, 0x07, 0x00, 0x82, 0x60, 0x30, 
    0x8d, 0xa8, 0x50, 0x9a, 0xc2, 0x00, 0x93, 0xc2, 0x88, 0xc1, 0x01, 0x80, 
    0x20, 0x18, 0x4c, 0x24, 0x2a, 0x98, 0xa6, 0x30, 0xc4, 0xa4, 0x30, 0x62, 
    0x70, 0x00, 0x20, 0x08, 0x06, 0x53, 0x89, 0x0a, 0xa7, 0x29, 0x0c, 0x32, 
    0x29, 0xcc, 0x12, 0xf0, 0xc4, 0x40, 0x05, 0x60, 0xec, 0x04, 0x99, 0x12, 
    0x3a, 0x31, 0x50, 0x01, 0x18, 0x3b, 0x61, 0xa6, 0x84, 0x4e, 0x0c, 0x54, 
    0x00, 0xc6, 0x4e, 0xa0, 0x29, 0xa1, 0x13, 0x36, 0x54, 0xf0, 0xb1, 0xa1, 
    0x82, 0x8f, 0x0d, 0x15, 0x7c, 0x46, 0x0c, 0x0e, 0x00, 0x04, 0xc1, 0x60, 
    0x62, 0x51, 0xa1, 0x35, 0x85, 0x01, 0x27, 0x85, 0x11, 0x83, 0x03, 0x00, 
    0x41, 0x30, 0x98, 0x5a, 0x54, 0x70, 0x4d, 0x61, 0xc8, 0x49, 0x61, 0xc4, 
    0xe0, 0x00, 0x40, 0x10, 0x0c, 0x26, 0x17, 0x15, 0x5e, 0x53, 0x18, 0x74, 
    0x52, 0x18, 0x31, 0x38, 0x00, 0x10, 0x04, 0x83, 0xe9, 0x45, 0x85, 0xd8, 
    0x14, 0x86, 0x9f, 0x14, 0x46, 0x0c, 0x0e, 0x00, 0x04, 0xc1, 0x60, 0x82, 
    0x51, 0x41, 0x36, 0x85, 0x01, 0x2c, 0x85, 0x11, 0x83, 0x03, 0x00, 0x41, 
    0x30, 0x98, 0x62, 0x54, 0x98, 0x4d, 0x61, 0x08, 0x4b, 0x61, 0xc4, 0xc0, 
    0x01, 0x40, 0x10, 0x0c, 0xa2, 0x19, 0x15, 0x74, 0x53, 0xe8, 0x49, 0xc1, 
    0x25, 0x85, 0x96, 0x14, 0x6c, 0x53, 0x18, 0x84, 0x20, 0x2c, 0x85, 0xf9, 
    0x14, 0x66, 0x09, 0xc6, 0x62, 0x96, 0xc1, 0x27, 0x7e, 0xa2, 0x0c, 0x46, 
    0x0c, 0x0e, 0x00, 0x04, 0xc1, 0x60, 0x92, 0x51, 0x61, 0x36, 0x05, 0x36, 
    0xf0, 0x49, 0x61, 0xc4, 0xe0, 0x00, 0x40, 0x10, 0x0c, 0xa6, 0x19, 0x15, 
    0x68, 0x53, 0x60, 0x83, 0x9f, 0x14, 0x46, 0x0c, 0x0e, 0x00, 0x04, 0xc1, 
    0x60, 0xa2, 0x51, 0xa1, 0x36, 0x05, 0x36, 0x00, 0x4b, 0x61, 0xc4, 0xe0, 
    0x00, 0x40, 0x10, 0x0c, 0xa6, 0x1a, 0x15, 0x6e, 0x53, 0x18, 0xc4, 0x52, 
    0x18, 0x31, 0x38, 0x00, 0x10, 0x04, 0x83, 0xc9, 0x46, 0x05, 0xdc, 0x14, 
    0x86, 0xb1, 0x14, 0x46, 0x0c, 0x0e, 0x00, 0x04, 0xc1, 0x60, 0xba, 0x51, 
    0x21, 0x37, 0x85, 0x81, 0x2c, 0x85, 0x59, 0x82, 0x9f, 0x18, 0xa8, 0x00, 
    0x0c, 0x9f, 0x40, 0x55, 0xa2, 0x27, 0x06, 0x2a, 0x00, 0xc3, 0x27, 0x54, 
    0x95, 0xe8, 0x89, 0x81, 0x0a, 0xc0, 0xf0, 0x09, 0x56, 0x25, 0x7a, 0x62, 
    0xc4, 0xe0, 0x00, 0x40, 0x10, 0x0c, 0xa6, 0x1d, 0x15, 0x78, 0x53, 0x18, 
    0xce, 0x52, 0x18, 0x31, 0x38, 0x00, 0x10, 0x04, 0x83, 0x89, 0x47, 0x85, 
    0xde, 0x14, 0x06, 0xb4, 0x14, 0x46, 0x0c, 0x0e, 0x00, 0x04, 0xc1, 0x60, 
    0xea, 0x51, 0xc1, 0x37, 0x85, 0x21, 0x2d, 0x85, 0x11, 0x83, 0x03, 0x00, 
    0x41, 0x30, 0x98, 0x7c, 0x54, 0x00, 0x4f, 0x61, 0x70, 0x4b, 0x61, 0xc4, 
    0xe0, 0x00, 0x40, 0x10, 0x0c, 0xa6, 0x1f, 0x15, 0xc2, 0x53, 0x18, 0xde, 
    0x52, 0x18, 0x31, 0x38, 0x00, 0x10, 0x04, 0x83, 0x09, 0x4c, 0x05, 0xf1, 
    0x14, 0x06, 0xb8, 0x14, 0x46, 0x0c, 0x1c, 0x00, 0x04, 0xc1, 0x20, 0x12, 
    0x53, 0x21, 0x3d, 0x05, 0xb6, 0x14, 0x7a, 0x52, 0xe0, 0x49, 0xa1, 0x3c, 
    0x85, 0x41, 0x08, 0xe0, 0x52, 0x10, 0x51, 0x61, 0x96, 0x60, 0x2c, 0x6c, 
    0x45, 0x6c, 0x2a, 0x3e, 0xb6, 0x22, 0x36, 0x15, 0x1f, 0x5b, 0x11, 0x9b, 
    0x8a, 0x8f, 0xb5, 0xc6, 0x20, 0x1f, 0x73, 0x8d, 0x41, 0x3e, 0xf6, 0x1a, 
    0x83, 0x7c, 0x6c, 0xe0, 0x29, 0xf8, 0xd8, 0xc0, 0x53, 0xf0, 0xb1, 0x81, 
    0xa7, 0xe0, 0x33, 0x62, 0x60, 0x00, 0x20, 0x08, 0x06, 0x9c, 0x99, 0x0a, 
    0xed, 0x29, 0x0c, 0x23, 0x06, 0x06, 0x00, 0x82, 0x60, 0xc0, 0x9d, 0xa9, 
    0xe0, 0x9e, 0xc2, 0x30, 0x62, 0x60, 0x00, 0x20, 0x08, 0x06, 0x1c, 0x9a, 
    0x0a, 0xef, 0x29, 0x0c, 0x35, 0x08, 0x5a, 0x81, 0xa0, 0xb3, 0x0c, 0x61, 
    0x21, 0x16, 0xc1, 0x88, 0xc1, 0x01, 0x80, 0x20, 0x18, 0x4c, 0x6f, 0x2a, 
    0xc0, 0xa7, 0x80, 0xec, 0xa5, 0x30, 0x62, 0x70, 0x00, 0x20, 0x08, 0x06, 
    0x13, 0x9c, 0x0a, 0xf1, 0x29, 0x20, 0x7c, 0x29, 0x8c, 0x18, 0x1c, 0x00, 
    0x08, 0x82, 0xc1, 0x14, 0xa7, 0x82, 0x7c, 0x0a, 0x48, 0x5f, 0x0a, 0x23, 
    0x06, 0x07, 0x00, 0x82, 0x60, 0x30, 0xc9, 0xa9, 0x40, 0x9f, 0xc2, 0xf0, 
    0x97, 0xc2, 0x88, 0xc1, 0x01, 0x80, 0x20, 0x18, 0x4c, 0x73, 0x2a, 0xd4, 
    0xa7, 0x30, 0x80, 0xa6, 0x30, 0x62, 0x70, 0x00, 0x20, 0x08, 0x06, 0x13, 
    0x9d, 0x0a, 0xf6, 0x29, 0x0c, 0xa1, 0x29, 0xcc, 0x12, 0x88, 0xc5, 0x40, 
    0x05, 0x60, 0x84, 0x85, 0xc8, 0x12, 0x60, 0x31, 0x50, 0x01, 0x18, 0x61, 
    0x41, 0xb2, 0x04, 0x58, 0x0c, 0x54, 0x00, 0x46, 0x58, 0x98, 0x2c, 0x01, 
    0x16, 0x23, 0x06, 0x07, 0x00, 0x82, 0x60, 0x30, 0xe1, 0xa9, 0x90, 0x9f, 
    0xc2, 0x40, 0x9a, 0xc2, 0x88, 0xc1, 0x01, 0x80, 0x20, 0x18, 0x4c, 0x79, 
    0x2a, 0xe8, 0xa7, 0x30, 0x94, 0xa6, 0x30, 0x62, 0x70, 0x00, 0x20, 0x08, 
    0x06, 0x93, 0x9e, 0x0a, 0xfb, 0x29, 0x0c, 0xa6, 0x29, 0x8c, 0x18, 0x1c, 
    0x00, 0x08, 0x82, 0xc1, 0xb4, 0xa7, 0x42, 0x7f, 0x0a, 0xc3, 0x6a, 0x0a, 
    0x23, 0x06, 0x07, 0x00, 0x82, 0x60, 0x30, 0xf1, 0xa9, 0xe0, 0x9f, 0xc2, 
    0xc0, 0x9a, 0xc2, 0x88, 0xc1, 0x01, 0x80, 0x20, 0x18, 0x4c, 0x7d, 0x2a, 
    0xfc, 0xa7, 0x30, 0xb4, 0xa6, 0x30, 0x62, 0xe0, 0x00, 0x20, 0x08, 0x06, 
    0xd1, 0x9f, 0x0a, 0x26, 0x2a, 0xa4, 0xa6, 0xa0, 0x97, 0x42, 0x5e, 0x0a, 
    0x22, 0x2a, 0x0c, 0x42, 0xd0, 0x9a, 0xc2, 0x8f, 0x0a, 0xb3, 0x04, 0x63, 
    0x81, 0x01, 0x31, 0x00, 0x09, 0x00, 0x00, 0x00, 0x5b, 0x06, 0x3c, 0x78, 
    0xd6, 0x60, 0xcb, 0xc0, 0x2f, 0xcf, 0x1a, 0x6c, 0x19, 0x40, 0xeb, 0x59, 
    0x83, 0x2d, 0x43, 0xfd, 0x3d, 0x6c, 0xb0, 0x65, 0xd8, 0xbf, 0xa7, 0x0d, 
    0xb6, 0x0c, 0x27, 0x29, 0x3c, 0x6e, 0x00, 0x00, 0x00, 0x00, 0x00, 0x00, 
    0x00, 0x00, 0x00, 0x00
};
